dep_tdb,tof_days,c3,vinf_in_x,vinf_in_y,vinf_in_z,vinf_out_x,vinf_out_y,vinf_out_z,arr_tdb,dep_idx,tof_idx
2035-04-01T00:01:09.186,180.0,53.76079772522844,4.977971819400865,-3.867207345375082,0.8695194700167583,5.817814594329751,0.4970960061170153,-4.434718326109868,2035-09-28T00:01:09.182,0,0
2035-04-01T00:01:09.186,190.0,107.84646622201291,4.47691694521641,-5.476126199225078,3.7691091275706743,5.349780951890591,3.305479863381265,-8.264388232747931,2035-10-08T00:01:09.182,0,1
2035-04-01T00:01:09.186,200.0,330.5282841892435,4.231941294842737,-0.30958705774907713,-14.291230823137642,4.539502090440814,-3.597798479320211,17.23302211053906,2035-10-18T00:01:09.182,0,2
2035-04-01T00:01:09.186,210.0,43.69233479806559,3.181009649317926,-0.9118796915662699,-4.1658359582597955,5.253238316519844,-2.5391265911302945,3.106228926226848,2035-10-28T00:01:09.182,0,3
2035-04-01T00:01:09.186,220.0,32.01120475127523,2.7388337671117036,-1.3498685928053007,-2.7729986181817097,5.2203396745807895,-1.8404843592026694,1.1712710005815516,2035-11-07T00:01:09.183,0,4
2035-04-01T00:01:09.186,230.0,29.707554975120093,2.3869506615210643,-1.599523285995339,-2.258458416284368,5.2215635183319185,-1.5053180302545996,0.4205318381950409,2035-11-17T00:01:09.183,0,5
2035-04-01T00:01:09.186,240.0,29.475851314908603,2.1139702347108535,-1.811322989635375,-2.0212803080465678,5.2714262075897205,-1.2990270503757984,0.02111338998861001,2035-11-27T00:01:09.183,0,6
2035-04-01T00:01:09.186,250.0,30.194140567793294,1.917378730106643,-2.020980407623224,-1.9121391483791044,5.368225473410175,-1.1509343869146456,-0.22725728028120074,2035-12-07T00:01:09.183,0,7
2035-04-01T00:01:09.186,260.0,31.57041777404666,1.7949124927542428,-2.2362587361402664,-1.8740420903756076,5.508935174410131,-1.0319828876725978,-0.39631091045340305,2035-12-17T00:01:09.183,0,8
2035-04-01T00:01:09.186,270.0,33.513314810406804,1.743901679710202,-2.456182130034973,-1.879166380092843,5.690778595845164,-0.9274995428079862,-0.5177821757924104,2035-12-27T00:01:09.184,0,9
2035-04-01T00:01:09.186,280.0,36.001861219939066,1.761318092542048,-2.676791283853184,-1.9115074967218177,5.911477950529625,-0.8288742573171817,-0.6076653074662204,2036-01-06T00:01:09.184,0,10
2035-04-01T00:01:09.186,290.0,39.048806482706524,1.843926276786295,-2.893225091846352,-1.96074215313077,6.169282461000372,-0.7304067851140381,-0.6747342642545213,2036-01-16T00:01:09.184,0,11
2035-04-01T00:01:09.186,300.0,42.68829551474727,1.9884484665752389,-3.100530067452901,-2.0196429266216387,6.462952920296623,-0.6279084551078711,-0.7240621774272284,2036-01-26T00:01:09.185,0,12
2035-04-01T00:01:09.186,310.0,46.97161218041252,2.1916860531581044,-3.293971071438035,-2.082834585615585,6.791740621861984,-0.5179981026712923,-0.7586497685963192,2036-02-05T00:01:09.185,0,13
2035-04-01T00:01:09.186,320.0,51.96629686147159,2.450631002800314,-3.4691330478713134,-2.1461346279350177,7.155372113768116,-0.39770396437342015,-0.7802424826314365,2036-02-15T00:01:09.185,0,14
2035-04-01T00:01:09.186,330.0,57.75709229272852,2.7625636277163252,-3.6219043097054273,-2.2061597917743683,7.554042535851402,-0.26421019031274895,-0.7897636574388205,2036-02-25T00:01:09.185,0,15
2035-04-01T00:01:09.186,340.0,64.44820605899945,3.12513025898987,-3.7483984659783283,-2.2600673911996716,7.988417914028553,-0.11467340573385343,-0.7875501887781748,2036-03-06T00:01:09.185,0,16
2035-04-01T00:01:09.186,350.0,72.16679887619806,3.5364067971011472,-3.844839865588575,-2.305369094539896,8.459646674175037,0.053929298627966915,-0.7734782835133682,2036-03-16T00:01:09.186,0,17
2035-04-01T00:01:09.186,360.0,81.06782807175883,3.9949473285987622,-3.9074231956756704,-2.339782800384053,8.969380582937958,0.2449438024751025,-0.7470224653940463,2036-03-26T00:01:09.186,0,18
2035-04-01T00:01:09.186,370.0,91.34053780995797,4.499818293263676,-3.9321535699018137,-2.3611057468956074,9.519805065474873,0.46218980830209944,-0.7072693308906945,2036-04-05T00:01:09.186,0,19
2035-04-01T00:01:09.186,380.0,103.21706254609249,5.0506352757980935,-3.914663746905381,-2.367097837068423,10.113678880589035,0.7101329738009916,-0.6528960146458029,2036-04-15T00:01:09.186,0,20
2035-04-01T00:01:09.186,390.0,116.98380742290183,5.64759213160821,-3.8499760996871357,-2.35534994699747,10.754381798762687,0.9940925656437756,-0.58211641471053,2036-04-25T00:01:09.186,0,21
2035-04-01T00:01:09.186,400.0,132.99650100730554,6.291452810671043,-3.7322275166345804,-2.323141840088279,11.445965740464512,1.3205002728377657,-0.49259344783865977,2036-05-05T00:01:09.185,0,22
2035-04-01T00:01:09.186,410.0,151.7002174959348,6.98353517596192,-3.55433849047569,-2.2672819446703336,12.193204121104635,1.6972307976893823,-0.38131139031819394,2036-05-15T00:01:09.185,0,23
2035-04-01T00:01:09.186,420.0,173.65614346886343,7.7256599272444415,-3.3075881479202653,-2.1839064101270464,13.001627805780796,2.1340307964695135,-0.24439809436812787,2036-05-25T00:01:09.185,0,24
2035-04-04T00:01:09.186,180.0,48.54009159280791,4.930927835731467,-3.5029745039941,0.6225892614840252,5.745581345148816,0.4634319101329467,-3.9132617423009624,2035-10-01T00:01:09.182,1,0
2035-04-04T00:01:09.186,190.0,77.60103372044263,4.387691413973141,-4.4626112105260916,2.698532227574926,5.34155163622111,2.307598398701753,-6.613913324827845,2035-10-11T00:01:09.182,1,1
2035-04-04T00:01:09.186,200.0,970.1489294411613,6.088947571844978,-4.043093104858244,-23.996419994206644,1.7466585655680138,2.0068593352661743,31.033379269827257,2035-10-21T00:01:09.182,1,2
2035-04-04T00:01:09.186,210.0,45.700809924831894,3.17584248812972,-0.7244532415999281,-4.409625184477447,5.176610688967751,-2.4654374062210174,3.5812190795458063,2035-10-31T00:01:09.183,1,3
2035-04-04T00:01:09.186,220.0,31.12206125094253,2.731251233378252,-1.252509276508146,-2.764958023578056,5.1689558346720315,-1.6631716614842738,1.27977218855081,2035-11-10T00:01:09.183,1,4
2035-04-04T00:01:09.186,230.0,28.716823517862732,2.3897979144642587,-1.5289602249186593,-2.2130819557029273,5.176040017262581,-1.305584144016418,0.46998223418766116,2035-11-20T00:01:09.183,1,5
2035-04-04T00:01:09.186,240.0,28.529986200009745,2.1286961135460487,-1.7518551800891622,-1.9683247083497308,5.228365855038126,-1.0912660449949563,0.05757694783727807,2035-11-30T00:01:09.183,1,6
2035-04-04T00:01:09.186,250.0,29.279156187347088,1.9438373741968178,-1.9656019929880184,-1.857734702912376,5.325670879806008,-0.937914667758406,-0.19157751260788913,2035-12-10T00:01:09.183,1,7
2035-04-04T00:01:09.186,260.0,30.65727826082633,1.8322610657109024,-2.180504554293403,-1.8190592841238553,5.465149552199012,-0.8135982513697897,-0.35703853894683135,2035-12-20T00:01:09.184,1,8
2035-04-04T00:01:09.186,270.0,32.57273415742093,1.7908232501752224,-2.3966775545692105,-1.8230097710555082,5.644030843232736,-0.7028216725082821,-0.472960563589778,2035-12-30T00:01:09.184,1,9
2035-04-04T00:01:09.186,280.0,35.00492826078298,1.8161302834968573,-2.610808902880004,-1.8531738858948774,5.859983278299133,-0.5967637264295966,-0.5562349266770266,2036-01-09T00:01:09.184,1,10
2035-04-04T00:01:09.186,290.0,37.965774926081664,1.9046604190440988,-2.818515416989655,-1.8991705461863186,6.111176003671343,-0.48972224608819204,-0.6160153406527762,2036-01-19T00:01:09.184,1,11
2035-04-04T00:01:09.186,300.0,41.48721757753186,2.052902337858921,-3.015237648409281,-1.9538377427936067,6.396269931076498,-0.3775839540655106,-0.6575552478467213,2036-01-29T00:01:09.185,1,12
2035-04-04T00:01:09.186,310.0,45.61699668448219,2.257461453659168,-3.196590949691296,-2.011912367933788,6.71439647094873,-0.25707296488863207,-0.6839519033651431,2036-02-08T00:01:09.185,1,13
2035-04-04T00:01:09.186,320.0,50.417733120736216,2.5151618789411323,-3.358479849807071,-2.069337990515126,7.0651398117056186,-0.12533542862612634,-0.6970104677260025,2036-02-18T00:01:09.185,1,14
2035-04-04T00:01:09.186,330.0,55.96774075863175,2.8231312440662144,-3.4970897164346977,-2.1228584349222515,7.448526369622362,0.020318880135967277,-0.6976982318897473,2036-02-28T00:01:09.185,1,15
2035-04-04T00:01:09.186,340.0,62.36305064106304,3.178867973285488,-3.6088151056612414,-2.169754958964122,7.86502229375567,0.18259915163161722,-0.6863909306020499,2036-03-09T00:01:09.185,1,16
2035-04-04T00:01:09.186,350.0,69.72054480999857,3.5802931021261735,-3.690153163286979,-2.207659401973986,8.315539398302166,0.3643813918552503,-0.6630049219671488,2036-03-19T00:01:09.186,1,17
2035-04-04T00:01:09.186,360.0,78.18230641492576,4.025788203709727,-3.737573924137357,-2.234409172377634,8.801449651085617,0.5688451447837295,-0.6270611258773737,2036-03-29T00:01:09.186,1,18
2035-04-04T00:01:09.186,370.0,87.92144263861286,4.514221461450987,-3.747373561638218,-2.2479258413612193,9.324608139055599,0.799615048543469,-0.5777036141602085,2036-04-08T00:01:09.186,1,19
2035-04-04T00:01:09.186,380.0,99.14979808553801,5.044980821826126,-3.7155024505750793,-2.246102403252282,9.887384611054577,1.060920688624261,-0.5136836877575224,2036-04-18T00:01:09.186,1,20
2035-04-04T00:01:09.186,390.0,112.12813562986442,5.617987254255475,-3.6373437053838247,-2.226677977063175,10.492701643842247,1.3577877018080677,-0.4333132815797107,2036-04-28T00:01:09.186,1,21
2035-04-04T00:01:09.186,400.0,127.17958873641949,6.233682276636797,-3.5074673533928937,-2.187109403108734,11.144075881659335,1.6962744304978585,-0.3343868069726579,2036-05-08T00:01:09.185,1,22
2035-04-04T00:01:09.186,410.0,144.70755290229462,6.893010418904094,-3.31932912361985,-2.1244239169343553,11.845658207257673,2.0837730390286104,-0.21406648719736054,2036-05-18T00:01:09.185,1,23
2035-04-04T00:01:09.186,420.0,165.21960752070063,7.597370196359673,-3.0648859640741737,-2.035037117413655,12.602262732025066,2.52939889996777,-0.06872232937411304,2036-05-28T00:01:09.185,1,24
2035-04-07T00:01:09.186,180.0,44.252452327279585,4.877375888995911,-3.1781425835889188,0.42055863453991904,5.661283582048683,0.4611388706265771,-3.4626104997390144,2035-10-04T00:01:09.182,2,0
2035-04-07T00:01:09.186,190.0,60.477622160404636,4.308233710234451,-3.7662239290618302,1.947555074724745,5.304447354828203,1.731240658257704,-5.4169425143208,2035-10-14T00:01:09.182,2,1
2035-04-07T00:01:09.186,200.0,1110.764111686501,7.473560557013297,-21.189860973064462,12.44032718245641,0.010294767220535128,26.59659820917739,-20.084445957104492,2035-10-24T00:01:09.182,2,2
2035-04-07T00:01:09.186,210.0,49.45164580769311,3.177072883641957,-0.5129871688374763,-4.76567718040975,5.074195855507866,-2.44390950179708,4.210877411498209,2035-11-03T00:01:09.183,2,3
2035-04-07T00:01:09.186,220.0,30.23579497228326,2.7216601099258693,-1.1568993852572582,-2.760525901464918,5.104766922343901,-1.4993337530390853,1.3889377012035364,2035-11-13T00:01:09.183,2,4
2035-04-07T00:01:09.186,230.0,27.698416999359473,2.390596602858208,-1.4619617610296913,-2.1645837729554884,5.117980037156221,-1.1151920510015607,0.5109246793929696,2035-11-23T00:01:09.183,2,5
2035-04-07T00:01:09.186,240.0,27.558628892784824,2.1414202942019074,-1.6954080183187799,-1.911897952888169,5.172517235651013,-0.8924064671902201,0.08546950915441087,2035-12-03T00:01:09.183,2,6
2035-04-07T00:01:09.186,250.0,28.338434963445515,1.9681729066213176,-1.9124842078884967,-1.8001975629545903,5.270002275311163,-0.7339880182401828,-0.16362325855613769,2035-12-13T00:01:09.183,2,7
2035-04-07T00:01:09.186,260.0,29.716367871009545,1.8672159227497147,-2.1263657676121905,-1.7613037197754124,5.407892040615866,-0.6046663575404949,-0.32473087951690616,2035-12-23T00:01:09.184,2,8
2035-04-07T00:01:09.186,270.0,31.6017584311964,1.834969832683143,-2.3383188299014677,-1.764392309038553,5.583434201158895,-0.48804513764228474,-0.43454907219927996,2036-01-02T00:01:09.184,2,9
2035-04-07T00:01:09.186,280.0,33.975064365723064,1.867713452091568,-2.5456861092021725,-1.7926609249416074,5.794256169640554,-0.3750853160259595,-0.5108530238798075,2036-01-12T00:01:09.184,2,10
2035-04-07T00:01:09.186,290.0,36.847794605167145,1.9616732175831508,-2.7445559779448754,-1.8356945631033703,6.038461190940491,-0.260089765257117,-0.5631468411357652,2036-01-22T00:01:09.184,2,11
2035-04-07T00:01:09.186,300.0,40.25004637059606,2.113134237071314,-2.930754836954687,-1.8864162153798034,6.31462589653083,-0.13902883667999788,-0.596839291626873,2036-02-01T00:01:09.185,2,12
2035-04-07T00:01:09.186,310.0,44.226387669025634,2.3185346563876656,-3.1002392224583915,-1.9396880534763832,6.621778936838129,-0.008738852646061446,-0.6151056926471838,2036-02-11T00:01:09.185,2,13
2035-04-07T00:01:09.186,320.0,48.834956801134794,2.5745576143090183,-3.249223964337647,-1.9915883638157084,6.959380892325959,0.13351077763439534,-0.6197977645317714,2036-02-21T00:01:09.185,2,14
2035-04-07T00:01:09.186,330.0,54.14818039642407,2.878204648991968,-3.374180740456843,-2.038993215015093,7.327310184111316,0.2902807378696721,-0.6119174417063906,2036-03-02T00:01:09.185,2,15
2035-04-07T00:01:09.186,340.0,60.25459826332055,3.2268513642268246,-3.4717739435425843,-2.079309890043966,7.72585632110141,0.46414346098054793,-0.5918726354942727,2036-03-12T00:01:09.186,2,16
2035-04-07T00:01:09.186,350.0,67.26168876281461,3.618289899091838,-3.5387625993140035,-2.110291336320538,8.15572091571984,0.6578269272345878,-0.5596149046528733,2036-03-22T00:01:09.186,2,17
2035-04-07T00:01:09.186,360.0,75.29978406420283,4.050756668911049,-3.571879098649647,-2.1298936217512203,8.618026512987509,0.8743450227603304,-0.5147075546574147,2036-04-01T00:01:09.186,2,18
2035-04-07T00:01:09.186,370.0,84.52730360553842,4.522952126158586,-3.567696365618736,-2.1361601159978454,9.114333178070599,1.1171304804840716,-0.45634834746426023,2036-04-11T00:01:09.186,2,19
2035-04-07T00:01:09.186,380.0,95.13767793651994,5.034069981866864,-3.522462400970367,-2.1271115435710035,9.64666284887275,1.390183487469816,-0.38335843262469105,2036-04-21T00:01:09.186,2,20
2035-04-07T00:01:09.186,390.0,107.36846313968499,5.583794209315652,-3.4318972940520336,-2.100627915238683,10.217528981232743,1.6982476587892315,-0.2941420520273823,2036-05-01T00:01:09.185,2,21
2035-04-07T00:01:09.186,400.0,121.51337567936783,6.172285310384233,-3.2909733845542686,-2.0543320994756846,10.829969122474605,2.0470267834194225,-0.18661680947331938,2036-05-11T00:01:09.185,2,22
2035-04-07T00:01:09.186,410.0,137.93828986493187,6.800161663654928,-3.0936392090941407,-1.9854542846800323,11.487576702604219,2.443459543989391,-0.05811044315627356,2036-05-21T00:01:09.185,2,23
2035-04-07T00:01:09.186,420.0,157.1026237488627,7.468450130574087,-2.8324704084341903,-1.890665525467683,12.194523257891934,2.8960736063763477,0.0947835853177672,2036-05-31T00:01:09.185,2,24
2035-04-10T00:01:09.186,180.0,40.653248085155745,4.818138884751885,-2.884813125819413,0.2532586309416356,5.568046309174029,0.47597273729279976,-3.0697814803994135,2035-10-07T00:01:09.182,3,0
2035-04-10T00:01:09.186,190.0,49.77379507908877,4.2339198216104235,-3.247565781419084,1.3980231043604903,5.2475165019456735,1.3785498553132882,-4.509652529553948,2035-10-17T00:01:09.182,3,1
2035-04-10T00:01:09.186,200.0,298.7926664306485,4.7290954227320965,-9.021588722905644,8.037567562047668,3.6387477579347784,9.779220780612487,-13.78111106220431,2035-10-27T00:01:09.182,3,2
2035-04-10T00:01:09.186,210.0,56.80944052412947,3.194714466037329,-0.26100307604766115,-5.320985564924225,4.935418410045774,-2.501395723007331,5.118017690359359,2035-11-06T00:01:09.183,3,3
2035-04-10T00:01:09.186,220.0,29.39377916771011,2.7102313293430633,-1.0626256400068286,-2.761155053888471,5.031389775177635,-1.3527387637048776,1.4996646075433873,2035-11-16T00:01:09.183,3,4
2035-04-10T00:01:09.186,230.0,26.68429220795257,2.389405750490104,-1.3988855653686585,-2.1124939922228956,5.051091319870727,-0.936817179259485,0.5414261343188649,2035-11-26T00:01:09.183,3,5
2035-04-10T00:01:09.186,240.0,26.59508965816448,2.152189947166116,-1.6423228708002426,-1.8516522893283005,5.107562377236176,-0.7051868543735154,0.1029937921663393,2035-12-06T00:01:09.183,3,6
2035-04-10T00:01:09.186,250.0,27.40578840261786,1.9904226667548084,-1.8619260389405152,-1.7393446556087317,5.204901334307696,-0.5420051044660106,-0.14498610096355335,2035-12-16T00:01:09.183,3,7
2035-04-10T00:01:09.186,260.0,28.781875142057544,1.8998121951744977,-2.0741212437385546,-1.7007057416859555,5.340861772588976,-0.4081207459815026,-0.30084568279233714,2035-12-26T00:01:09.184,3,8
2035-04-10T00:01:09.186,270.0,30.635097093704562,1.8763836791408366,-2.2813804378211167,-1.7033202235659637,5.5127176279227506,-0.28615996988921566,-0.40392316116722427,2036-01-05T00:01:09.184,3,9
2035-04-10T00:01:09.186,280.0,32.9476930968136,1.9161271221306357,-2.4817013927101286,-1.7300273242107211,5.71806506852983,-0.16686612376215848,-0.4728431723237083,2036-01-15T00:01:09.184,3,10
2035-04-10T00:01:09.186,290.0,35.73118257643137,2.015050582229513,-2.671630914083762,-1.7704100605790627,5.9549539079349465,-0.044558503040288855,-0.5174176945258964,2036-01-25T00:01:09.185,3,11
2035-04-10T00:01:09.186,300.0,39.01414129517741,2.169263722415508,-2.847369372021763,-1.8174999995990464,6.221890805920694,0.08469838874816915,-0.5431779425937808,2036-02-04T00:01:09.185,3,12
2035-04-10T00:01:09.186,310.0,42.83829854389412,2.3750648820610856,-3.0052032465378935,-1.866300663247789,6.517817518339337,0.2239481428402037,-0.5533539290918519,2036-02-14T00:01:09.185,3,13
2035-04-10T00:01:09.186,320.0,47.257704015567555,2.629022015522658,-3.1416451268671013,-1.9130347764172182,6.842088394442364,0.3757925751195046,-0.549827571780213,2036-02-24T00:01:09.185,3,14
2035-04-10T00:01:09.186,330.0,52.3393877662622,2.92803384953757,-3.253441051640059,-1.9547159005038868,7.194453021461516,0.5426592064574827,-0.5336239067849089,2036-03-05T00:01:09.185,3,15
2035-04-10T00:01:09.186,340.0,58.16502077614809,3.2693768135703607,-3.33751396073768,-1.9888806231641154,7.575045668703673,0.7269817100380358,-0.5051747088601939,2036-03-15T00:01:09.186,3,16
2035-04-10T00:01:09.186,350.0,64.83347251011074,3.65073782788879,-3.390871808887499,-2.013403634366526,7.984381969735352,0.9313396344582117,-0.464460500756525,2036-03-25T00:01:09.186,3,17
2035-04-10T00:01:09.186,360.0,72.46434264132793,4.0702317645866195,-3.4104971337693892,-2.0263589121408963,8.423362782871187,1.158582632122073,-0.4110819310229932,2036-04-04T00:01:09.186,3,18
2035-04-10T00:01:09.186,370.0,81.20267393686768,4.526420469772091,-3.39322468487269,-2.02590961023154,8.893285287134546,1.4119553823345754,-0.3442858358984875,2036-04-14T00:01:09.186,3,19
2035-04-10T00:01:09.186,380.0,91.22517287271906,5.0183316317270865,-3.3355798056285835,-2.0101984986621586,9.3958608704039,1.6952357705015366,-0.2629582840375413,2036-04-24T00:01:09.186,3,20
2035-04-10T00:01:09.186,390.0,102.74837680158306,5.5454439013085715,-3.2335983907155157,-1.9772400085353032,9.93323726086263,2.012897005630151,-0.16558975124843478,2036-05-04T00:01:09.185,3,21
2035-04-10T00:01:09.186,400.0,116.03943164309611,6.107674694915925,-3.082625891227483,-1.9248133973334145,10.508023495927915,2.3703064211226526,-0.0502127683732585,2036-05-14T00:01:09.185,3,22
2035-04-10T00:01:09.186,410.0,131.43040499162268,6.705357247230868,-2.877063897291766,-1.8503366868578466,11.123314098270964,2.7739764730919525,0.08569124553548413,2036-05-24T00:01:09.185,3,23
2035-04-10T00:01:09.186,420.0,149.3374116141562,7.3391912765297285,-2.610054535563423,-1.7507154109702414,11.782704840844737,3.2318872276137434,0.2453226358845626,2036-06-03T00:01:09.185,3,24
2035-04-13T00:01:09.186,180.0,37.60721706342728,4.753933998208833,-2.6174940587562467,0.11330246991110648,5.471160768958708,0.5005203301958758,-2.724535979335757,2035-10-10T00:01:09.182,4,0
2035-04-13T00:01:09.186,190.0,42.58318654580925,4.162161150277607,-2.8385688096690984,0.9821402973851239,5.179714566499353,1.1547549487352882,-3.79740497758338,2035-10-20T00:01:09.182,4,1
2035-04-13T00:01:09.186,200.0,124.94549603974868,4.021733839098206,-5.331171564359195,4.727469576069005,4.461658098292476,4.885333508508872,-9.009584871920028,2035-10-30T00:01:09.182,4,2
2035-04-13T00:01:09.186,210.0,73.00635694167784,3.257630268967148,0.06115563742736185,-6.28115059648017,4.724401180496541,-2.6803151716602898,6.5956274157936186,2035-11-09T00:01:09.183,4,3
2035-04-13T00:01:09.186,220.0,28.650613794706732,2.6972441732758075,-0.9689586331854088,-2.76896672658728,4.954202990455457,-1.2241163152397512,1.614938317965363,2035-11-19T00:01:09.183,4,4
2035-04-13T00:01:09.186,230.0,25.71561592747215,2.386348759277258,-1.340105252554146,-2.056135090139022,4.98089318655601,-0.769610961401689,0.560373054029581,2035-11-29T00:01:09.183,4,5
2035-04-13T00:01:09.186,240.0,25.68297966043531,2.161115189698748,-1.5929245644731367,-1.787106789482909,5.038981717961811,-0.5288668233667231,0.10928307107663215,2035-12-09T00:01:09.183,4,6
2035-04-13T00:01:09.186,250.0,26.526016916940666,2.0106825593604594,-1.8141838590875672,-1.6749093561301835,5.135840986210109,-0.36137240518963765,-0.13625074705298879,2035-12-19T00:01:09.184,4,7
2035-04-13T00:01:09.186,260.0,27.899698796934484,1.9301370003570533,-2.023991661694664,-1.6371351190582333,5.269542853065449,-0.22346857869379733,-0.28579487570266693,2035-12-29T00:01:09.184,4,8
2035-04-13T00:01:09.186,270.0,29.720009186938256,1.9151522293328505,-2.2260703446566197,-1.6397505926145444,5.437388271410146,-0.09673875702577561,-0.38139164353554555,2036-01-08T00:01:09.184,4,9
2035-04-13T00:01:09.186,280.0,31.97175632209136,1.9614697172611884,-2.4190599390955505,-1.6652881083906985,5.636949024708368,0.028279705346154316,-0.44245030590595213,2036-01-18T00:01:09.184,4,10
2035-04-13T00:01:09.186,290.0,34.666873482135735,2.0649092598786503,-2.5999462690553683,-1.7033712527494957,5.866232243801214,0.1572330703293332,-0.4790307980887203,2036-01-28T00:01:09.185,4,11
2035-04-13T00:01:09.186,300.0,37.832711063445494,2.221433284202419,-2.765288340959631,-1.7471705128827395,6.123687663732284,0.2939487174518227,-0.49674401053959727,2036-02-07T00:01:09.185,4,12
2035-04-13T00:01:09.186,310.0,41.50846031229908,2.4272265403928834,-2.9116867871421257,-1.7918494081471041,6.408184768208994,0.44134063155750525,-0.4988454026346716,2036-02-17T00:01:09.185,4,13
2035-04-13T00:01:09.186,320.0,45.74444053303899,2.678764501015859,-3.0359379852896815,-1.8337861473083308,6.718987720556196,0.60187571089212,-0.4872270237703855,2036-02-27T00:01:09.185,4,14
2035-04-13T00:01:09.186,330.0,50.60273544006831,2.9728655207225003,-3.135049495548202,-1.8701388159727412,7.055734933417622,0.7778446441084732,-0.4629229947305511,2036-03-08T00:01:09.185,4,15
2035-04-13T00:01:09.186,340.0,56.15872106992821,3.306728264233577,-3.206189268966983,-1.898576442368694,7.418425097583555,0.9715406256977488,-0.42637888560464887,2036-03-18T00:01:09.186,4,16
2035-04-13T00:01:09.186,350.0,62.503391495652544,3.6779546832785286,-3.2466018109051986,-1.9170964669017732,7.80741003176124,1.185394816534906,-0.37759663735086413,2036-03-28T00:01:09.186,4,17
2035-04-13T00:01:09.186,360.0,69.74655305041388,4.084561113649187,-3.25350749098578,-1.9238911354843138,8.223394217145312,1.4220945756300871,-0.3162081874309983,2036-04-07T00:01:09.186,4,18
2035-04-13T00:01:09.186,370.0,78.02107706580485,4.524996148142751,-3.2239859049540938,-1.917240158982343,8.667441141405774,1.6847008399029022,-0.24150404986638563,2036-04-17T00:01:09.186,4,19
2035-04-13T00:01:09.186,380.0,87.488493027492,4.9981453083634975,-3.154822288486029,-1.895403861275562,9.140985332156895,1.9767765078934012,-0.15242973012265537,2036-04-27T00:01:09.186,4,20
2035-04-13T00:01:09.186,390.0,98.34631611202569,5.503311797733264,-3.042347467397974,-1.8565255198911879,9.645847975170074,2.30253586722284,-0.04755556839553243,2036-05-07T00:01:09.185,4,21
2035-04-13T00:01:09.186,400.0,110.8377091913051,6.04020250916181,-2.88225211610483,-1.7985311225941354,10.184255177250979,2.6670271457769523,0.07497919465144243,2036-05-17T00:01:09.185,4,22
2035-04-13T00:01:09.186,410.0,125.26429853516977,6.608901892558478,-2.66935563143112,-1.7190135163953073,10.758855253559911,3.0763621113977955,0.2175507473491205,2036-05-27T00:01:09.185,4,23
2035-04-13T00:01:09.186,420.0,142.00328689517664,7.209823011152693,-2.3973182840490086,-1.6150940107387397,11.372728437890874,3.5380101910562765,0.38316923303783845,2036-06-06T00:01:09.185,4,24
2035-04-16T00:01:09.186,180.0,35.00575524718384,4.685436607729796,-2.3721673057551307,-0.004855013875355141,5.373603766901121,0.5334180466835079,-2.4177681838841103,2035-10-13T00:01:09.182,5,0
2035-04-16T00:01:09.186,190.0,37.477245699728606,4.091551249944075,-2.50242418710263,0.6587909334337319,5.106299774873031,1.01273117972654,-3.221385395520059,2035-10-23T00:01:09.182,5,1
2035-04-16T00:01:09.186,200.0,71.46005642562373,3.7493231534323446,-3.7910999486972514,2.92430555496291,4.685872446589288,3.0049815078800854,-6.361819077686647,2035-11-02T00:01:09.183,5,2
2035-04-16T00:01:09.186,210.0,118.33299896683064,3.480981345351406,0.49260865183303437,-8.267172020559467,4.278506775449147,-3.0335391639695644,9.530216098280732,2035-11-12T00:01:09.183,5,3
2035-04-16T00:01:09.186,220.0,28.03948723389051,2.6830974048027922,-0.8746624422638938,-2.7872054206259484,4.875957597509251,-1.1109361416989536,1.740788795417,2035-11-22T00:01:09.183,5,4
2035-04-16T00:01:09.186,230.0,24.804355882883648,2.3815942566363457,-1.2860417043521934,-1.9944923073240606,4.910370235922672,-0.6086638250666283,0.5675811634503294,2035-12-02T00:01:09.183,5,5
2035-04-16T00:01:09.186,240.0,24.837587064508345,2.168352928484273,-1.547530368861409,-1.7175714167066216,4.969704692934458,-0.35872472371462294,0.10458920656277293,2035-12-12T00:01:09.183,5,6
2035-04-16T00:01:09.186,250.0,25.715565848305534,2.0290890003414574,-1.7694689483244463,-1.606489465953473,5.065735662291354,-0.18756870227949562,-0.13676998947244634,2035-12-22T00:01:09.184,5,7
2035-04-16T00:01:09.186,260.0,27.087113315182425,1.9583106174418177,-1.9761336418985476,-1.5703610597638367,5.196854137427794,-0.04631689152870422,-0.27870259245505125,2036-01-01T00:01:09.184,5,8
2035-04-16T00:01:09.186,270.0,28.874739532005336,1.951389503320172,-2.1725202826029424,-1.5735571365264258,5.360380374488402,0.08453104841431625,-0.3659457263842434,2036-01-11T00:01:09.184,5,9
2035-04-16T00:01:09.186,280.0,31.06669299892873,2.0038572658246316,-2.357882782648625,-1.5983832700315759,5.553865400718193,0.2146142514439191,-0.41858431971496657,2036-01-21T00:01:09.184,5,10
2035-04-16T00:01:09.186,290.0,33.67572170220097,2.111375231632586,-2.529619432295201,-1.6345626510046523,5.775282765046738,0.349516846729955,-0.4468429923440844,2036-01-31T00:01:09.185,5,11
2035-04-16T00:01:09.186,300.0,36.728226641960745,2.2697859635713193,-2.6846256818818146,-1.6754420944375747,6.023037111319619,0.49293914849685194,-0.4563568707782988,2036-02-10T00:01:09.185,5,12
2035-04-16T00:01:09.186,310.0,40.26113753374407,2.4751839916461513,-2.8197980660818103,-1.7163677123079124,6.295939089703291,0.64765350033856,-0.4503703542523425,2036-02-20T00:01:09.185,5,13
2035-04-16T00:01:09.186,320.0,44.3213747630082,2.723974487740879,-2.9322007385723796,-1.7538872378721975,6.593177444327766,0.815984550095866,-0.4307611456719709,2036-03-01T00:01:09.185,5,14
2035-04-16T00:01:09.186,330.0,48.96649475549912,3.0129155147169797,-3.0190874675250168,-1.7853108262674535,6.914295635269697,1.0000820298807582,-0.39855558846804406,2036-03-11T00:01:09.185,5,15
2035-04-16T00:01:09.186,340.0,54.26611378745199,3.3391466730342465,-3.077858043259598,-1.8084441248316039,7.259174779585392,1.2020968891740935,-0.3542010388484744,2036-03-21T00:01:09.186,5,16
2035-04-16T00:01:09.186,350.0,60.30403391557741,3.700204233133512,-3.1059803742270624,-1.8214094145047899,7.628023108740075,1.4243121076145648,-0.2977119215069539,2036-03-31T00:01:09.186,5,17
2035-04-16T00:01:09.186,360.0,67.18114123186545,4.094026640583639,-3.1008993042579105,-1.822517093710793,8.021371775095416,1.6692549493991535,-0.22874438020308396,2036-04-10T00:01:09.186,5,18
2035-04-16T00:01:09.186,370.0,75.01925107537625,4.518970772643421,-3.0599230992399438,-1.8101606713226381,8.440077020902217,1.9398071140901578,-0.14662645306975008,2036-04-20T00:01:09.186,5,19
2035-04-16T00:01:09.186,380.0,83.9661419925022,4.9738022363942225,-2.9800799850971655,-1.7827146006082693,8.885326947706384,2.239323823950773,-0.05035708839319142,2036-04-30T00:01:09.185,5,20
2035-04-16T00:01:09.186,390.0,94.20214057881284,5.457674434539346,-2.8579755033042993,-1.7384451299618098,9.35865155348395,2.5717716162548037,0.06142013604210206,2036-05-10T00:01:09.185,5,21
2035-04-16T00:01:09.186,400.0,105.94879335206193,5.970112934856596,-2.6896206243061282,-1.6754169652968303,9.861935050042392,2.9418960865577155,0.19046741638315723,2036-05-20T00:01:09.185,5,22
2035-04-16T00:01:09.186,410.0,119.48035319757699,6.510986250054625,-2.4702190243302056,-1.5913858703597494,10.397426969081346,3.355432124559801,0.3390293168281868,2036-05-30T00:01:09.185,5,23
2035-04-16T00:01:09.186,420.0,135.1391038604682,7.080455570686977,-2.1939057457912945,-1.4836717904948973,10.967746269393258,3.819372488571446,0.5099406085242215,2036-06-09T00:01:09.185,5,24
2035-04-19T00:01:09.186,180.0,32.736180660175364,4.613234803257243,-2.1457991896768434,-0.10548882546123828,5.274246239088571,0.5745517852982047,-2.1420545080940574,2035-10-16T00:01:09.182,6,0
2035-04-19T00:01:09.186,190.0,33.6619699499978,4.021312305958431,-2.217600435561117,0.4017422156045498,5.027599489683196,0.9265554418690485,-2.7434847064414107,2035-10-26T00:01:09.182,6,1
2035-04-19T00:01:09.186,200.0,49.28725038483275,3.6001145333015465,-2.9536146759396438,1.8436986024341042,4.738580474845159,2.1017290176760177,-4.734537000014635,2035-11-05T00:01:09.183,6,2
2035-04-19T00:01:09.186,210.0,338.69804838415916,4.7192917278152064,0.6364724417687846,-14.140758941734827,2.369005647805844,-2.997876058807357,18.00273867390328,2035-11-15T00:01:09.183,6,3
2035-04-19T00:01:09.186,220.0,27.575032827258152,2.6683096141675904,-0.7776763454400317,-2.821294627256923,4.795000281096749,-1.0120312851226139,1.8864776196587432,2035-11-25T00:01:09.183,6,4
2035-04-19T00:01:09.186,230.0,23.92687821622603,2.3752987379469896,-1.2372824712868002,-1.9260879342998463,4.838299373958934,-0.4489946800857325,0.5622643163400323,2035-12-05T00:01:09.183,6,5
2035-04-19T00:01:09.186,240.0,24.03876810501273,2.1740567119319696,-1.5065361933283263,-1.6421051241857683,4.898441855791033,-0.19009823957147276,0.08887153514516477,2035-12-15T00:01:09.183,6,6
2035-04-19T00:01:09.186,250.0,24.954455403078523,2.045775114107407,-1.7280217294973497,-1.5335401741501702,4.993282341615883,-0.016207394338181302,-0.14602801222469353,2035-12-25T00:01:09.184,6,7
2035-04-19T00:01:09.186,260.0,26.323720643348025,1.9844493365411608,-1.9307081754362443,-1.5000587622929578,5.121498669947696,0.12755692349805514,-0.27874943648322237,2036-01-04T00:01:09.184,6,8
2035-04-19T00:01:09.186,270.0,28.078440674953164,1.9852034716982843,-2.120853025451261,-1.5045429196149707,5.280412470027381,0.261773484300754,-0.35659425717408944,2036-01-14T00:01:09.184,6,9
2035-04-19T00:01:09.186,280.0,30.21124675633993,2.0433979948496876,-2.2982744064431273,-1.529195295551455,5.467554406566505,0.3962011106907042,-0.4001502810977122,2036-01-24T00:01:09.185,6,10
2035-04-19T00:01:09.186,290.0,32.73608881518248,2.1545645366293584,-2.460744817452044,-1.5639181696449973,5.680872108201479,0.5363203430657002,-0.4196920240543722,2036-02-03T00:01:09.185,6,11
2035-04-19T00:01:09.186,300.0,35.6786682507304,2.3144510180325817,-2.6054684926174874,-1.60228244255048,5.918735898407471,0.6856785254306637,-0.42080705245555805,2036-02-13T00:01:09.185,6,12
2035-04-19T00:01:09.186,310.0,39.07390222555052,2.519084631343116,-2.7296155120615286,-1.6398453543028997,6.179909960175271,0.8468907435407971,-0.40668314223964686,2036-02-23T00:01:09.185,6,13
2035-04-19T00:01:09.186,320.0,42.96561416619336,2.764819835628245,-2.8304987127291956,-1.673340369157759,6.463521202468138,1.022130228330731,-0.3791538312753282,2036-03-04T00:01:09.185,6,14
2035-04-19T00:01:09.186,330.0,47.40721775985318,3.0483723968687713,-2.9056026970843294,-1.7002395261405958,6.769033011338058,1.2134007382112237,-0.3392174815325184,2036-03-14T00:01:09.186,6,15
2035-04-19T00:01:09.186,340.0,52.46306151502995,3.3668406917969698,-2.952544232543129,-1.7184905466746174,7.096225379008976,1.4227088290682062,-0.2873090200989932,2036-03-24T00:01:09.186,6,16
2035-04-19T00:01:09.186,350.0,58.21038309636469,3.717711508163127,-2.969001113860939,-1.7263427735204897,7.445181372710602,1.652189396733469,-0.2234448950619896,2036-04-03T00:01:09.186,6,17
2035-04-19T00:01:09.186,360.0,64.74194842323469,4.098864973108764,-2.9526296129181198,-1.7222255788261431,7.816279756831465,1.9042118307962852,-0.14729728319559854,2036-04-13T00:01:09.186,6,18
2035-04-19T00:01:09.186,370.0,72.16953434788846,4.508584806370166,-2.9009496837085704,-1.7046437666409706,8.210193413684118,2.1814830569411647,-0.05822482344343882,2036-04-23T00:01:09.186,6,19
2035-04-19T00:01:09.186,380.0,80.62846555686741,4.945535754212409,-2.8112170126320546,-1.672082742578628,8.627891481588405,2.4871577494316846,0.04472659436594206,2036-05-03T00:01:09.185,6,20
2035-04-19T00:01:09.186,390.0,90.28354226073264,5.408744958622583,-2.680293290600231,-1.6229271719869436,9.070644609557663,2.8249653933976546,0.16284702619574176,2036-05-13T00:01:09.185,6,21
2035-04-19T00:01:09.186,400.0,101.33683348551087,5.897582713236371,-2.5044853197905095,-1.555372826690129,9.540032013617582,3.1993644601713562,0.2978081860107018,2036-05-23T00:01:09.185,6,22
2035-04-19T00:01:09.186,410.0,114.03798402474358,6.4117295658703775,-2.279351143306112,-1.4673275127082759,10.037947059300686,3.6157350403978477,0.45173330302232806,2036-06-02T00:01:09.185,6,23
2035-04-19T00:01:09.186,420.0,128.69795113541977,6.951126814447775,-1.9994616114015322,-1.3562953323506628,10.566596252251271,4.080624347307687,0.6272955551324255,2036-06-12T00:01:09.185,6,24
2035-04-22T00:01:09.186,180.0,30.69849186527841,4.537796807845724,-1.9360962766994199,-0.19193362916579026,5.170225470888935,0.6221537063438056,-1.8921377357719926,2035-10-19T00:01:09.182,7,0
2035-04-22T00:01:09.186,190.0,30.663033034018408,3.9509865012429577,-1.97076518806713,0.19357252243119483,4.9417063818473554,0.8790572068430329,-2.33876666145318,2035-10-29T00:01:09.182,7,1
2035-04-22T00:01:09.186,200.0,38.117380293656126,3.497171777632305,-2.4170126502382026,1.1366071963029132,4.722202647556413,1.610626986622492,-3.6364905003355474,2035-11-08T00:01:09.183,7,2
2035-04-22T00:01:09.186,210.0,2531.800753978535,18.14843972248699,-16.077417109378032,-31.202694551344564,-17.06624130366483,20.997112377477556,42.422463784546956,2035-11-18T00:01:09.183,7,3
2035-04-22T00:01:09.186,220.0,27.300534202030462,2.6536454274315915,-0.6743306700799891,-2.881267174048433,4.707480146738012,-0.9313124065431069,2.0670805672534414,2035-11-28T00:01:09.183,7,4
2035-04-22T00:01:09.186,230.0,23.050251462171392,2.3675747882667384,-1.19473895266227,-1.8488046823579394,4.761699776210348,-0.2878972806665381,0.5418319473734758,2035-12-08T00:01:09.183,7,5
2035-04-22T00:01:09.186,240.0,23.257160043112915,2.178353233415619,-1.4705135535688356,-1.55948294968956,4.822139568655116,-0.020818855645725165,0.06079966096262268,2035-12-18T00:01:09.183,7,6
2035-04-22T00:01:09.186,250.0,24.21235761686176,2.0608513672429964,-1.6901866925795517,-1.4553865677826439,4.915425081618354,0.154499671837673,-0.16457136829051855,2035-12-28T00:01:09.184,7,7
2035-04-22T00:01:09.186,260.0,25.577686713604376,2.008649628083308,-1.8879501614010685,-1.4258372533029107,5.0404369044182875,0.29973303414193353,-0.2860815171007012,2036-01-07T00:01:09.184,7,8
2035-04-22T00:01:09.186,270.0,27.297786936182288,2.0166866897794726,-2.0712501517550965,-1.432475143297352,5.194468418447416,0.43645050026271903,-0.3532644147874411,2036-01-17T00:01:09.184,7,9
2035-04-22T00:01:09.186,280.0,29.370620885253633,2.0801883979902485,-2.24038863765382,-1.457585896900368,5.375027532803388,0.5744327905841153,-0.38694557234951965,2036-01-27T00:01:09.185,7,10
2035-04-22T00:01:09.186,290.0,31.81167208991165,2.1945843654674775,-2.3934608375102586,-1.4913593408993981,5.580042627636848,0.7189961159851315,-0.39729201963493743,2036-02-06T00:01:09.185,7,11
2035-04-22T00:01:09.186,300.0,34.64614123481417,2.3555525424609733,-2.5279433794385016,-1.527652044611267,5.807859690685584,0.873499481939092,-0.38975082190532007,2036-02-16T00:01:09.185,7,12
2035-04-22T00:01:09.186,310.0,37.907139001885696,2.5590727279411,-2.641252733022433,-1.562267132755821,6.057207931124983,1.0403802563227877,-0.36739624828789985,2036-02-26T00:01:09.185,7,13
2035-04-22T00:01:09.186,320.0,41.635653429026554,2.8014666614906147,-2.730930095412109,-1.5921445948898145,6.327164976642477,1.221648541750234,-0.3319813666681988,2036-03-07T00:01:09.185,7,14
2035-04-22T00:01:09.186,330.0,45.881296666956025,3.079424920983868,-2.7946729269230826,-1.6149303642063495,6.617127806626227,1.419155765635825,-0.28445240479312517,2036-03-17T00:01:09.186,7,15
2035-04-22T00:01:09.186,340.0,50.703590349692085,3.3900192378478913,-2.8302994570360727,-1.6287204607628687,6.926790321117059,1.634761252465534,-0.22521510697207958,2036-03-27T00:01:09.186,7,16
2035-04-22T00:01:09.186,350.0,56.17377195179642,3.730702427728655,-2.8356847283036872,-1.6318954951541658,7.256127194614782,1.8704515688524026,-0.15427577886956634,2036-04-06T00:01:09.186,7,17
2035-04-22T00:01:09.186,360.0,62.37720633299931,4.099314347392287,-2.8086808681091044,-1.6230042859018199,7.605383798500297,2.128440280540268,-0.07131327143086708,2036-04-16T00:01:09.186,7,18
2035-04-22T00:01:09.186,370.0,69.41654377460748,4.494079820060698,-2.7470043697974855,-1.6006610321991634,7.975071199222784,2.4112637959026024,0.024290914024026833,2036-04-26T00:01:09.186,7,19
2035-04-22T00:01:09.186,380.0,77.41581594179272,4.913581225188079,-2.6481238721328957,-1.563460332592245,8.36596433733081,2.721883076858102,0.13345098057053484,2036-05-06T00:01:09.185,7,20
2035-04-22T00:01:09.186,390.0,86.52578067877772,5.3567400756265116,-2.5091382676719736,-1.509900558153185,8.779103158698588,3.0638007119891704,0.25739775624673733,2036-05-16T00:01:09.185,7,21
2035-04-22T00:01:09.186,400.0,96.93093468116672,5.82279346109056,-2.3266285313559667,-1.438301760330151,9.215795023409528,3.441202573868406,0.397720521557984,2036-05-26T00:01:09.185,7,22
2035-04-22T00:01:09.186,410.0,108.8587733921412,6.31125989698196,-2.0964795664045237,-1.3467147401927324,9.677615390151226,3.859134389405302,0.5564310531941015,2036-06-05T00:01:09.185,7,23
2035-04-22T00:01:09.186,420.0,122.59211775585602,6.821888471793974,-1.8136617855601553,-1.2328141049781314,10.166402175942414,4.323726327688398,0.7360537997344867,2036-06-15T00:01:09.185,7,24
2035-04-25T00:01:09.186,180.0,28.81894980075144,4.45948841135806,-1.7413420675967792,-0.2668026055057684,5.059184343984949,0.6727500959559585,-1.6646353602877326,2035-10-22T00:01:09.182,8,0
2035-04-25T00:01:09.186,190.0,28.190560238947683,3.880290653166406,-1.7533123205336025,0.022336183012249933,4.846906312420412,0.8571457608403428,-1.99081907320587,2035-11-01T00:01:09.183,8,1
2035-04-25T00:01:09.186,200.0,31.638886290282166,3.415003494700385,-2.0349635836618454,0.6432293004965821,4.669164637066128,1.3242138979508127,-2.843280752005896,2035-11-11T00:01:09.183,8,2
2035-04-25T00:01:09.186,210.0,151.98503716196234,3.8240896540770866,-5.521373475983985,5.657522825169515,3.4377763931267076,6.3061139389183545,-10.019962955131255,2035-11-21T00:01:09.183,8,3
2035-04-25T00:01:09.186,220.0,27.365583678314618,2.640592877159037,-0.5572268491414434,-2.9880147305003755,4.608930120047198,-0.8806562409744494,2.3125292240464965,2035-12-01T00:01:09.183,8,4
2035-04-25T00:01:09.186,230.0,22.15144058182217,2.3585040451729586,-1.1598374769714503,-1.7595439228311918,4.6780951440668055,-0.12446974265150246,0.5013718061927825,2035-12-11T00:01:09.183,8,5
2035-04-25T00:01:09.186,240.0,22.473489555117006,2.1813565514718167,-1.4402807272913893,-1.4681170464360003,4.738243513360828,0.1490887584780758,0.017621160759333065,2035-12-21T00:01:09.184,8,6
2035-04-25T00:01:09.186,250.0,23.46790792033709,2.074416318534748,-1.656450668092333,-1.3712143547659403,4.829625705549482,0.3239949598538274,-0.19403796180664656,2035-12-31T00:01:09.184,8,7
2035-04-25T00:01:09.186,260.0,24.825418560433764,2.0309999666981113,-1.848195911195667,-1.3472512220146973,4.951161926286819,0.4693887038442881,-0.3018085234464767,2036-01-10T00:01:09.184,8,8
2035-04-25T00:01:09.186,270.0,26.5072468070435,2.0459276468657244,-2.023974862782371,-1.3571030165411253,5.100075771990177,0.6075981363656702,-0.3567890576899231,2036-01-20T00:01:09.184,8,9
2035-04-25T00:01:09.186,280.0,28.517510103498267,2.114325359142601,-2.184451462309946,-1.383416912851823,5.273848492143511,0.74826679847029,-0.3796432321547485,2036-01-30T00:01:09.185,8,10
2035-04-25T00:01:09.186,290.0,30.873431436295174,2.2315480369238543,-2.3279712333643285,-1.416817452014263,5.470395693743072,0.8964589568885835,-0.38021537158124197,2036-02-09T00:01:09.185,8,11
2035-04-25T00:01:09.186,300.0,33.5998218497984,2.39322492325185,-2.452236908758659,-1.451525623358874,5.688048697456441,1.0552972282744655,-0.3636916622067581,2036-02-19T00:01:09.185,8,12
2035-04-25T00:01:09.186,310.0,36.728128100413315,2.595307005439139,-2.554880115862443,-1.4836350595332135,5.92551264825536,1.2270144252288588,-0.33296179369314416,2036-02-29T00:01:09.185,8,13
2035-04-25T00:01:09.186,320.0,40.29671187283024,2.8341000968070453,-2.633645966522792,-1.510317660217797,6.18182762269976,1.4134424583977534,-0.2896541607762302,2036-03-10T00:01:09.185,8,14
2035-04-25T00:01:09.186,330.0,44.35167424575432,3.106283615777919,-2.6864257077162526,-1.5294076402987717,6.45633681870552,1.6162722562435654,-0.234634019015024,2036-03-20T00:01:09.186,8,15
2035-04-25T00:01:09.186,340.0,48.948095337091225,3.408916358299809,-2.711223429184402,-1.5391581934877596,6.74866181434194,1.8372120772387817,-0.16825824194416938,2036-03-30T00:01:09.186,8,16
2035-04-25T00:01:09.186,350.0,54.15171142367426,3.739431821282327,-2.7060970441091383,-1.538085988319122,7.058684193168769,2.078099377789016,-0.09050889910123061,2036-04-09T00:01:09.186,8,17
2035-04-25T00:01:09.186,360.0,60.04112409127459,4.095643877438704,-2.6690790102973425,-1.5248599170798753,7.386533143779385,2.3409936099262225,-0.0010608524039028566,2036-04-19T00:01:09.186,8,18
2035-04-25T00:01:09.186,370.0,66.71066602234356,4.475731983559836,-2.598068540559451,-1.498203576732886,7.732577362696286,2.628264607042734,0.1006901565546503,2036-04-29T00:01:09.185,8,19
2035-04-25T00:01:09.186,380.0,74.2741055992098,4.878212384316257,-2.490731890306135,-1.4568186471869002,8.097419930072302,2.9426861007556795,0.21562603668624192,2036-05-09T00:01:09.185,8,20
2035-04-25T00:01:09.186,390.0,82.86947247760021,5.301918480770494,-2.344388400194209,-1.3993133780608646,8.481895852291029,3.287543368516264,0.3449258305972318,2036-05-19T00:01:09.185,8,21
2035-04-25T00:01:09.186,400.0,92.66537551667871,5.745974796692208,-2.155872563150286,-1.3241265646915528,8.887070395968479,3.6667632753169954,0.4901044547501563,2036-05-29T00:01:09.185,8,22
2035-04-25T00:01:09.186,410.0,103.86933164086948,6.209759778472986,-1.921370254032146,-1.229443171470984,9.314235449514708,4.085076114707469,0.6530717946133819,2036-06-08T00:01:09.185,8,23
2035-04-25T00:01:09.186,420.0,116.73883903337443,6.692854643893252,-1.6362197853517966,-1.1130967528040854,9.764899726253034,4.548221161471446,0.8362156635349454,2036-06-18T00:01:09.184,8,24
2035-04-28T00:01:09.186,180.0,27.052007539748587,4.378611907892283,-1.5602619099643285,-0.33215337125070477,4.940281250503926,0.7221288378698887,-1.4574493635062034,2035-10-25T00:01:09.182,9,0
2035-04-28T00:01:09.186,190.0,26.068884616790285,3.809057619148377,-1.5595022128528448,-0.1203868092543523,4.742800060451923,0.850371416273191,-1.6886683089799028,2035-11-04T00:01:09.183,9,1
2035-04-28T00:01:09.186,200.0,27.438782607294325,3.343283416520837,-1.7431140450414233,0.28245567643086567,4.592707511995602,1.1492588200872582,-2.2416566376243114,2035-11-14T00:01:09.183,9,2
2035-04-28T00:01:09.186,210.0,53.759112103870024,3.1425447707005603,-2.9675680793517714,2.3643093864264344,4.247297172402366,2.8746084981467277,-5.23986687002213,2035-11-24T00:01:09.183,9,3
2035-04-28T00:01:09.186,220.0,28.24643228915596,2.633108871551988,-0.40862853770263285,-3.1931342571566663,4.492779579660716,-0.8883173430653315,2.696712115845699,2035-12-04T00:01:09.183,9,4
2035-04-28T00:01:09.186,230.0,21.225265270460316,2.348177134519002,-1.1348246898881662,-1.6535527729963393,4.5865014587722435,0.04201555728991835,0.4330177041253833,2035-12-14T00:01:09.183,9,5
2035-04-28T00:01:09.186,240.0,21.686015913082393,2.183200914487024,-1.4169732040092224,-1.3659015429553323,4.645691648921449,0.31869403906196325,-0.04471158340154702,2035-12-24T00:01:09.184,9,6
2035-04-28T00:01:09.186,250.0,22.715724563426498,2.0865823438641975,-1.6274567691819914,-1.2800273516807437,4.7348653678539385,0.49058203703645376,-0.23686235805008948,2036-01-03T00:01:09.184,9,7
2035-04-28T00:01:09.186,260.0,24.05866486470729,2.0516008723410444,-1.8118803342010885,-1.2637876860429245,4.852703702764629,0.6344831383911043,-0.3276626084543768,2036-01-13T00:01:09.184,9,8
2035-04-28T00:01:09.186,270.0,25.6964813548627,2.0730279435121552,-1.9793652875116745,-1.2781551315713378,4.996310289876465,0.7730044084078855,-0.36854989719063447,2036-01-23T00:01:09.185,9,9
2035-04-28T00:01:09.186,280.0,27.639910285500218,2.1459225302525873,-2.130750921244208,-1.30655133250067,5.163137070456035,0.9154012147165744,-0.37942916766943213,2036-02-02T00:01:09.185,9,10
2035-04-28T00:01:09.186,290.0,29.90788879154117,2.265588297457544,-2.264533983966996,-1.3402351354320152,5.351094540415303,1.06636079419415,-0.36952762776864745,2036-02-12T00:01:09.185,9,11
2035-04-28T00:01:09.186,300.0,32.524812242716536,2.4276253905119596,-2.3785853523952145,-1.3738951381815165,5.558509414977895,1.228704396299051,-0.3436143664546485,2036-02-22T00:01:09.185,9,12
2035-04-28T00:01:09.186,310.0,35.52051816522362,2.6279726938128043,-2.470713022932418,-1.4039711379432493,5.78407350463927,1.4044251497343971,-0.3043055322322026,2036-03-03T00:01:09.185,9,13
2035-04-28T00:01:09.186,320.0,38.930886206039,2.862933905602798,-2.5388391513475965,-1.4278982954520014,6.0268005016777515,1.5951573983580403,-0.25305097012145517,2036-03-13T00:01:09.186,9,14
2035-04-28T00:01:09.186,330.0,42.79874062635336,3.129190705397182,-2.581028092293974,-1.4437177207893221,6.285991598759264,1.80242106144712,-0.19060053497603846,2036-03-23T00:01:09.186,9,15
2035-04-28T00:01:09.186,340.0,47.17504896456887,3.423800639897685,-2.5954523747389304,-1.4498501549932068,6.561208739895914,2.027768188017692,-0.11723912207872722,2036-04-02T00:01:09.186,9,16
2035-04-28T00:01:09.186,350.0,52.12048255158835,3.7441910395828373,-2.5803385923127093,-1.444954428851119,6.852254418437685,2.2728856068831718,-0.03290827575090738,2036-04-12T00:01:09.186,9,17
2035-04-28T00:01:09.186,360.0,57.707441642711316,4.0881622941156515,-2.5338834332837683,-1.4278213962247168,7.15915723791964,2.5396798667311558,0.06273324457223772,2036-04-22T00:01:09.186,9,18
2035-04-28T00:01:09.186,370.0,64.02265706560173,4.453859993546896,-2.4541550890249404,-1.3972843252311917,7.482161113453664,2.830357775819234,0.17028505155520257,2036-05-02T00:01:09.185,9,19
2035-04-28T00:01:09.186,380.0,71.17054585190645,4.839748434893545,-2.3390036167656927,-1.3521508550742363,7.821717418488195,3.147511907551685,0.2906050051963671,2036-05-12T00:01:09.185,9,20
2035-04-28T00:01:09.186,390.0,79.27757256737291,5.244589328327503,-2.185952027941889,-1.2911361070076897,8.178479409767458,3.494219247212442,0.42482815795654183,2036-05-22T00:01:09.185,9,21
2035-04-28T00:01:09.186,400.0,88.49794719461131,5.6674116658821845,-1.9920688048282553,-1.2127920669096115,8.553297001672572,3.874160367276147,0.5744032071786016,2036-06-01T00:01:09.185,9,22
2035-04-28T00:01:09.186,410.0,99.02112454819319,6.107473485244588,-1.7538180597114845,-1.1154307628828146,8.947209340361148,4.2917677002489185,0.7411474718620603,2036-06-11T00:01:09.185,9,23
2035-04-28T00:01:09.186,420.0,111.08176105506163,6.564210228473444,-1.4668760082350527,-0.9970342968071462,9.36143130411789,4.752413697511649,0.927323590256881,2036-06-21T00:01:09.184,9,24
2035-05-01T00:01:09.185,180.0,25.373194632989772,4.295444845447051,-1.3919081482448874,-0.3896206698581466,4.814059089716508,0.7662224280346663,-1.2692253166732446,2035-10-28T00:01:09.182,10,0
2035-05-01T00:01:09.185,190.0,24.19236801417635,3.7372127983355554,-1.3853953599607678,-0.24068379244575056,4.630240077881464,0.8504839525315901,-1.4247532705148824,2035-11-07T00:01:09.183,10,1
2035-05-01T00:01:09.185,200.0,24.45606740683848,3.277221197261431,-1.509194578043303,0.0092578304606441,4.499942313353557,1.0374633205579507,-1.7692530745559232,2035-11-17T00:01:09.183,10,2
2035-05-01T00:01:09.185,210.0,32.25127891054957,2.9587602919634683,-2.0736614580245636,0.9791352775560682,4.346109686749994,1.798193148839637,-3.182626415518106,2035-11-27T00:01:09.183,10,3
2035-05-01T00:01:09.185,220.0,31.895304965487853,2.646933981596437,-0.1728315194736716,-3.667199510729586,4.336713228921038,-1.0379530286643188,3.4656711970231227,2035-12-07T00:01:09.183,10,4
2035-05-01T00:01:09.185,230.0,20.28617040120292,2.336759673478694,-1.1233745901857155,-1.5230793574462558,4.48722188330445,0.21406533341604117,0.32432422701066344,2035-12-17T00:01:09.183,10,5
2035-05-01T00:01:09.185,240.0,20.909514986733008,2.1840829216180104,-1.402149915116743,-1.249947944360696,4.544739691127294,0.48738357534649523,-0.1315803066863115,2035-12-27T00:01:09.184,10,6
2035-05-01T00:01:09.185,250.0,21.964085231463084,2.0975004991208337,-1.6040176404702233,-1.180568606086342,4.631487446424181,0.6525122725006085,-0.29603546968968963,2036-01-06T00:01:09.184,10,7
2035-05-01T00:01:09.185,260.0,23.281820445547115,2.070582810107659,-1.7795278225051643,-1.1748338654773454,4.745476353405863,0.7928096427161968,-0.36568770177451704,2036-01-16T00:01:09.184,10,8
2035-05-01T00:01:09.185,270.0,24.867549138278477,2.098116854985598,-1.9378163663071373,-1.195321823783508,4.8836432828196195,0.9302501148300699,-0.3901437533883243,2036-01-26T00:01:09.185,10,9
2035-05-01T00:01:09.185,280.0,26.738311412355063,2.1751202923081685,-2.0796163837801105,-1.2268405728061724,5.043415029732735,1.0733109301365396,-0.3876595122919788,2036-02-05T00:01:09.185,10,10
2035-05-01T00:01:09.185,290.0,28.914341241157537,2.2968656401285408,-2.2034402226326235,-1.2615569415375962,5.222708149791654,1.226124687151728,-0.3664410932393558,2036-02-15T00:01:09.185,10,11
2035-05-01T00:01:09.185,300.0,31.41938804434755,2.4589401837848115,-2.3072516792075946,-1.2947608227654719,5.419856281998328,1.3911236752932403,-0.33063703190876303,2036-02-25T00:01:09.185,10,12
2035-05-01T00:01:09.185,310.0,34.281616918002335,2.657284205882881,-2.3889897885361955,-1.323308763030488,5.633549005399882,1.5700154678924214,-0.2824782333895506,2036-03-06T00:01:09.185,10,13
2035-05-01T00:01:09.185,320.0,37.53449158869067,2.8882124416097135,-2.446722715236575,-1.3449388117465582,5.862784556649103,1.7642119781204357,-0.2231701755697344,2036-03-16T00:01:09.186,10,14
2035-05-01T00:01:09.185,330.0,41.21773263056778,3.148419639248999,-2.478664247888197,-1.3579210102102002,6.106833278968015,1.975048646629073,-0.15330615416614535,2036-03-26T00:01:09.186,10,15
2035-05-01T00:01:09.185,340.0,45.378467714013404,3.4349721645413602,-2.483138515245121,-1.360857226255833,6.3652092713417865,2.203914502615472,-0.07307195904834174,2036-04-05T00:01:09.186,10,16
2035-05-01T00:01:09.185,350.0,50.07268062021402,3.7453043356675515,-2.458524257007623,-1.3525559097961959,6.637648797807788,2.4523432727595456,0.017650204697108762,2036-04-15T00:01:09.186,10,17
2035-05-01T00:01:09.185,360.0,55.367063785735645,4.077211740235363,-2.403166461229385,-1.3319323012312703,6.924094041098865,2.7220891540980574,0.11923142579269985,2036-04-25T00:01:09.186,10,18
2035-05-01T00:01:09.185,370.0,61.34138006052056,4.428816958936903,-2.31529007495228,-1.2979312597346557,7.224680080081232,3.015199004204767,0.23227734723942817,2036-05-05T00:01:09.185,10,19
2035-05-01T00:01:09.185,380.0,68.09150476266244,4.7985456032683835,-2.192914230693802,-1.2494657364688573,7.5397247871160396,3.3340898548705624,0.35763072695116627,2036-05-15T00:01:09.185,10,20
2035-05-01T00:01:09.185,390.0,75.7333700132117,5.185100842422415,-2.033749815678579,-1.1853547413690269,7.869720555666483,3.6816388386811383,0.49639082429747816,2036-05-25T00:01:09.185,10,21
2035-05-01T00:01:09.185,400.0,84.40810788044406,5.587431766379272,-1.835081907411654,-1.1042594689472978,8.215325996382486,4.061292126779275,0.6499483937720409,2036-06-04T00:01:09.185,10,22
2035-05-01T00:01:09.185,410.0,94.28880918067513,6.004693668216799,-1.593630525969333,-1.0046123619061644,8.577355211521336,4.477200631904605,0.8200373514273078,2036-06-14T00:01:09.185,10,23
2035-05-01T00:01:09.185,420.0,105.58948410028088,6.436194383207146,-1.3053831621679937,-0.8845345865505498,8.956761019208592,4.934392201040204,1.0088061019739953,2036-06-24T00:01:09.184,10,24
2035-05-04T00:01:09.185,180.0,23.77241840380666,4.2102637934254,-1.2355719442065833,-0.4405178461493655,4.682143790911667,0.8011339587360595,-1.0991507199624078,2035-10-31T00:01:09.183,11,0
2035-05-04T00:01:09.185,190.0,22.49865060890624,3.664758773545362,-1.2282203890552026,-0.343060545821972,4.5110715222885105,0.8506984050178446,-1.1938159629540692,2035-11-10T00:01:09.183,11,1
2035-05-04T00:01:09.185,200.0,22.177193191462713,3.2143893963169123,-1.315407468177316,-0.20322607426888162,4.395887214238847,0.9607759056014196,-1.3893446118115946,2035-11-20T00:01:09.183,11,2
2035-05-04T00:01:09.185,210.0,24.48870301804805,2.8684283398434225,-1.6092294435694328,0.23938135886858092,4.306909949297133,1.3159196584152646,-2.051239907784966,2035-11-30T00:01:09.183,11,3
2035-05-04T00:01:09.185,220.0,56.88688690581707,2.832762264481497,0.4510899718886705,-5.49801057013444,3.923539375183214,-1.7692490539590686,6.19374551158416,2035-12-10T00:01:09.183,11,4
2035-05-04T00:01:09.185,230.0,19.37847050753336,2.3246321783539514,-1.1319306404613378,-1.354502971710593,4.381351884967959,0.3980965598842161,0.1540950895694877,2035-12-20T00:01:09.184,11,5
2035-05-04T00:01:09.185,240.0,20.175410445019025,2.184312747407855,-1.3979867720836143,-1.1161536122806064,4.4365907552064385,0.6553084616953448,-0.2502873066423206,2035-12-30T00:01:09.184,11,6
2035-05-04T00:01:09.185,250.0,21.232197957645635,2.107383720540117,-1.5871513502707533,-1.0712085491694765,4.52086601751617,0.8081970948120372,-0.3752144256961696,2036-01-09T00:01:09.184,11,7
2035-05-04T00:01:09.185,260.0,22.508343237237995,2.0881198594750536,-1.7517518279214244,-1.0796345915048366,4.630956592935501,0.9421555146305813,-0.4182430607151737,2036-01-19T00:01:09.184,11,8
2035-05-04T00:01:09.185,270.0,24.030937410974563,2.121359251926492,-1.8997698937645264,-1.1082333114956846,4.763622313698498,1.0768527069142877,-0.4233534114893871,2036-01-29T00:01:09.185,11,9
2035-05-04T00:01:09.185,280.0,25.821463650120496,2.2020921371116273,-2.031405255741933,-1.1441112496040233,4.916286590603459,1.2193853277482773,-0.4058192105425018,2036-02-08T00:01:09.185,11,10
2035-05-04T00:01:09.185,290.0,27.900387369565436,2.3255722965059107,-2.144998057307425,-1.1807185537799871,5.086890623943226,1.3730795830264206,-0.3722681940213537,2036-02-18T00:01:09.185,11,11
2035-05-04T00:01:09.185,300.0,30.29027943381905,2.4873857441916023,-2.2385101128903484,-1.2141220390643062,5.273789591895753,1.5398608772735187,-0.3259620420747087,2036-02-28T00:01:09.185,11,12
2035-05-04T00:01:09.185,310.0,33.01740996895587,2.6834861843616657,-2.3099559237274203,-1.2416850565892148,5.475683087655312,1.7210914394458072,-0.2686055650723116,2036-03-09T00:01:09.185,11,13
2035-05-04T00:01:09.185,320.0,36.11279638761808,2.910209346755849,-2.357513244564334,-1.2614969390295139,5.691564999571348,1.917928935099198,-0.2010791962927545,2036-03-19T00:01:09.186,11,14
2035-05-04T00:01:09.185,330.0,39.61315994270544,3.164271971123835,-2.379520558288541,-1.2720846343628378,5.920685613452221,2.1315071451984835,-0.1237703491678861,2036-03-29T00:01:09.186,11,15
2035-05-04T00:01:09.185,340.0,43.56200345264299,3.4427595217491103,-2.374434535200086,-1.2722479429508227,6.162522282689164,2.3630432064036526,-0.03673380829798489,2036-04-08T00:01:09.186,11,16
2035-05-04T00:01:09.185,350.0,48.01094345475877,3.7431231253826347,-2.340767869039559,-1.2609529712042713,6.416756909774239,2.6139140472822042,0.06022930386522418,2036-04-18T00:01:09.186,11,17
2035-05-04T00:01:09.185,360.0,53.0213951185058,4.063161075001535,-2.2769998228765145,-1.237244381911209,6.683258174560741,2.885721250636383,0.16753553145053957,2036-04-28T00:01:09.186,11,18
2035-05-04T00:01:09.185,370.0,58.666713795039804,4.400983405766931,-2.181498421207605,-1.2001810219731452,6.962066811306741,3.1803542327483996,0.2858084396590286,2036-05-08T00:01:09.185,11,19
2035-05-04T00:01:09.185,380.0,65.03495221254798,4.754987360465751,-2.0524380218223808,-1.1487807506171936,7.253383654477279,3.5000595846547213,0.4158854137577226,2036-05-18T00:01:09.185,11,20
2035-05-04T00:01:09.185,390.0,72.23242850262984,5.123830000589116,-1.887702890442755,-1.0819649976142864,7.557559067295536,3.8475224352726407,0.5588385786992198,2036-05-28T00:01:09.185,11,21
2035-05-04T00:01:09.185,400.0,80.38837148263332,5.506394233055238,-1.6847770708251435,-0.9985002426090199,7.875082002524092,4.225965658833424,0.7160092084010099,2036-06-07T00:01:09.185,11,22
2035-05-04T00:01:09.185,410.0,89.66101653837333,5.90174711785612,-1.440616743719282,-0.896933454406649,8.206566422585048,4.639273859265522,0.8890568872735685,2036-06-17T00:01:09.185,11,23
2035-05-04T00:01:09.185,420.0,100.24567565586273,6.3090859363306135,-1.1514965321284212,-0.7755172918733972,8.55273164916542,5.0921508385648195,1.0800263101103038,2036-06-27T00:01:09.184,11,24
2035-05-07T00:01:09.185,180.0,22.259038496013474,4.123366807481405,-1.0907159239206763,-0.48590890473928816,4.5480625352646165,0.8232293410578748,-0.9468152530231428,2035-11-03T00:01:09.183,12,0
2035-05-07T00:01:09.185,190.0,20.962157206930495,3.5917731755855247,-1.0859811585283659,-0.4309196361965437,4.388976795879373,0.8453349478120735,-0.992193891419662,2035-11-13T00:01:09.183,12,1
2035-05-07T00:01:09.185,200.0,20.34654166434134,3.153504594403774,-1.151204234547297,-0.37196521527935644,4.285955985935871,0.9013946722536339,-1.0791712541550496,2035-11-23T00:01:09.183,12,2
2035-05-07T00:01:09.185,210.0,20.748721700610805,2.8064265548445793,-1.315242350441494,-0.21305301482068728,4.224896855908511,1.0545847517941773,-1.3367195887052734,2035-12-03T00:01:09.183,12,3
2035-05-07T00:01:09.185,220.0,147.00194465389376,3.594401049626919,-5.1072662409496665,5.673728250440895,2.680365227257713,6.442727144374059,-9.915082140131123,2035-12-13T00:01:09.183,12,4
2035-05-07T00:01:09.185,230.0,18.626696176433807,2.3128032719215437,-1.1730108977256553,-1.1214651663358932,4.270991340662896,0.609487078367593,-0.11770575907449654,2035-12-23T00:01:09.184,12,5
2035-05-07T00:01:09.185,240.0,19.545852510763336,2.1844019701116935,-1.4076192925656663,-0.9584751547785286,4.324086620076265,0.8240857953742626,-0.4111082761306637,2036-01-02T00:01:09.184,12,6
2035-05-07T00:01:09.185,250.0,20.558673834464233,2.11653565028719,-1.5781386972130296,-0.9497830392479525,4.406181135394842,0.9564872466134169,-0.47892983162540403,2036-01-12T00:01:09.184,12,7
2035-05-07T00:01:09.185,260.0,21.768128356555945,2.104442060760956,-1.729260626366191,-0.9772374055379345,4.512477769209006,1.0805007302428002,-0.4880480620750678,2036-01-22T00:01:09.184,12,8
2035-05-07T00:01:09.185,270.0,23.212746754725853,2.14296363588646,-1.865706161149511,-1.0164352535030408,4.6396700330180884,1.2104423811542873,-0.47014676575014214,2036-02-01T00:01:09.185,12,9
2035-05-07T00:01:09.185,280.0,24.913629483057903,2.227048878789809,-1.9864889891402964,-1.058150213612472,4.785238136718384,1.3510961185203776,-0.43550515091448005,2036-02-11T00:01:09.185,12,10
2035-05-07T00:01:09.185,290.0,26.88934202035613,2.3519337150644404,-2.089518618843667,-1.09763651872809,4.947180445538052,1.5046243690334826,-0.3883982077103916,2036-02-21T00:01:09.185,12,11
2035-05-07T00:01:09.185,300.0,29.16029313839159,2.513209945359968,-2.172631209604832,-1.131969451549311,5.123893840306415,1.672286841422359,-0.33085007430435276,2036-03-02T00:01:09.185,12,12
2035-05-07T00:01:09.185,310.0,31.75041559658129,2.7068521172460436,-2.2338487361438295,-1.1591331375258764,5.314102393675437,1.8550225707792194,-0.2638609634143272,2036-03-12T00:01:09.186,12,13
2035-05-07T00:01:09.185,320.0,34.68812671622711,2.929224914059482,-2.2714173403803604,-1.1776294398743592,5.516807469601545,2.053694365589333,-0.18788696687724382,2036-03-22T00:01:09.186,12,14
2035-05-07T00:01:09.185,330.0,38.00717210066158,3.1770747951048826,-2.283771482987714,-1.186276522672938,5.731250045106588,2.269212562396671,-0.10305031677996723,2036-04-01T00:01:09.186,12,15
2035-05-07T00:01:09.185,340.0,41.747582563027386,3.44751470695779,-2.269479812470765,-1.1840919839486264,5.95688135096708,2.502610998107766,-0.009237189942949087,2036-04-11T00:01:09.186,12,16
2035-05-07T00:01:09.185,350.0,45.95687039299721,3.7380206200564707,-2.2271703593024963,-1.1702103576875618,6.193339959789846,2.755104589108061,0.09385754388019762,2036-04-21T00:01:09.186,12,17
2035-05-07T00:01:09.185,360.0,50.69154489251064,4.0464003078354445,-2.1554418546779175,-1.1438121310071279,6.4404329056762215,3.0281410722502535,0.20671363415281796,2036-05-01T00:01:09.185,12,18
2035-05-07T00:01:09.185,370.0,56.019047580987646,4.370759468153423,-2.0527923537705473,-1.1040732181478963,6.6981197854681795,3.323454267188083,0.3299858397214628,2036-05-11T00:01:09.185,12,19
2035-05-07T00:01:09.185,380.0,62.02024710315174,4.709476994477324,-1.9175380750653765,-1.050117494312989,6.966499306778424,3.643124849572981,0.46451678358410575,2036-05-21T00:01:09.185,12,20
2035-05-07T00:01:09.185,390.0,68.79266575433252,5.061174298824888,-1.7477216505162652,-0.9809672396865228,7.24579680544154,3.9896531892420377,0.6113606449196283,2036-05-31T00:01:09.185,12,21
2035-05-07T00:01:09.185,400.0,76.45467618486231,5.424679425219804,-1.541010645953408,-0.895491181997766,7.536351077743646,4.366049210579217,0.7718179245489836,2036-06-10T00:01:09.185,12,22
2035-05-07T00:01:09.185,410.0,85.15100229525164,5.798985044257309,-1.2945786308205314,-0.7923462192748598,7.83859835536677,4.775945375995452,0.9474829201630364,2036-06-20T00:01:09.184,12,23
2035-05-07T00:01:09.185,420.0,95.05999150490564,6.183192113118006,-1.004964813493995,-0.6699092590451627,8.153050160919541,5.22374051304466,1.140306814331737,2036-06-30T00:01:09.184,12,24
2035-05-10T00:01:09.185,180.0,20.866198017002784,4.035114248510735,-0.9568837331365998,-0.5266585395513239,4.417753163809586,0.8315365926618199,-0.8112964290057914,2035-11-06T00:01:09.183,13,0
2035-05-10T00:01:09.185,190.0,19.591732158952645,3.51842777391842,-0.9571644698068269,-0.5068750822541901,4.269998546855518,0.8319345038266057,-0.8165350881298306,2035-11-16T00:01:09.183,13,1
2035-05-10T00:01:09.185,200.0,18.84834085181566,3.0939184546237435,-1.0099238855573383,-0.5081956215563341,4.177185315800241,0.849547362356617,-0.8232453877134187,2035-11-26T00:01:09.183,13,2
2035-05-10T00:01:09.185,210.0,18.5720842952566,2.7554928865438093,-1.106793376638695,-0.5137969148539305,4.130341425376038,0.8923851959523965,-0.8461753170142945,2035-12-06T00:01:09.183,13,3
2035-05-10T00:01:09.185,220.0,19.346485145938217,2.5024394471249884,-1.3136531455801936,-0.35250733699099257,4.114138699126201,1.0733786571847013,-1.126146601731211,2035-12-16T00:01:09.183,13,4
2035-05-10T00:01:09.185,230.0,18.40864187062381,2.3044814997555996,-1.2748196649700514,-0.7654826852288341,4.157424497858532,0.8892278859828942,-0.5776999065431259,2035-12-26T00:01:09.184,13,5
2035-05-10T00:01:09.185,240.0,19.135905948240296,2.1852361440181163,-1.4357530327629977,-0.7675964053903632,4.211947279542159,1.000229119175696,-0.628448702561089,2036-01-05T00:01:09.184,13,6
2035-05-10T00:01:09.185,250.0,20.01169937731475,2.1253911956524476,-1.5785956748480245,-0.81332352155433,4.292844261165904,1.0992977290634194,-0.6121535996510392,2036-01-15T00:01:09.184,13,7
2035-05-10T00:01:09.185,260.0,21.11606298428326,2.11984933120425,-1.7128448550202116,-0.8663949990499349,4.395687434594986,1.2085115442385685,-0.5774900943471817,2036-01-25T00:01:09.185,13,8
2035-05-10T00:01:09.185,270.0,22.46332285916901,2.1631842374808983,-1.836110191266001,-0.9193348253677893,4.517548008658913,1.3312201269139514,-0.5319171197941497,2036-02-04T00:01:09.185,13,9
2035-05-10T00:01:09.185,280.0,24.06374879980121,2.2502342634985695,-1.9452148674630187,-0.9686668030369994,4.656101918298429,1.468441429317803,-0.4776436902985175,2036-02-14T00:01:09.185,13,10
2035-05-10T00:01:09.185,290.0,25.930124154580927,2.3762006360152164,-2.0372752784114,-1.0121773620631178,4.809462118875089,1.6206644087267996,-0.41550590365562456,2036-02-24T00:01:09.185,13,11
2035-05-10T00:01:09.185,300.0,28.07903792742736,2.536678675041763,-2.1098410946922495,-1.0482568175577933,4.976096665079087,1.7882686936372814,-0.3458250808905561,2036-03-05T00:01:09.185,13,12
2035-05-10T00:01:09.185,310.0,30.5313382851473,2.7276676898762773,-2.1608588568831073,-1.0756570016159297,5.154772317731336,1.9716687060533502,-0.26866922240539104,2036-03-15T00:01:09.186,13,13
2035-05-10T00:01:09.185,320.0,33.31253016773988,2.945566746438022,-2.1885932050383943,-1.0933683367393114,5.344511172367405,2.171380646289361,-0.1839472345534734,2036-03-25T00:01:09.186,13,14
2035-05-10T00:01:09.185,330.0,36.453312342277265,3.187156831904133,-2.1915433695923983,-1.1005424115020512,5.544555983821034,2.3880638967566306,-0.09144457096604164,2036-04-04T00:01:09.186,13,15
2035-05-10T00:01:09.185,340.0,39.99033059796595,3.449586940571997,-2.1683669434649078,-1.0964392659435385,5.754342240098392,2.6225544745635823,0.00916568229349668,2036-04-14T00:01:09.186,13,16
2035-05-10T00:01:09.185,350.0,43.96720128897932,3.7303629981574744,-2.117787000652738,-1.0803746577813444,5.973475554529664,2.8758982055771725,0.11832412929677716,2036-04-24T00:01:09.186,13,17
2035-05-10T00:01:09.185,360.0,48.43584793972585,4.027307722286217,-2.03850800841003,-1.0516733119010793,6.201712286995662,3.14938659772983,0.23659397095576207,2036-05-04T00:01:09.185,13,18
2035-05-10T00:01:09.185,370.0,53.45823691206247,4.338530714689661,-1.9291444914583042,-1.0096328871349352,6.438942971280817,3.444598921921152,0.36467600929519417,2036-05-14T00:01:09.185,13,19
2035-05-10T00:01:09.185,380.0,59.10862736121628,4.662400401179891,-1.7881405632766985,-0.9534843758768892,6.68517772631137,3.763453818751225,0.5034297199942062,2036-05-24T00:01:09.185,13,20
2035-05-10T00:01:09.185,390.0,65.47648552227122,4.997511282051974,-1.6136840942550101,-0.8823505140189294,6.9405322325897885,4.108273500839722,0.6539011339274214,2036-06-03T00:01:09.185,13,21
2035-05-10T00:01:09.185,400.0,72.6702758186673,5.342647524019638,-1.403610767597904,-0.7952001861831031,7.205212720840073,4.4818645386392575,0.8173589929765317,2036-06-13T00:01:09.185,13,22
2035-05-10T00:01:09.185,410.0,80.82242646368947,5.696738307038817,-1.1552937217609056,-0.6907955793984364,7.479497877468674,4.887620431751554,0.995341388547577,2036-06-23T00:01:09.184,13,23
2035-05-10T00:01:09.185,420.0,90.09588622834886,6.058801422338635,-0.8655175100112373,-0.5676324597666786,7.763714569893757,5.329652736139144,1.1897159399338966,2036-07-03T00:01:09.184,13,24
2035-05-13T00:01:09.185,180.0,19.616730457845616,3.9459445578941708,-0.8335944499166281,-0.5634807705034106,4.295541734521969,0.8298791119702571,-0.6901828195058677,2035-11-09T00:01:09.183,14,0
2035-05-13T00:01:09.185,190.0,18.39363668793651,3.444991915070581,-0.8405043770710776,-0.5729828018518255,4.158525677711893,0.8132054702433216,-0.6625690446388877,2035-11-19T00:01:09.183,14,1
2035-05-13T00:01:09.185,200.0,17.61847672880713,3.0353693352435176,-0.8870512803875883,-0.6196802722142394,4.074551029792175,0.803309200580447,-0.6092659211620646,2035-11-29T00:01:09.183,14,2
2035-05-13T00:01:09.185,210.0,17.141904954726115,2.709708721580977,-0.9481817743502923,-0.7250790825676763,4.036040740023857,0.7826790418688496,-0.48958514786811946,2035-12-09T00:01:09.183,14,3
2035-05-13T00:01:09.185,220.0,16.666364031466404,2.4591753763331745,-0.9015992681767795,-1.1365860500499982,4.039228788638287,0.5887927912179478,0.06571052816604617,2035-12-19T00:01:09.184,14,4
2035-05-13T00:01:09.185,230.0,20.184756674656292,2.313176829101291,-1.517665706566671,-0.12619794940864804,4.025079845048481,1.359733595824686,-1.461031643745768,2035-12-29T00:01:09.184,14,5
2035-05-13T00:01:09.185,240.0,19.11953328784824,2.188429656953165,-1.4899096355692496,-0.5283411454446094,4.102177588051724,1.1992638493510892,-0.9238173756614376,2036-01-08T00:01:09.184,14,6
2035-05-13T00:01:09.185,250.0,19.66506701072807,2.134566682428865,-1.5906176610648988,-0.6576041333946954,4.184352778410801,1.2440801114881115,-0.7800791708112751,2036-01-18T00:01:09.184,14,7
2035-05-13T00:01:09.185,260.0,20.603599170199306,2.134711942521914,-1.7033781238935202,-0.7454010184679847,4.284464057861843,1.3317914927855945,-0.6879668064908735,2036-01-28T00:01:09.185,14,8
2035-05-13T00:01:09.185,270.0,21.827428403723875,2.182306377583803,-1.8114408506252717,-0.8161086016576684,4.401285534064648,1.4441525937587762,-0.6087177813214755,2036-02-07T00:01:09.185,14,9
2035-05-13T00:01:09.185,280.0,23.314804289404066,2.271903031712448,-1.9078637520740962,-0.8752255959661519,4.532985978185,1.5761185843986745,-0.5316884603744603,2036-02-17T00:01:09.185,14,10
2035-05-13T00:01:09.185,290.0,25.065949238342792,2.3986195710698404,-1.9884583806554692,-0.9241010308356328,4.677893998059314,1.7257720077032026,-0.4527338718181957,2036-02-27T00:01:09.185,14,11
2035-05-13T00:01:09.185,300.0,27.090962837158237,2.55804188964861,-2.0502764587118594,-0.962851672478465,4.834593449036067,1.8923214807574738,-0.3698492032702312,2036-03-08T00:01:09.185,14,12
2035-05-13T00:01:09.185,310.0,29.406439076674893,2.746192211520345,-2.091084264722281,-0.991185750594214,5.001917940677565,2.0755242714078275,-0.2818776156416254,2036-03-18T00:01:09.186,14,13
2035-05-13T00:01:09.185,320.0,32.034455491414334,2.9595050566442254,-2.109106906661467,-1.0086779148110554,5.178925948055866,2.2754839216774556,-0.18802775900213842,2036-03-28T00:01:09.186,14,14
2035-05-13T00:01:09.185,330.0,35.00248270325269,3.194800530853172,-2.102872817595058,-1.014866192373261,5.364873924224831,2.492574166888369,-0.08766129696680025,2036-04-07T00:01:09.186,14,15
2035-05-13T00:01:09.185,340.0,38.343799876843434,3.4492697036171442,-2.0711010920937376,-1.009281695300627,5.559192011014559,2.727414790435928,0.019814702285911423,2036-04-17T00:01:09.186,14,16
2035-05-13T00:01:09.185,350.0,42.09828581454255,3.7204511200359747,-2.0125907438405335,-0.9914382420686527,5.761462774877231,2.980873142731351,0.13501042622488413,2036-04-27T00:01:09.186,14,17
2035-05-13T00:01:09.185,360.0,46.313556597403256,4.006188600620629,-1.9261369287080363,-0.9608155406352439,5.97140214830242,3.2540807034845063,0.2585957382910049,2036-05-07T00:01:09.185,14,18
2035-05-13T00:01:09.185,370.0,51.0465007577948,4.304601563246532,-1.8104563320527074,-0.9168380778534457,6.188842692607125,3.548462264236088,0.39133418359591765,2036-05-17T00:01:09.185,14,19
2035-05-13T00:01:09.185,380.0,56.365296459999854,4.614054703151522,-1.664108514838368,-0.8588466924381395,6.413718257173652,3.8657775266327583,0.5341148679622574,2036-05-27T00:01:09.185,14,20
2035-05-13T00:01:09.185,390.0,62.35203821965756,4.9331240718539355,-1.4854128557997992,-0.7860649650764566,6.646048788630484,4.208176414488367,0.6879861796174875,2036-06-06T00:01:09.185,14,21
2035-05-13T00:01:09.185,400.0,69.10616000084792,5.260558282855918,-1.2723585652454865,-0.6975598570249879,6.885923837430603,4.578270927188498,0.8541944879320464,2036-06-16T00:01:09.185,14,22
2035-05-13T00:01:09.185,410.0,76.74891862504465,5.595232948449011,-1.0225028849206392,-0.5921958735574115,7.13348274492386,4.979227762624227,1.0342308450391275,2036-06-26T00:01:09.184,14,23
2035-05-13T00:01:09.185,420.0,85.42930950000796,5.936095644465522,-0.7328567223582176,-0.4685828287202778,7.388888603123576,5.414887587494659,1.2298890703777943,2036-07-06T00:01:09.184,14,24
2035-05-16T00:01:09.185,180.0,18.49130174295121,3.856310167682947,-0.7203327213365434,-0.5969882820668904,4.180554563321454,0.8227857883361462,-0.5807657294946393,2035-11-12T00:01:09.183,15,0
2035-05-16T00:01:09.185,190.0,17.338029948309337,3.371767035861417,-0.7348926755923699,-0.6309046013993935,4.0537197212204745,0.7928205647635718,-0.5261386910174011,2035-11-22T00:01:09.183,15,1
2035-05-16T00:01:09.185,200.0,16.58650748982812,2.977796690632797,-0.7793520303840822,-0.7119856496340926,3.977568479553238,0.76329947365425,-0.4275867091150136,2035-12-02T00:01:09.183,15,2
2035-05-16T00:01:09.185,210.0,16.10524229938338,2.6667343073994303,-0.8217629132368778,-0.879423300823091,3.9445920117147537,0.705375906969623,-0.21881725335611169,2035-12-12T00:01:09.183,15,3
2035-05-16T00:01:09.185,220.0,16.039824861255212,2.4336321020447507,-0.7237578267615579,-1.4264507507538093,3.9452068782316836,0.4314039732404851,0.5376412940622659,2035-12-22T00:01:09.184,15,4
2035-05-16T00:01:09.185,230.0,34.20821939473771,2.436742065064898,-2.25481536101276,1.442351184004015,3.728489899891926,2.545515628264118,-3.7184583697286078,2036-01-01T00:01:09.184,15,5
2035-05-16T00:01:09.185,240.0,19.785927062509973,2.197188375257575,-1.5832131957960982,-0.21439537283946208,3.9891590364844802,1.4457877633714276,-1.3350037406051092,2036-01-11T00:01:09.184,15,6
2035-05-16T00:01:09.185,250.0,19.576316202174603,2.144938870819871,-1.617135514424243,-0.47647418165153077,4.078564639569077,1.4002664995172385,-0.9903940697324014,2036-01-21T00:01:09.184,15,7
2035-05-16T00:01:09.185,260.0,20.247459241629866,2.149469343636426,-1.701927355719275,-0.6119159720530907,4.177322781923706,1.4569547406552505,-0.8214112861004788,2036-01-31T00:01:09.185,15,8
2035-05-16T00:01:09.185,270.0,21.309598323034916,2.2006309109309683,-1.7921881738181664,-0.7056354168485024,4.289615504707928,1.5549680048606707,-0.7006223295498692,2036-02-10T00:01:09.185,15,9
2035-05-16T00:01:09.185,280.0,22.666789008789912,2.2923012549510737,-1.8746919805710318,-0.7772133653814575,4.414720798109649,1.679496196185168,-0.5969269725247601,2036-02-20T00:01:09.185,15,10
2035-05-16T00:01:09.185,290.0,24.29502723049268,2.41941475238902,-1.9432109309567773,-0.8330429924157143,4.551360296026466,1.8251490569735154,-0.4989765586430339,2036-03-01T00:01:09.185,15,11
2035-05-16T00:01:09.185,300.0,26.193701451740065,2.5775166967614993,-1.994015186868908,-0.8755236012438022,4.698302724088673,1.9895663166667124,-0.40159536370115934,2036-03-11T00:01:09.185,15,12
2035-05-16T00:01:09.185,310.0,28.37337980212674,2.7626420105897687,-2.024559815606622,-0.9055656836436854,4.854481934140782,2.171673960381616,-0.3020217923063404,2036-03-21T00:01:09.186,15,13
2035-05-16T00:01:09.185,320.0,30.8519264208298,2.971258928565309,-2.0329601370454258,-0.9234498561364275,5.019012187565544,2.3710783013949097,-0.19857182718745037,2036-03-31T00:01:09.186,15,14
2035-05-16T00:01:09.185,330.0,33.65326399615918,3.200228798044918,-2.0177316642787817,-0.929165393688715,5.191177039302801,2.5878236267569665,-0.09007674268651211,2036-04-10T00:01:09.186,15,15
2035-05-16T00:01:09.185,340.0,36.8072418959616,3.4467878606666638,-1.9776253621087552,-0.9225500364709434,5.370412034940365,2.8222901694720353,0.0243858612887502,2036-04-20T00:01:09.186,15,16
2035-05-16T00:01:09.185,350.0,40.350103904501296,3.7085099240921835,-1.9114956428238026,-0.9033370767652538,5.556286392368126,3.075154569350749,0.1456358647013607,2036-04-30T00:01:09.185,15,17
2035-05-16T00:01:09.185,360.0,44.325391811193384,3.9832639843887243,-1.818212197392528,-0.8711734716789765,5.748485305408018,3.3473827244999494,0.27447659357543497,2036-05-10T00:01:09.185,15,18
2035-05-16T00:01:09.185,370.0,48.78526993216807,4.2691844706075255,-1.696580464648406,-0.8256179649896316,5.946793612953893,3.640243799638869,0.41175324684770764,2036-05-20T00:01:09.185,15,19
2035-05-16T00:01:09.185,380.0,53.79231616263529,4.564638633400936,-1.5452619117901918,-0.7661248401936982,6.151080144203675,3.9553407051374503,0.558398718212505,2036-05-30T00:01:09.185,15,20
2035-05-16T00:01:09.185,390.0,59.42188084643569,4.868190127003059,-1.3626946027337876,-0.6920192958774729,6.361281739325435,4.294656081799653,0.7154750997915418,2036-06-09T00:01:09.185,15,21
2035-05-16T00:01:09.185,400.0,65.76517430386744,5.178559990588084,-1.1470081100390388,-0.602465903540554,6.577385624436161,4.660615228431402,0.8842162313830757,2036-06-19T00:01:09.184,15,22
2035-05-16T00:01:09.185,410.0,72.93331511618422,5.494579004507109,-0.895928413002137,-0.4964288853575525,6.799408216667274,5.056169120728667,1.0660754391184897,2036-06-29T00:01:09.184,15,23
2035-05-16T00:01:09.185,420.0,81.06267212172936,5.815135903265246,-0.6066756235783721,-0.37262776662822183,7.02736768085202,5.484902576400559,1.2627823752493388,2036-07-09T00:01:09.184,15,24
2035-05-19T00:01:09.185,180.0,17.453270835801202,3.7666072136363056,-0.6166268606714311,-0.6277160894379623,4.069721528629252,0.8117075613528932,-0.48142325458511603,2035-11-15T00:01:09.183,16,0
2035-05-19T00:01:09.185,190.0,16.3814511975769,3.29902028550309,-0.639411507061638,-0.682000742232983,3.9525331809008897,0.7715700398353693,-0.4044902039392815,2035-11-25T00:01:09.183,16,1
2035-05-19T00:01:09.185,200.0,15.684994566283752,2.921216765164429,-0.6844832365813112,-0.7892019469479905,3.883410590656524,0.7282426971033775,-0.2716234982031134,2035-12-05T00:01:09.183,16,2
2035-05-19T00:01:09.185,210.0,15.2779851467126,2.6255581447152068,-0.7178411207367006,-0.9954426080329579,3.85451206128657,0.6485977620780972,-0.006546688952506763,2035-12-15T00:01:09.183,16,3
2035-05-19T00:01:09.185,220.0,15.598211586915054,2.409763770784245,-0.6145688283228044,-1.5683444297640872,3.852189285201355,0.36309631727401204,0.7918398589847433,2035-12-25T00:01:09.184,16,4
2035-05-19T00:01:09.185,230.0,460.01544795837356,6.558661983112483,-9.06773751001717,10.575691464388122,-2.4660242484576393,12.659112156656803,-17.137124956350654,2036-01-04T00:01:09.184,16,5
2035-05-19T00:01:09.185,240.0,21.803958614075185,2.21880844637338,-1.7409767035694017,0.22373552456543955,3.8589143420008867,1.7794068273856887,-1.9355748649505262,2036-01-14T00:01:09.184,16,6
2035-05-19T00:01:09.185,250.0,19.82746154347865,2.157843390432749,-1.6625403246144348,-0.260815198278487,3.9704374890349996,1.5763319199791948,-1.2562903196310966,2036-01-24T00:01:09.185,16,7
2035-05-19T00:01:09.185,260.0,20.054496727341892,2.164666632166515,-1.7099409702261257,-0.46278307695001564,4.070419317526117,1.5880397061530545,-0.9819945002562047,2036-02-03T00:01:09.185,16,8
2035-05-19T00:01:09.185,270.0,20.896170494066467,2.218486552367711,-1.7789861154684257,-0.5864698411625056,4.179031567322355,1.6664601333981022,-0.809182474590564,2036-02-13T00:01:09.185,16,9
2035-05-19T00:01:09.185,280.0,22.097929979132488,2.3116790746335134,-1.8460229430406785,-0.6738567423539723,4.297935745771049,1.7808927785270345,-0.6738688416496217,2036-02-23T00:01:09.185,16,10
2035-05-19T00:01:09.185,290.0,23.59146313815543,2.438804502403933,-1.9017105064342434,-0.7385458265096647,4.426558404307137,1.9209005328644295,-0.5542427033840269,2036-03-04T00:01:09.185,16,11
2035-05-19T00:01:09.185,300.0,25.358793827950343,2.5953086942148467,-1.9411550068192107,-0.7859817194588968,4.563961610878447,2.0820051176089294,-0.4407980633219495,2036-03-14T00:01:09.186,16,12
2035-05-19T00:01:09.185,310.0,27.401809016541595,2.7772193566707486,-1.9613318142776603,-0.8186002749388023,4.709227014888228,2.2620711213965023,-0.3286703219526821,2036-03-24T00:01:09.186,16,13
2035-05-19T00:01:09.185,320.0,29.73299496746714,2.981030496286955,-1.9601607865065551,-0.8375426189660028,4.861549774114373,2.4600989948916645,-0.21503882581676415,2036-04-03T00:01:09.186,16,14
2035-05-19T00:01:09.185,330.0,32.372220316158305,3.20364502523649,-1.9360956192649974,-0.8433306405282031,5.020256308316732,2.675748237825589,-0.0980728440375982,2036-04-13T00:01:09.186,16,15
2035-05-19T00:01:09.185,340.0,35.34573481554093,3.4423449801896986,-1.887884955759083,-0.836152583769366,5.184799122115432,2.9091301085880907,0.023556106601411386,2036-04-23T00:01:09.186,16,16
2035-05-19T00:01:09.185,350.0,38.6861784948751,3.6947401445763113,-1.8144170592321043,-0.8159872111972626,5.354743860714834,3.160714839427232,0.1509250967744702,2036-05-03T00:01:09.185,16,17
2035-05-19T00:01:09.185,360.0,42.43319459129216,3.9587284960934905,-1.7146197079661203,-0.7826646116814926,5.529754294996248,3.4312950686819974,0.2850020699947793,2036-05-13T00:01:09.185,16,18
2035-05-19T00:01:09.185,370.0,46.63452211327232,4.232463838789744,-1.5873720675189258,-0.7358865852364618,5.709577111803956,3.7219817534994313,0.4267354499616989,2036-05-23T00:01:09.185,16,19
2035-05-19T00:01:09.185,380.0,51.347560280381664,4.514320098154439,-1.4314249071344083,-0.6752255256530937,5.894026445356207,4.034222065303528,0.5771177259809939,2036-06-02T00:01:09.185,16,20
2035-05-19T00:01:09.185,390.0,56.64147375517667,4.8028547236378,-1.2453228286491047,-0.6001107944114823,6.082967512762984,4.3698354113492925,0.7372370524902712,2036-06-12T00:01:09.185,16,21
2035-05-19T00:01:09.185,400.0,62.59997145315149,5.096767634811007,-1.0273221286690735,-0.5098042009061272,6.276298204046039,4.731067292127708,0.908325153455162,2036-06-22T00:01:09.184,16,22
2035-05-19T00:01:09.185,410.0,69.32496041981192,5.394851887726279,-0.7753047480008135,-0.40336824919928205,6.4739268330755735,5.120662933814433,1.0918071707288544,2036-07-02T00:01:09.184,16,23
2035-05-19T00:01:09.185,420.0,76.9413742365111,5.695949153954403,-0.48668284823101615,-0.279628713333536,6.675743650549542,5.54196503528887,1.289358172229198,2036-07-12T00:01:09.184,16,24
2035-05-22T00:01:09.185,180.0,16.473865912788046,3.6771679170583305,-0.5220982330712687,-0.6561284325249943,3.9607329542902505,0.7957328811193491,-0.3914965638326473,2035-11-18T00:01:09.183,17,0
2035-05-22T00:01:09.185,190.0,15.490308491582221,3.2269764702648605,-0.5533461736877641,-0.7273854012111602,3.8526734114662844,0.7480324526468038,-0.29608026943747845,2035-11-28T00:01:09.183,17,1
2035-05-22T00:01:09.185,200.0,14.86577744937601,2.8656763192804657,-0.6007582069602897,-0.8543832881812463,3.7899268265053614,0.6952919848268682,-0.13711730359996377,2035-12-08T00:01:09.183,17,2
2035-05-22T00:01:09.185,210.0,14.56089306931348,2.5857260649171394,-0.6307035013566384,-1.0845177032950089,3.7642782691372645,0.603663578833979,0.1633782892669382,2035-12-18T00:01:09.183,17,3
2035-05-22T00:01:09.185,220.0,15.14929763676569,2.386084145242542,-0.536212410516697,-1.6465552726918045,3.7601015092458425,0.32847849906332804,0.9502821436741469,2035-12-28T00:01:09.184,17,4
2035-05-22T00:01:09.185,230.0,118.97418743409155,3.290648716966846,1.4407220951588187,-8.012485005310213,2.2568050706413985,-2.7087185280533372,10.322008634127341,2036-01-07T00:01:09.184,17,5
2035-05-22T00:01:09.185,240.0,27.057880307698277,2.273158964154579,-2.018726600755489,0.8908249042383405,3.679346446642448,2.2822818713614588,-2.8829636648651515,2036-01-17T00:01:09.184,17,6
2035-05-22T00:01:09.185,250.0,20.58917721766182,2.17551814335663,-1.7336967972488342,0.003373291365621256,3.8543454792896767,1.7819984535792681,-1.5992747279258017,2036-01-27T00:01:09.185,17,7
2035-05-22T00:01:09.185,260.0,20.053276854158398,2.1810384547385837,-1.7294472557809968,-0.2937159422542308,3.9604194183239834,1.7274869884103392,-1.176496319583574,2036-02-06T00:01:09.185,17,8
2035-05-22T00:01:09.185,270.0,20.582997616246004,2.236265592502548,-1.7726912237754018,-0.4567795597685098,4.066741389185623,1.7792885634375413,-0.9374136214878508,2036-02-16T00:01:09.185,17,9
2035-05-22T00:01:09.185,280.0,21.592259632743364,2.3303159506837545,-1.8222962652734944,-0.5642203936133716,4.1800348062921415,1.8803373339562626,-0.7641336018392568,2036-02-26T00:01:09.185,17,10
2035-05-22T00:01:09.185,290.0,22.93355960111061,2.457025388457822,-1.86421066109606,-0.6400775580977032,4.3009837890128,2.0127852252931397,-0.619510843005469,2036-03-07T00:01:09.185,17,11
2035-05-22T00:01:09.185,300.0,24.561039545279545,2.611639177847234,-1.8918499894537613,-0.6939002183704835,4.429116052123025,2.1692700607091524,-0.48809624646847105,2036-03-17T00:01:09.186,17,12
2035-05-22T00:01:09.185,310.0,26.46393907976254,2.7901409853406527,-1.9014919549645026,-0.7300772953444491,4.563730215747764,2.3462889564313034,-0.36226196400106403,2036-03-27T00:01:09.186,17,13
2035-05-22T00:01:09.185,320.0,28.647668876122516,2.9890370513762754,-1.8907563815760016,-0.7508099692911232,4.704135909671578,2.5420964794429093,-0.23773874035343656,2036-04-06T00:01:09.186,17,14
2035-05-22T00:01:09.185,330.0,31.12728607758191,3.205269117761908,-1.8579746679406846,-0.7572537493794713,4.849721717019513,2.7558973880055895,-0.11187015614178275,2036-04-16T00:01:09.186,17,15
2035-05-22T00:01:09.185,340.0,33.92513373024231,3.4361613941772475,-1.8018561154668031,-0.7500019588924705,4.999970055512716,2.987496998293997,0.01717147060780455,2036-04-26T00:01:09.186,17,16
2035-05-22T00:01:09.185,350.0,37.07019203518198,3.6793607288501313,-1.7212994997210398,-0.7293116084301947,5.1544531897780885,3.237139269010795,0.15077699624519791,2036-05-06T00:01:09.185,17,17
2035-05-22T00:01:09.185,360.0,40.59831453766063,3.9327965194373427,-1.6152717323337171,-0.6952145111640027,5.312822629366728,3.505433395256116,0.290115421811068,2036-05-16T00:01:09.185,17,18
2035-05-22T00:01:09.185,370.0,44.553052892079826,4.1946443465886105,-1.4827113930414413,-0.6475665652369367,5.474795965528944,3.7933278906610663,0.43626315663907267,2036-05-26T00:01:09.185,17,19
2035-05-22T00:01:09.185,380.0,48.98698580580005,4.46328928634173,-1.3224458275251632,-0.5860650909115437,5.640142190697929,4.102114029761056,0.5902900654311569,2036-06-05T00:01:09.185,17,20
2035-05-22T00:01:09.185,390.0,53.9635784800134,4.73728712078224,-1.1331133502259174,-0.5102463946747626,5.808665385617658,4.433451021612184,0.7533239388911941,2036-06-15T00:01:09.185,17,21
2035-05-22T00:01:09.185,400.0,59.55967368760944,5.015321515127871,-0.9130854203231653,-0.4194704986082174,5.980185878157812,4.789410483947423,0.9266055075089046,2036-06-25T00:01:09.184,17,22
2035-05-22T00:01:09.185,410.0,65.86878608229601,5.296155842782373,-0.6603875105872064,-0.3128980731792481,6.15451727712221,5.172540808271668,1.1115416117557224,2036-07-05T00:01:09.184,17,23
2035-05-22T00:01:09.185,420.0,73.0054691128808,5.578593727735652,-0.3726063922886951,-0.1894570389642034,6.331437264218458,5.585955052156757,1.3097623591442407,2036-07-15T00:01:09.184,17,24
2035-05-25T00:01:09.185,180.0,15.537045258844245,3.5882830167342394,-0.436464468020052,-0.6826255040529716,3.8526741487815634,0.772851602466865,-0.3108819112121184,2035-11-21T00:01:09.183,18,0
2035-05-25T00:01:09.185,190.0,14.644962727298681,3.155834994738596,-0.4761608491423708,-0.767973269871554,3.753239026429558,0.7198022574827068,-0.200110589194038,2035-12-01T00:01:09.183,18,1
2035-05-25T00:01:09.185,200.0,14.100132028583184,2.8112461151704817,-0.5269671432832546,-0.9098471116266618,3.696309629702469,0.6610392740332145,-0.021312628594793104,2035-12-11T00:01:09.183,18,2
2035-05-25T00:01:09.185,210.0,13.902157940568001,2.547049758339959,-0.5568120745378664,-1.1539800769679243,3.6733900258126937,0.5637710974707346,0.3008750712246915,2035-12-21T00:01:09.184,18,3
2035-05-25T00:01:09.185,220.0,14.666586178674471,2.362531302474885,-0.4754206786766453,-1.6916738731513856,3.6682376764035887,0.3065300171568133,1.0567203398579572,2035-12-31T00:01:09.184,18,4
2035-05-25T00:01:09.185,230.0,41.323810611889925,2.5094325179343606,0.5027460970158728,-4.62496305447968,3.295279510589772,-1.2619691946939504,5.373302272403876,2036-01-10T00:01:09.184,18,5
2035-05-25T00:01:09.185,240.0,42.19209935239613,2.4298595344429295,-2.564530773521388,2.051544323149371,3.3450490021783423,3.1733697290263088,-4.575201753837889,2036-01-20T00:01:09.184,18,6
2035-05-25T00:01:09.185,250.0,22.214102285210423,2.2020751060074772,-1.8418457245853297,0.33871991418661374,3.7232467498780863,2.0323848171797323,-2.0544945557557446,2036-01-30T00:01:09.185,18,7
2035-05-25T00:01:09.185,260.0,20.311217129919417,2.1996493405216064,-1.763311675266607,-0.09874998881709418,3.8449318806822887,1.8778104420752353,-1.414759310436085,2036-02-09T00:01:09.185,18,8
2035-05-25T00:01:09.185,270.0,20.384368812931182,2.254466711681477,-1.7744423317964335,-0.31421043560369943,3.951246404949174,1.8933503201754096,-1.089607831010352,2036-02-19T00:01:09.185,18,9
2035-05-25T00:01:09.185,280.0,21.147178748511436,2.348543161908374,-1.8040867470380497,-0.4471670957125007,4.059807234478338,1.9768769063602214,-0.8701158914124161,2036-02-29T00:01:09.185,18,10
2035-05-25T00:01:09.185,290.0,22.311337688212813,2.4743497481013996,-1.831046291765471,-0.5370205812496835,4.173549493005147,2.0995049822361587,-0.6963484380788385,2036-03-10T00:01:09.185,18,11
2035-05-25T00:01:09.185,300.0,23.78635393092254,2.626759094423605,-1.8463117391401418,-0.5989171686114986,4.292743357365779,2.2499068578054136,-0.5446352264724421,2036-03-20T00:01:09.186,18,12
2035-05-25T00:01:09.185,310.0,25.542890651620514,2.801652119764622,-1.8451779386813687,-0.6397729176494252,4.417006624135151,2.4228019114180412,-0.4037004235764323,2036-03-30T00:01:09.186,18,13
2035-05-25T00:01:09.185,320.0,27.57683090060389,2.9955254227204335,-1.8248322596419682,-0.6631063588005917,4.545809407306084,2.6155175934123047,-0.2674237304393561,2036-04-09T00:01:09.186,18,14
2035-05-25T00:01:09.185,330.0,29.89732441068601,3.205350463465898,-1.7834117926804582,-0.67083354639436,4.678626882548404,2.8267153625441175,-0.1321179917289701,2036-04-19T00:01:09.186,18,15
2035-05-25T00:01:09.185,340.0,32.52232563672633,3.428488761138759,-1.7195450296521493,-0.6640220704467183,4.814986502139167,3.0558483156110317,0.0046575660142700315,2036-04-29T00:01:09.185,18,16
2035-05-25T00:01:09.185,350.0,35.476994314721686,3.662623617236619,-1.632113772292394,-0.6432462729261803,4.95447815893251,3.302909249874107,0.14467541075968082,2036-05-09T00:01:09.185,18,17
2035-05-25T00:01:09.185,360.0,38.7934284845986,3.905716408577627,-1.5201049786761764,-0.6087627378713041,5.096750351625666,3.568310777711968,0.28934846028079875,2036-05-19T00:01:09.185,18,18
2035-05-25T00:01:09.185,370.0,42.51116689708344,4.155967182769805,-1.3825012327347537,-0.5605955621784586,5.241500299900228,3.8528328483693155,0.43990970182032996,2036-05-29T00:01:09.185,18,19
2035-05-25T00:01:09.185,380.0,46.678263083546156,4.411774769639363,-1.2181929766973774,-0.49857467054041393,5.388460785917449,4.157609351072486,0.597526506567446,2036-06-08T00:01:09.185,18,20
2035-05-25T00:01:09.185,390.0,51.352899784676445,4.671696828674008,-1.0259009318757304,-0.4223479101842669,5.537384386387693,4.484141265456157,0.763381329022069,2036-06-18T00:01:09.184,18,21
2035-05-25T00:01:09.185,400.0,56.605607387880625,4.934405714950943,-0.8040999571215188,-0.33137569569752756,5.688024576338595,4.834331258814267,0.9387358983761303,2036-06-28T00:01:09.184,18,22
2035-05-25T00:01:09.185,410.0,62.522227868490155,5.198641891174423,-0.5509469380607079,-0.22491672535655738,5.840112394788225,5.210538801876017,1.1249891016696765,2036-07-08T00:01:09.184,18,23
2035-05-25T00:01:09.185,420.0,69.20786416219593,5.463178175364615,-0.2641876010941999,-0.10199823134048902,5.993326789030764,5.6156586041645475,1.3237358511254422,2036-07-18T00:01:09.184,18,24
2035-05-28T00:01:09.185,180.0,14.638752288826176,3.5002249619162225,-0.3595261480170322,-0.7075521416286605,3.7460139678571593,0.7407068907316621,-0.23976017907039804,2035-11-24T00:01:09.183,19,0
2035-05-28T00:01:09.185,190.0,13.838548597221843,3.0857904102838436,-0.4074636843509225,-0.804521006586917,3.654708671691534,0.6842133936577781,-0.1162116785175007,2035-12-04T00:01:09.183,19,1
2035-05-28T00:01:09.185,200.0,13.37536015874969,2.7580245495522373,-0.46224201418075594,-0.9573815473801659,3.6031001325572483,0.6221001752828883,0.07759488017020821,2035-12-14T00:01:09.183,19,2
2035-05-28T00:01:09.185,210.0,13.278566584575769,2.509486567572484,-0.4938942345033386,-1.2087622495885064,3.5825415702290755,0.5234708558893129,0.41223869928825074,2035-12-24T00:01:09.184,19,3
2035-05-28T00:01:09.185,220.0,14.154630033949086,2.3392679535889016,-0.4264002508938489,-1.717469206154676,3.576982317361548,0.2866151926620848,1.1303447556242179,2036-01-03T00:01:09.184,19,4
2035-05-28T00:01:09.185,230.0,27.872252539492926,2.3663921017371834,0.19671504107086868,-3.646324439320381,3.3955918657331132,-0.7564743803255762,3.9711402559933684,2036-01-13T00:01:09.184,19,5
2035-05-28T00:01:09.185,240.0,102.66153239901652,3.062356417372257,-3.9288863753872905,4.591105330733057,2.295830805029624,5.271541024334665,-8.342754253988918,2036-01-23T00:01:09.185,19,6
2035-05-28T00:01:09.185,250.0,25.45073009468493,2.2458515523972764,-2.0066147094443982,0.7843122308018451,3.5650940083634453,2.354848573605505,-2.6824472038800895,2036-02-02T00:01:09.185,19,7
2035-05-28T00:01:09.185,260.0,20.955260598813197,2.2221329712654416,-1.8156544984279144,0.1306901980016808,3.7221276618492283,2.0430176199977446,-1.7108785088628427,2036-02-12T00:01:09.185,19,8
2035-05-28T00:01:09.185,270.0,20.337379451117243,2.273750886763775,-1.7857410519008798,-0.15566997473264266,3.8322403190635335,2.0086838129717393,-1.271417684148835,2036-02-22T00:01:09.185,19,9
2035-05-28T00:01:09.185,280.0,20.774978969843925,2.3667657792261885,-1.7921191455483614,-0.3212866318859757,3.937376417958987,2.069380932616843,-0.9948409264129747,2036-03-03T00:01:09.185,19,10
2035-05-28T00:01:09.185,290.0,21.727401579531296,2.4910962257094624,-1.8026316182743363,-0.4286422889588085,4.044547580700872,2.179481320417974,-0.7867004645525144,2036-03-13T00:01:09.186,19,11
2035-05-28T00:01:09.185,300.0,23.032508290983884,2.640956743724235,-1.804802334758386,-0.5006212345070465,4.155217106555899,2.3221416221305304,-0.6118311655498587,2036-03-23T00:01:09.186,19,12
2035-05-28T00:01:09.185,310.0,24.63347929909805,2.812032285812883,-1.7925628914551703,-0.5474439968891425,4.2694749975535125,2.4897485048877197,-0.45410893712065725,2036-04-02T00:01:09.186,19,13
2035-05-28T00:01:09.185,320.0,26.513140808461923,3.000775220038676,-1.7625012419954862,-0.5742818619741878,4.38701606751351,2.6784664347120977,-0.305038341788185,2036-04-12T00:01:09.186,19,14
2035-05-28T00:01:09.185,330.0,28.673180296719366,3.204171747680004,-1.7124727080423936,-0.5839731018089953,4.507433854492476,2.886301191535109,-0.1596426504336499,2036-04-22T00:01:09.186,19,15
2035-05-28T00:01:09.185,340.0,31.126457488214466,3.4196125844662966,-1.6409764000111569,-0.5781451369914223,4.630319127198234,3.1122958344346667,-0.014727779101796123,2036-05-02T00:01:09.185,19,16
2035-05-28T00:01:09.185,350.0,33.89402479289581,3.6448149680456083,-1.5468472352160614,-0.5577380119326802,4.755291714961572,3.3561610181246486,0.1319421044783038,2036-05-12T00:01:09.185,19,17
2035-05-28T00:01:09.185,360.0,37.00417549748893,3.8777726262444965,-1.4290705229549445,-0.5232613824720014,4.882006729339164,3.6180961506307208,0.28207452378264275,2036-05-22T00:01:09.185,19,18
2035-05-28T00:01:09.185,370.0,40.492544117007284,4.1167105867369695,-1.286656426164308,-0.4749239449837992,5.010149599453705,3.898704333222619,0.4370922445117724,2036-06-01T00:01:09.185,19,19
2035-05-28T00:01:09.185,380.0,44.40289326778721,4.360043537586838,-1.118545913504219,-0.41269864095434894,5.1394253575125255,4.198959111254904,0.5982830804509591,2036-06-11T00:01:09.185,19,20
2035-05-28T00:01:09.185,390.0,48.78847580689882,4.606334381427157,-0.9235297092637449,-0.3363506444352087,5.269543991543216,4.520204079716513,0.7669009100293254,2036-06-21T00:01:09.184,19,21
2035-05-28T00:01:09.185,400.0,53.7139895259796,4.8542472022431635,-0.7001754556577353,-0.24544365387999356,5.400201906531429,4.864176896221487,0.9442415035037519,2036-07-01T00:01:09.184,19,22
2035-05-28T00:01:09.185,410.0,59.25823478174443,5.102506905272035,-0.44675980835107154,-0.13933550896468905,5.531058588463708,5.233055083485017,1.1317067490909025,2036-07-11T00:01:09.184,19,23
2035-05-28T00:01:09.185,420.0,65.51768193263322,5.349860771255438,-0.1611718971558318,-0.01715031608289319,5.66170672257563,5.6295251687580095,1.3308663698866385,2036-07-21T00:01:09.184,19,24
2035-05-31T00:01:09.185,180.0,13.784856974489063,3.41326858194172,-0.2911479564438544,-0.7312075520576133,3.6424252523058023,0.6969588394785831,-0.17844784091364918,2035-11-27T00:01:09.183,20,0
2035-05-31T00:01:09.185,190.0,13.074653920969737,3.0170485813340413,-0.34697126081010055,-0.8376605775182462,3.558761175346948,0.6386814330313051,-0.04425883995345803,2035-12-07T00:01:09.183,20,1
2035-05-31T00:01:09.185,200.0,12.691174194334828,2.7061427941913667,-0.40595863819900657,-0.9983908755250903,3.5120181246465414,0.5753661486189667,0.16080012908077457,2035-12-17T00:01:09.183,20,2
2035-05-31T00:01:09.185,210.0,12.68513501945019,2.473088314348388,-0.4404476875922789,-1.2523094988694758,3.4935276454117385,0.47835061043876337,0.5015778141893494,2035-12-27T00:01:09.184,20,3
2035-05-31T00:01:09.185,220.0,13.62809304390173,2.316505684396155,-0.3862673885321204,-1.7310622554727262,3.487889022975967,0.2622573412858955,1.1806541806334052,2036-01-06T00:01:09.184,20,4
2035-05-31T00:01:09.185,230.0,22.605858880637044,2.3058981959116096,0.05567682245037808,-3.172579609698402,3.3769065048047118,-0.5098294897164841,3.3079351913028914,2036-01-16T00:01:09.184,20,5
2035-05-31T00:01:09.185,240.0,651.0880474191073,8.87643963232032,-9.79191278434056,12.549119914420185,-6.53141977823433,14.064373610036398,-20.26381005775835,2036-01-26T00:01:09.185,20,6
2035-05-31T00:01:09.185,250.0,32.03588570061359,2.32592369840183,-2.265471262438079,1.4137688127032906,3.352725066017353,2.8036671184086392,-3.5964664632756858,2036-02-05T00:01:09.185,20,7
2035-05-31T00:01:09.185,260.0,22.210229491881744,2.251143474045044,-1.8925843605441997,0.407414072257013,3.589860009594453,2.230124635481763,-2.085588337523393,2036-02-15T00:01:09.185,20,8
2035-05-31T00:01:09.185,270.0,20.50723124018758,2.2950240746094224,-1.8085766510426167,0.023007443792546045,3.7102933674965577,2.126055924381358,-1.4902484939437315,2036-02-25T00:01:09.185,20,9
2035-05-31T00:01:09.185,280.0,20.503057831966657,2.3854860304520606,-1.7872937640989615,-0.18479127647070737,3.8139708859622274,2.156972423442385,-1.1419955680773226,2036-03-06T00:01:09.185,20,10
2035-05-31T00:01:09.185,290.0,21.195913426484886,2.5076396815361157,-1.7794609762726121,-0.3140533407278407,3.915440170056108,2.2512462726071334,-0.8928224466647157,2036-03-16T00:01:09.186,20,11
2035-05-31T00:01:09.185,300.0,22.307697686050883,2.654561905303222,-1.7676259911689725,-0.3985302994529584,4.018103613901445,2.3842580279671086,-0.6912703451453872,2036-03-26T00:01:09.186,20,12
2035-05-31T00:01:09.185,310.0,23.740611892761088,2.8215961741797635,-1.743845654236965,-0.4528154530516382,4.122755518297936,2.5453027788285283,-0.5147160316065325,2036-04-05T00:01:09.186,20,13
2035-05-31T00:01:09.185,320.0,25.459339246088316,3.0050993304745752,-1.7038925834872654,-0.4841739882326843,4.22940634134012,2.729072948778116,-0.3515993261765695,2036-04-15T00:01:09.186,20,14
2035-05-31T00:01:09.185,330.0,27.455921260751236,3.202047416088856,-1.645233798304802,-0.4965725272195538,4.337810191382552,2.9327755361031667,-0.19532449698818422,2036-04-25T00:01:09.186,20,15
2035-05-31T00:01:09.185,340.0,29.737125027452823,3.409849467878825,-1.5661829867798787,-0.49230608811057186,4.447643893913984,3.1549713246579714,-0.04177033598624558,2036-05-05T00:01:09.185,20,16
2035-05-31T00:01:09.185,350.0,32.31945389247169,3.6262528613497373,-1.4654926201124372,-0.47273965261717876,4.558571431779484,3.395050427120303,0.1118614819582362,2036-05-15T00:01:09.185,20,17
2035-05-31T00:01:09.185,360.0,35.22725173442441,3.8492813448924768,-1.3421227234180364,-0.4386697774306434,4.6702648524523305,3.65297828172093,0.2676333604915815,2036-05-25T00:01:09.185,20,18
2035-05-31T00:01:09.185,370.0,38.49228804355395,4.077185167854941,-1.1950945143647935,-0.3905106525492883,4.7824064395734815,3.929170363889501,0.42719660791314507,2036-06-04T00:01:09.185,20,19
2035-05-31T00:01:09.185,380.0,42.154208684998466,4.308396508100566,-1.0233851588086083,-0.3283904952692538,4.894681616360177,4.224435277251935,0.5919857665295267,2036-06-14T00:01:09.185,20,20
2035-05-31T00:01:09.185,390.0,46.26162894967765,4.5414847424036076,-0.8258438248859132,-0.2521988582403418,5.006766110100099,4.539958870244612,0.7633449580091831,2036-06-24T00:01:09.184,20,21
2035-05-31T00:01:09.185,400.0,50.87382714010697,4.775109699437003,-0.6011212894990337,-0.16160776146343725,5.118308244909809,4.877316740420621,0.94261830228784,2036-07-04T00:01:09.184,20,22
2035-05-31T00:01:09.185,410.0,56.06311418216791,5.007986863569495,-0.3476004873119187,-0.056074840255824654,5.228905972079719,5.238510514517349,1.131222394849098,2036-07-14T00:01:09.184,20,23
2035-05-31T00:01:09.185,420.0,61.91804740960157,5.238840904909212,-0.06330138090693893,0.06518003977826492,5.338076968974452,5.626027632349108,1.3307121262505985,2036-07-24T00:01:09.183,20,24
2035-06-03T00:01:09.185,180.0,12.99281467432323,3.327707035916532,-0.23123865253557696,-0.7538525417316535,3.545102029785525,0.6394133434541516,-0.12734539232560582,2035-11-30T00:01:09.183,21,0
2035-06-03T00:01:09.185,190.0,12.368726990583315,2.94983998042491,-0.29447855747436336,-0.8679259340241225,3.468592326108947,0.580816322113682,0.015705597975702368,2035-12-10T00:01:09.183,21,1
2035-06-03T00:01:09.185,200.0,12.06028480439385,2.6557716828213884,-0.357663657170324,-1.0339974504685898,3.4262846614731473,0.5180578332925787,0.22907270529657575,2035-12-20T00:01:09.184,21,2
2035-06-03T00:01:09.185,210.0,12.132564368699914,2.4379779272779167,-0.395454124204603,-1.287108675301786,3.409602244093797,0.42478168344641,0.5716095058507071,2035-12-30T00:01:09.184,21,3
2035-06-03T00:01:09.185,220.0,13.1105688354702,2.2944807499329123,-0.3534594824436521,-1.7365236143137777,3.404038574669034,0.2289897154385354,1.2127052106174823,2036-01-09T00:01:09.184,21,4
2035-06-03T00:01:09.185,230.0,19.712548145568086,2.2697992872743455,-0.021827653180716666,-2.886165800277944,3.3281107013394546,-0.37529423993161437,2.914683780219055,2036-01-19T00:01:09.184,21,5
2035-06-03T00:01:09.185,240.0,522.7271092398609,7.6634190352991265,3.381150004360057,-15.353692042651502,-4.770435681621606,-5.515606059068157,21.66905956539284,2036-01-29T00:01:09.185,21,6
2035-06-03T00:01:09.185,250.0,46.667303487477284,2.4937445943723233,-2.699420136839721,2.3829008824911337,3.011195273472282,3.499032336997848,-5.035551530581218,2036-02-08T00:01:09.185,21,7
2035-06-03T00:01:09.185,260.0,24.48339762894575,2.2912806504940164,-2.003549498078298,0.75143520737512,3.4445495620524227,2.4513795473241107,-2.5708392128780146,2036-02-18T00:01:09.185,21,8
2035-06-03T00:01:09.185,270.0,21.000853155697943,2.319570710061239,-1.845630298705483,0.2275810657929731,3.5869526374196425,2.247430435008525,-1.756041107834212,2036-02-28T00:01:09.185,21,9
2035-06-03T00:01:09.185,280.0,20.37859856997066,2.405337108624014,-1.790729844819258,-0.03536975860674452,3.6921792019344792,2.2392470176883545,-1.316124653878553,2036-03-09T00:01:09.185,21,10
2035-06-03T00:01:09.185,290.0,20.745356835909757,2.524421792321835,-1.7621146469457967,-0.19215221317307984,3.789146918077666,2.3136030344292493,-1.0173315429160996,2036-03-19T00:01:09.186,21,11
2035-06-03T00:01:09.185,300.0,21.632746563100152,2.66794906465703,-1.7351256520546645,-0.2920660334444606,3.8844581862430445,2.434739496224977,-0.7847131628510478,2036-03-29T00:01:09.186,21,12
2035-06-03T00:01:09.185,310.0,22.881289314671285,2.8306954887373585,-1.6992427370771406,-0.35556645145007937,3.979968554841669,2.587809256766045,-0.5868414332157976,2036-04-08T00:01:09.186,21,13
2035-06-03T00:01:09.185,320.0,24.430157924687755,3.0088428194079704,-1.6491423933762315,-0.39259796712358375,4.076134603539398,2.765624480588241,-0.40817379985429314,2036-04-18T00:01:09.186,21,14
2035-06-03T00:01:09.185,330.0,26.258692035900136,3.1993219259228667,-1.5817736342945574,-0.40852245177702784,4.172928046483946,2.964410348834228,-0.24007256922093667,2036-04-28T00:01:09.186,21,15
2035-06-03T00:01:09.185,340.0,28.36618294637008,3.399545603398103,-1.4951959120112512,-0.4064371923686214,4.270140695964727,3.182154986410886,-0.07727241096464477,2036-05-08T00:01:09.185,21,16
2035-06-03T00:01:09.185,350.0,30.763949145274637,3.6072836791705267,-1.3880388182617196,-0.38820465429343987,4.3674975852917655,3.417880467191848,0.08370842092448205,2036-05-18T00:01:09.185,21,17
2035-06-03T00:01:09.185,360.0,33.47212832588479,3.8205870729715308,-1.2592113930587345,-0.35495047331820384,4.464699113789699,3.6712925481040095,0.2453592782966001,2036-05-28T00:01:09.185,21,18
2035-06-03T00:01:09.185,370.0,36.518588290648076,4.03773042897657,-1.107726763426193,-0.3073189309016211,4.561433356586143,3.942605401169737,0.40960551111840804,2036-06-07T00:01:09.185,21,19
2035-06-03T00:01:09.185,380.0,39.93897123608919,4.257163151534485,-0.9325844112159398,-0.24560838054622458,4.657374104531279,4.232456242563012,0.5780586832840151,2036-06-17T00:01:09.185,21,20
2035-06-03T00:01:09.185,390.0,43.777489438380414,4.477462741318071,-0.732680531678275,-0.1698423928041244,4.752170691710795,4.541871507273643,0.7521744256761238,2036-06-27T00:01:09.184,21,21
2035-06-03T00:01:09.185,400.0,48.08835348531037,4.697288423965141,-0.5067383307509878,-0.0798067400033533,4.845431675555645,4.872266675054273,0.9333610287493119,2036-07-07T00:01:09.184,21,22
2035-06-03T00:01:09.185,410.0,52.937865684720755,4.915350023837874,-0.25323460863091896,0.02493971192192923,4.936702598460961,5.225472605793754,1.1230624137458198,2036-07-17T00:01:09.184,21,23
2035-06-03T00:01:09.185,420.0,58.4073024402389,5.130353255378743,0.029691346463650348,0.14508069322463513,5.025436302040369,5.6037857395470105,1.3228294673249774,2036-07-27T00:01:09.183,21,24
2035-06-06T00:01:09.185,180.0,12.297764521676736,3.243873925353425,-0.17971185185324146,-0.7757115105927106,3.4595177106692994,0.5674755055970602,-0.086448145090261,2035-12-03T00:01:09.183,22,0
2035-06-06T00:01:09.185,190.0,11.75392323530329,2.8844380403786367,-0.24980984448075105,-0.8957694613218443,3.3896712084611096,0.5098614359993183,0.06398163731731588,2035-12-13T00:01:09.183,22,1
2035-06-06T00:01:09.185,200.0,11.513743890798205,2.6071316343827604,-0.31699809678883994,-1.065110827645249,3.3513805994721437,0.4491216440362571,0.28334028506039877,2035-12-23T00:01:09.184,22,2
2035-06-06T00:01:09.185,210.0,11.651136831543354,2.4043437113064137,-0.35818221630190195,-1.315009534862563,3.33625382494861,0.3611386085333361,0.6246007944965557,2036-01-02T00:01:09.184,22,3
2035-06-06T00:01:09.185,220.0,12.64068778153084,2.273459043760841,-0.3270503223116137,-1.7363745136238595,3.3307927674994744,0.184864238131917,1.2297693015211997,2036-01-12T00:01:09.184,22,4
2035-06-06T00:01:09.185,230.0,17.828564195154485,2.2442554215733885,-0.06960602356483747,-2.689689690993749,3.275275559407195,-0.30384014166646267,2.647416735879804,2036-01-22T00:01:09.184,22,5
2035-06-06T00:01:09.185,240.0,123.51011321682466,3.3661105990270386,1.756155483776638,-7.926210282163769,1.5812860480023154,-3.1077566997926347,10.552321827262087,2036-02-01T00:01:09.185,22,6
2035-06-06T00:01:09.185,250.0,85.47732920861367,2.926270885703456,-3.5180945662792205,4.079970212572539,2.276538498922651,4.7571505675768675,-7.593696079574146,2036-02-11T00:01:09.185,22,7
2035-06-06T00:01:09.185,260.0,28.559570395302657,2.351160772738627,-2.1639728358094326,1.195786847894985,3.2787264418877022,2.729782712376699,-3.2183551167915536,2036-02-21T00:01:09.185,22,8
2035-06-06T00:01:09.185,270.0,21.996956967820125,2.3492839604020688,-1.9005950655818857,0.46625104946428175,3.4651191976151843,2.3779485499201662,-2.0821303052574316,2036-03-02T00:01:09.185,22,9
2035-06-06T00:01:09.185,280.0,20.48256221577733,2.427126030944123,-1.8038201928692437,0.13003339615405307,3.5766123218296073,2.317840607076314,-1.522504986954743,2036-03-12T00:01:09.186,22,10
2035-06-06T00:01:09.185,290.0,20.429920368714566,2.541957488347638,-1.751261510385035,-0.06154383639547628,3.6707604278100305,2.367106095215508,-1.162861549941383,2036-03-22T00:01:09.186,22,11
2035-06-06T00:01:09.185,300.0,21.052218829026653,2.6815343075031386,-1.707670256661825,-0.18051451446835987,3.7595538067695067,2.4737228042449875,-0.8936831042320761,2036-04-01T00:01:09.186,22,12
2035-06-06T00:01:09.185,310.0,22.096040269979554,2.8397099059498423,-1.6589712889705917,-0.2553057512444772,3.846467022985582,2.6172259586669284,-0.6714610877362612,2036-04-11T00:01:09.186,22,13
2035-06-06T00:01:09.185,320.0,23.464283381417726,3.0123721415291094,-1.598377083451565,-0.29932993791796436,3.9325923550109856,2.7880033611223,-0.47543454764839677,2036-04-21T00:01:09.186,22,14
2035-06-06T00:01:09.185,330.0,25.119303006766145,3.1963579861079587,-1.522155227682541,-0.31969022067830455,4.0181972719082175,2.9810630020962225,-0.29437572645950905,2036-05-01T00:01:09.185,22,15
2035-06-06T00:01:09.185,340.0,27.051015182085795,3.389062320318537,-1.4280284109387757,-0.3204557390633238,4.103226038703379,3.193706960687541,-0.12160224771080186,2036-05-11T00:01:09.185,22,16
2035-06-06T00:01:09.185,350.0,29.26467059993678,3.5882677763959485,-1.314456367687935,-0.3040770218204294,4.1874853134691215,3.424530560188428,0.047199488903233,2036-05-21T00:01:09.185,22,17
2035-06-06T00:01:09.185,360.0,31.775809867161804,3.79204740531919,-1.180267012827274,-0.2720593654237682,4.270716833112463,3.6729482240018925,0.21503242158568847,2036-05-31T00:01:09.185,22,18
2035-06-06T00:01:09.185,370.0,34.60827856489678,3.9986975659151014,-1.0244458189510972,-0.22530715129068923,4.352623951482517,3.9389557463203246,0.3841496198196688,2036-06-10T00:01:09.185,22,19
2035-06-06T00:01:09.185,380.0,37.79376653140301,4.206684960820207,-0.8459995261480184,-0.1643073762810392,4.432876803342683,4.223010407512811,0.5563747620335033,2036-06-20T00:01:09.184,22,20
2035-06-06T00:01:09.185,390.0,41.37226375079269,4.414595335806851,-0.6438593276922582,-0.08922862465505155,4.511105862576986,4.525976136509383,0.7332991607548909,2036-06-30T00:01:09.184,22,21
2035-06-06T00:01:09.185,400.0,45.39321101494284,4.621090890191318,-0.4168107574992419,2.2588704213788446e-05,4.5868876660384394,4.849109192348567,0.9164128953522597,2036-07-10T00:01:09.184,22,22
2035-06-06T00:01:09.185,410.0,49.91732181557704,4.824878627880326,-0.16341169398189948,0.10378358040632296,4.659723680909824,5.194073849754702,1.107200919634559,2036-07-20T00:01:09.184,22,23
2035-06-06T00:01:09.185,420.0,55.019150793545535,5.024647783223308,0.11808993049277561,0.22264068079547528,4.729011127565304,5.5629826860947,1.3072215508932166,2036-07-30T00:01:09.183,22,24
2035-06-09T00:01:09.185,180.0,11.736585681719081,3.1621625981640253,-0.13639776815220728,-0.7969650883001638,3.390932585617911,0.4849929711225016,-0.054255870424109176,2035-12-06T00:01:09.183,23,0
2035-06-09T00:01:09.185,190.0,11.26550905658566,2.8211710648818666,-0.21272527697652066,-0.9215674552341389,3.3272438953857773,0.42952085880952406,0.10231788236308681,2035-12-16T00:01:09.183,23,1
2035-06-09T00:01:09.185,200.0,11.085457313888623,2.5604980646722133,-0.2835849289303951,-1.0924733337566916,3.2925491453829103,0.37202241403921743,0.32584775981940384,2035-12-26T00:01:09.184,23,2
2035-06-09T00:01:09.185,210.0,11.274901576637296,2.372431782330356,-0.3280023895421831,-1.337424013807773,3.278713711981517,0.29048145467892184,0.6637458067583517,2036-01-05T00:01:09.184,23,3
2035-06-09T00:01:09.185,220.0,12.258333679218813,2.2537340174166687,-0.3063660264481154,-1.7322894057179772,3.2732825312430975,0.13283439427941346,1.2354392634095834,2036-01-15T00:01:09.184,23,4
2035-06-09T00:01:09.185,230.0,16.50748344850168,2.224643141432658,-0.10197761127627203,-2.5434897301727624,3.2307278423322145,-0.2705236733042735,2.4488156319868337,2036-01-25T00:01:09.185,23,5
2035-06-09T00:01:09.185,240.0,60.88823258358278,2.686847092669826,1.0043721006969877,-5.614134107588753,2.532988566281869,-1.995534914981091,7.105634518447983,2036-02-04T00:01:09.185,23,6
2035-06-09T00:01:09.185,250.0,230.271907187891,4.524124535047932,-5.426208872286598,7.7047645461969365,-0.21903108427104456,7.646672164821602,-13.105431598225087,2036-02-14T00:01:09.185,23,7
2035-06-09T00:01:09.185,260.0,36.060071480777665,2.4485890354116364,-2.4008461607064087,1.7989480929408508,3.0704873649726743,3.110548683017444,-4.117847218256072,2036-02-24T00:01:09.185,23,8
2035-06-09T00:01:09.185,270.0,23.776315175155553,2.387074681517806,-1.9787045826546728,0.7511309739882892,3.345842727609906,2.529643479885097,-2.4864745086025466,2036-03-05T00:01:09.185,23,9
2035-06-09T00:01:09.185,280.0,20.92785774433788,2.4518809613949735,-1.828302663985881,0.3155812124639037,3.471252538351763,2.3994268640994116,-1.7666392623176894,2036-03-15T00:01:09.186,23,10
2035-06-09T00:01:09.185,290.0,20.32274084755912,2.5608205502405212,-1.7476467225123082,0.07960353528118086,3.5649842872104713,2.41692045146792,-1.3312112570053167,2036-03-25T00:01:09.186,23,11
2035-06-09T00:01:09.185,300.0,20.62686718932657,2.6957414823522754,-1.6856227144301132,-0.06294658064121439,3.648339359771626,2.505815302444689,-1.0185169489516448,2036-04-04T00:01:09.186,23,12
2035-06-09T00:01:09.185,310.0,21.441567092541906,2.849005914183813,-1.6232128699230008,-0.15151711966892867,3.7272995877783117,2.637923146894578,-0.7682228495477985,2036-04-14T00:01:09.186,23,13
2035-06-09T00:01:09.185,320.0,22.61753634902303,3.0160291050349457,-1.5516756171263673,-0.2040630602381821,3.8038721667788877,2.800474543531388,-0.5526619390374043,2036-04-24T00:01:09.186,23,14
2035-06-09T00:01:09.185,330.0,24.09410268172427,3.193485242857868,-1.4663910577151817,-0.22988215461859207,3.8787287561743895,2.986955555483841,-0.3572987927692415,2036-05-04T00:01:09.185,23,15
2035-06-09T00:01:09.185,340.0,25.84920259418693,3.378722674621777,-1.364643715111546,-0.23423137894885393,3.9520153288076045,3.1938393735035757,-0.17368791355456858,2036-05-14T00:01:09.185,23,16
2035-06-09T00:01:09.185,350.0,27.880815742862783,3.5695224704429744,-1.2446671880761588,-0.22026097556875346,4.023645740120806,3.4192219076363437,0.003499601428558652,2036-05-24T00:01:09.185,23,17
2035-06-09T00:01:09.185,360.0,30.19933216870299,3.763972356243217,-1.1051753529958184,-0.18991831570675366,4.093418220112319,3.662187372404532,0.1778850565850667,2036-06-03T00:01:09.185,23,18
2035-06-09T00:01:09.185,370.0,32.824362431415,3.9603876209145437,-0.9451035923353093,-0.14440446650421723,4.161061747559145,3.9224920720082244,0.35211292144375106,2036-06-13T00:01:09.185,23,19
2035-06-09T00:01:09.185,380.0,35.783635661518005,4.157250141790758,-0.7634495692185883,-0.08441651343326217,4.226250961223606,4.200402359921461,0.5282598688531777,2036-06-23T00:01:09.184,23,20
2035-06-09T00:01:09.185,390.0,39.113055296657166,4.353154025450641,-0.559168622317884,-0.010282336004555859,4.288604807178032,4.496614956322909,0.7080805314932541,2036-07-03T00:01:09.184,23,21
2035-06-09T00:01:09.185,400.0,42.857550550122085,4.546768284948495,-0.3310961532109786,0.07796298360365572,4.347675084334973,4.812226662605125,0.8931665348003706,2036-07-13T00:01:09.184,23,22
2035-06-09T00:01:09.185,410.0,47.072623898668844,4.7367971419222545,-0.07785972542155406,0.18054947515149955,4.402926835760823,5.148738334979249,1.0850588626987707,2036-07-23T00:01:09.184,23,23
2035-06-09T00:01:09.185,420.0,51.82661946654464,4.9219166749176395,0.20219347698952106,0.29796332679297155,4.453710039554437,5.508084887419354,1.2853354515842064,2036-08-02T00:01:09.183,23,24
2035-06-12T00:01:09.185,180.0,11.309399013831804,3.0829940581373023,-0.1009959739539461,-0.8177503734919762,3.3391988081184607,0.39792826070586784,-0.028344894137374066,2035-12-09T00:01:09.183,24,0
2035-06-12T00:01:09.185,190.0,10.903111183041306,2.7603918650544497,-0.18286996897733943,-0.9456285771788879,3.2811392338942653,0.3456221802367896,0.13334848844073122,2035-12-19T00:01:09.184,24,1
2035-06-12T00:01:09.185,200.0,10.774744597607645,2.5161685953977084,-0.2569656961022382,-1.1166912567551757,3.2496037834458633,0.29238521448519794,0.35962582578622104,2035-12-29T00:01:09.184,24,2
2035-06-12T00:01:09.185,210.0,11.004174323102818,2.342508686557622,-0.3042845119441644,-1.3554464423125552,3.2367694615014813,0.21813505921206655,0.6927588845599724,2036-01-08T00:01:09.184,24,3
2035-06-12T00:01:09.185,220.0,11.968436122307173,2.2355967264133554,-0.2908005313077382,-1.7254281034716819,3.231210999660206,0.07821097417100109,1.233529343591504,2036-01-18T00:01:09.184,24,4
2035-06-12T00:01:09.185,230.0,15.54629282162787,2.209121606605432,-0.12590225929447918,-2.428419099157506,3.1972587236968906,-0.2589574590170436,2.2927648178108972,2036-01-28T00:01:09.185,24,5
2035-06-12T00:01:09.185,240.0,40.27782586557027,2.4630763717825666,0.6271669243010036,-4.529935085522032,2.8194692566281496,-1.448079316424863,5.498316585086883,2036-02-07T00:01:09.185,24,6
2035-06-12T00:01:09.185,250.0,1162.0428791549912,14.816522422744109,-10.837270905646022,15.90022036088034,-15.966554945113556,15.799052379726373,-25.64180076052233,2036-02-17T00:01:09.185,24,7
2035-06-12T00:01:09.185,260.0,50.75692097886646,2.625507648590794,-2.7660340700852943,2.6743030809352812,2.755147083300489,3.6791383402644646,-5.443347003585506,2036-02-27T00:01:09.185,24,8
2035-06-12T00:01:09.185,270.0,26.760089983681734,2.4377088471429857,-2.0877501660551965,1.1008734692102102,3.2217566352406877,2.7207005377439284,-2.996358248087874,2036-03-08T00:01:09.185,24,9
2035-06-12T00:01:09.185,280.0,21.828534381513613,2.480946228872728,-1.8664343839658843,0.5271024747484618,3.3740410648454713,2.4936746390112514,-2.055715950466445,2036-03-18T00:01:09.186,24,10
2035-06-12T00:01:09.185,290.0,20.473964875626194,2.5816325273052314,-1.752130138974454,0.2337537402760194,3.47088041603984,2.470560506544356,-1.5242325271035901,2036-03-28T00:01:09.186,24,11
2035-06-12T00:01:09.185,300.0,20.387881963075998,2.7109674987599774,-1.669344394838685,0.06187802372592799,3.5502219879034485,2.537773808635458,-1.1590987429407225,2036-04-07T00:01:09.186,24,12
2035-06-12T00:01:09.185,310.0,20.942635593222263,2.85889254737123,-1.5921059666187665,-0.043498464323965536,3.62200281823651,2.65633837478941,-0.876126484321869,2036-04-17T00:01:09.186,24,13
2035-06-12T00:01:09.185,320.0,21.912752675519265,3.0200810072450466,-1.5090599465835925,-0.10636292217535104,3.689562845510956,2.809327730860961,-0.6384014294783218,2036-04-27T00:01:09.186,24,14
2035-06-12T00:01:09.185,330.0,23.2059189137112,3.1909484953752276,-1.4144326741558455,-0.1388083504230555,3.754130374989572,2.9883079487177406,-0.4271295411490814,2036-05-07T00:01:09.185,24,15
2035-06-12T00:01:09.185,340.0,24.784505614806655,3.368755915322728,-1.3049445042758308,-0.1475554717728631,3.816118772864435,3.188742261661172,-0.2316590488072694,2036-05-17T00:01:09.185,24,16
2035-06-12T00:01:09.185,350.0,26.63759144073447,3.5512634830980794,-1.1785371917696033,-0.1365947829412093,3.875581467974513,3.4081368825586367,-0.045417128602426526,2036-05-27T00:01:09.185,24,17
2035-06-12T00:01:09.185,360.0,28.769656074958007,3.7365645952455697,-1.033771399050396,-0.10839245282811749,3.9323913008907,3.6451980250828275,0.13596355971145102,2036-06-06T00:01:09.185,24,18
2035-06-12T00:01:09.185,370.0,31.195752228497195,3.922987913554781,-0.8695074288719606,-0.06448990854493974,3.986314470942439,3.899416493269233,0.31559496078356064,2036-06-16T00:01:09.185,24,19
2035-06-12T00:01:09.185,380.0,33.93957470336762,4.109027890298693,-0.6847174735135351,-0.005821213472901654,4.037038688050359,4.17085380508639,0.49585468753319395,2036-06-26T00:01:09.184,24,20
2035-06-12T00:01:09.185,390.0,37.03303235296925,4.293287743149774,-0.47836827117645697,0.06710968189344246,4.0841786556244415,4.460032905613361,0.6786925244593605,2036-07-06T00:01:09.184,24,21
2035-06-12T00:01:09.185,400.0,40.51676624484157,4.474444432816606,-0.2493322462123757,0.15413046155779764,4.127268365151416,4.767889571275625,0.8658239561152468,2036-07-16T00:01:09.184,24,22
2035-06-12T00:01:09.185,410.0,44.44141238951963,4.651199880068099,0.0037029894050455425,0.2553577388337054,4.165743528514376,5.095763276191484,1.0588625393215345,2036-07-26T00:01:09.183,24,23
2035-06-12T00:01:09.185,420.0,48.86957998428114,4.822220138044804,0.2823016045056441,0.3711746716575721,4.198914548019175,5.445416470619257,1.2594189391233468,2036-08-05T00:01:09.183,24,24
2035-06-15T00:01:09.185,180.0,10.989536941751957,3.006756857417127,-0.07315977449515998,-0.8381796076327133,3.300610353987846,0.30895843999900485,-0.007274287151582515,2035-12-12T00:01:09.183,25,0
2035-06-15T00:01:09.185,190.0,10.640237084295947,2.7024250795808467,-0.15985661729206058,-0.9682120922061603,3.247626724459071,0.2607209101348955,0.15868947631656471,2035-12-22T00:01:09.184,25,1
2035-06-15T00:01:09.185,200.0,10.555298769398128,2.474417674428093,-0.23667845751623062,-1.1382633444706087,3.218794701109662,0.21259767328583523,0.3866027299695918,2036-01-01T00:01:09.184,25,2
2035-06-15T00:01:09.185,210.0,10.81381680952309,2.314822307398906,-0.28645218094908387,-1.3699275800080057,3.206641459371344,0.14626601486588875,0.7140543490933723,2036-01-11T00:01:09.184,25,3
2035-06-15T00:01:09.185,220.0,11.749232921291334,2.219305959171475,-0.2798378195403739,-1.7165936765056586,3.200731047997497,0.023197934294185707,1.226383111234276,2036-01-21T00:01:09.184,25,4
2035-06-15T00:01:09.185,230.0,14.820517705043507,2.1968781020790473,-0.1451278874374733,-2.3340558382289025,3.172550666509782,-0.2607138287409718,2.1650561824061447,2036-01-31T00:01:09.185,25,5
2035-06-15T00:01:09.185,240.0,30.78337610911108,2.3611276618428434,0.40499055574385867,-3.898244583775248,2.936651037867268,-1.1370187363298077,4.568002318753696,2036-02-10T00:01:09.185,25,6
2035-06-15T00:01:09.185,250.0,621.6993119876624,8.948862905718803,4.697053836360713,-15.688894327718884,-7.035828578734119,-7.616504547251713,22.675654051868595,2036-02-20T00:01:09.185,25,7
2035-06-15T00:01:09.185,260.0,83.29930354625367,3.000260620669561,-3.3719297302625124,4.069700310704364,2.146345048737924,4.61025469442926,-7.578790017575685,2036-03-01T00:01:09.185,25,8
2035-06-15T00:01:09.185,270.0,31.681712262132557,2.509694824402761,-2.2400544381426566,1.545533148590982,3.0760376846903945,2.9730455989585556,-3.6579645010593356,2036-03-11T00:01:09.185,25,9
2035-06-15T00:01:09.185,280.0,23.32010697259865,2.51622724213626,-1.921355279351865,0.7728908031856601,3.278406918074527,2.608360502553192,-2.4017931927708083,2036-03-21T00:01:09.186,25,10
2035-06-15T00:01:09.185,290.0,20.912462305184405,2.605127999786024,-1.7658245948604296,0.4042001137220819,3.383692191420618,2.532661287418913,-1.7460573478878394,2036-03-31T00:01:09.186,25,11
2035-06-15T00:01:09.185,300.0,20.33363829127642,2.727614497316612,-1.6592778843858316,0.19556493500567518,3.4609505710397848,2.5731999764199043,-1.3168528078143016,2036-04-10T00:01:09.186,25,12
2035-06-15T00:01:09.185,310.0,20.586230713778786,2.8696469183222106,-1.5658113561376812,0.06964624847013967,3.5265028741250113,2.675650985932219,-0.9954395983919686,2036-04-20T00:01:09.186,25,13
2035-06-15T00:01:09.185,320.0,21.331850713623894,3.024747900654628,-1.4705503300089946,-0.005676958159791745,3.585658730730689,2.8175464953898026,-0.7323482277409563,2036-04-30T00:01:09.185,25,14
2035-06-15T00:01:09.185,330.0,22.43410699106781,3.188935722630095,-1.3662194818858495,-0.04609808896023271,3.6404205219991077,2.9880071016598753,-0.503248422258538,2036-05-10T00:01:09.185,25,15
2035-06-15T00:01:09.185,340.0,23.8348343164492,3.3593279981594026,-1.248818529277914,-0.06016001549278105,3.6915578276055463,3.181254798662853,-0.29470837768544644,2036-05-20T00:01:09.185,25,16
2035-06-15T00:01:09.185,350.0,25.512000679499952,3.533638955802955,-1.1159166321891938,-0.052870555112250806,3.7393053258550246,3.3940933565156586,-0.09862376381211102,2036-05-30T00:01:09.185,25,17
2035-06-15T00:01:09.185,360.0,27.463143032056475,3.709954262784267,-0.9658759868573217,-0.027309094673986678,3.783632597206502,3.6247920918699195,0.09027564527684806,2036-06-09T00:01:09.185,25,18
2035-06-15T00:01:09.185,370.0,29.698290306147985,3.8866095637274363,-0.7974542633338153,0.014588352722983089,3.824356402884863,3.87254431952502,0.2756608481014977,2036-06-19T00:01:09.184,25,19
2035-06-15T00:01:09.185,380.0,32.23694451358685,4.062108351050812,-0.6095791899315284,0.07161872609775699,3.8611867665409427,4.137189325010295,0.46026704911040217,2036-06-29T00:01:09.184,25,20
2035-06-15T00:01:09.185,390.0,35.10705393720975,4.235062773052475,-0.40121575564310064,0.14308226895698795,3.893741551742938,4.419067530292346,0.6462761237707542,2036-07-09T00:01:09.184,25,21
2035-06-15T00:01:09.185,400.0,38.345147448228175,4.404158158928269,-0.17126036034052916,0.2286580697402414,3.921543639590478,4.718950565053694,0.8355528083820098,2036-07-19T00:01:09.184,25,22
2035-06-15T00:01:09.185,410.0,41.997293711671944,4.568094249086409,0.08154936428507042,0.3283421425302473,3.9440060644251282,5.038017313989566,1.0298016407984183,2036-07-29T00:01:09.183,25,23
2035-06-15T00:01:09.185,420.0,46.120793546238154,4.725529156697234,0.3586982549374511,0.44241059413208994,3.960406714895516,5.377861874474094,1.2306802419502167,2036-08-08T00:01:09.183,25,24
2035-06-18T00:01:09.185,180.0,10.755838943643052,2.9337914368672564,-0.05258498365930819,-0.8583533532032908,3.272355467170403,0.217810456633736,0.00934050876722814,2035-12-15T00:01:09.183,26,0
2035-06-18T00:01:09.185,190.0,10.455786814500605,2.6475568782675207,-0.14335362314503008,-0.9895426890717625,3.223873936969756,0.17444119976257833,0.17886844566083449,2035-12-25T00:01:09.184,26,1
2035-06-18T00:01:09.185,200.0,10.40610708176789,2.4354912147071595,-0.22233893800311932,-1.1576036946247195,3.197271899984205,0.13215055826221644,0.4075484134311725,2036-01-04T00:01:09.184,26,2
2035-06-18T00:01:09.185,210.0,10.683680811185639,2.2895984217285523,-0.27404781302101,-1.3815309362494936,3.185452597556168,0.074207179056895,0.7287426531257248,2036-01-14T00:01:09.184,26,3
2035-06-18T00:01:09.185,220.0,11.582680142545854,2.205093964437083,-0.27309821350493735,-1.7063415634684422,3.1789148938989165,-0.032804934268452435,1.214950236092465,2036-01-24T00:01:09.185,26,4
2035-06-18T00:01:09.185,230.0,14.25525081153169,2.187548952629882,-0.16187525368646405,-2.2542063789703795,3.15451701417118,-0.2726075103584371,2.056686258069618,2036-02-03T00:01:09.185,26,5
2035-06-18T00:01:09.185,240.0,25.513096202937607,2.306473227922428,0.2592057670192167,-3.4806736692273224,2.993414230453393,-0.9456409691890597,3.957060854377641,2036-02-13T00:01:09.185,26,6
2035-06-18T00:01:09.185,250.0,184.2036668507399,4.100821174919524,2.5777393889007376,-9.214586075436968,0.3282473900811027,-4.459100470773071,12.814536413510877,2036-02-23T00:01:09.185,26,7
2035-06-18T00:01:09.185,260.0,172.837864616846,4.006162558495134,-4.499988180043829,6.617003295209778,0.5715705110197042,6.33354728417872,-11.506404762863639,2036-03-04T00:01:09.185,26,8
2035-06-18T00:01:09.185,270.0,40.027569773035,2.6197523414015045,-2.456264876468589,2.1364507553747694,2.8799624672458,3.3184861607653806,-4.552036419131456,2036-03-14T00:01:09.186,26,9
2035-06-18T00:01:09.185,280.0,25.633849306876293,2.560660319742901,-1.9976200735433958,1.0650174107187587,3.177076384409748,2.7504909320978097,-2.82397496216767,2036-03-24T00:01:09.186,26,10
2035-06-18T00:01:09.185,290.0,21.68809713319896,2.632276626998081,-1.7902565776117418,0.5953448450968091,3.29920862738717,2.6055337636032085,-2.003625057962872,2036-04-03T00:01:09.186,26,11
2035-06-18T00:01:09.185,300.0,20.467112258112742,2.746156303100239,-1.6560317747473743,0.340145633033041,3.3770769749042593,2.612984802396065,-1.4949159796227454,2036-04-13T00:01:09.186,26,12
2035-06-18T00:01:09.185,310.0,20.358456447399597,2.88157185136086,-1.544572106742181,0.1890050299111543,3.437602321021348,2.6961999151640237,-1.1277644910963227,2036-04-23T00:01:09.186,26,13
2035-06-18T00:01:09.185,320.0,20.853237753187297,3.030258706099577,-1.4362148317999157,0.09864367700702159,3.48905590857893,2.8252211281286206,-0.835375482746172,2036-05-03T00:01:09.185,26,14
2035-06-18T00:01:09.185,330.0,21.75278233543179,3.1876372948024745,-1.3217232962611174,0.04867024463100167,3.5345290760762076,2.9860218264123475,-0.5861400839327823,2036-05-13T00:01:09.185,26,15
2035-06-18T00:01:09.185,340.0,22.97143689048823,3.350604865032672,-1.1961768728634823,0.028250786109263792,3.5752693261097654,3.171284948294611,-0.3630949090622234,2036-05-23T00:01:09.185,26,16
2035-06-18T00:01:09.185,350.0,24.473055248326503,3.516794768888353,-1.0566744308871314,0.03113502349558761,3.6117470083236363,3.3769702692828436,-0.15623890863522927,2036-06-02T00:01:09.185,26,17
2035-06-18T00:01:09.185,360.0,26.24683850602185,3.6842687923739597,-0.9013264627943336,0.05351188859967948,3.644055965692413,3.60083745376003,0.04079530024856981,2036-06-12T00:01:09.185,26,18
2035-06-18T00:01:09.185,370.0,28.297141524652243,3.851360720922674,-0.7287552274627931,0.09298515966683318,3.6720792272903786,3.841743054936482,0.23234881751807313,2036-06-22T00:01:09.184,26,19
2035-06-18T00:01:09.185,380.0,30.639007897232474,4.016577922444853,-0.5378245394896872,0.1480436132104872,3.6955593619497797,4.099282577993865,0.4215818370065113,2036-07-02T00:01:09.184,26,20
2035-06-18T00:01:09.185,390.0,33.29638706087158,4.178542162628646,-0.32748211524428683,0.21776790975961724,3.714125085838514,4.373602654505547,0.6109514940800732,2036-07-12T00:01:09.184,26,21
2035-06-18T00:01:09.185,400.0,36.30181275140117,4.335945052541225,-0.0966347979882407,0.30167525354801406,3.7272947551524176,4.66530587424419,0.8025008781036335,2036-07-22T00:01:09.184,26,22
2035-06-18T00:01:09.185,410.0,39.69702991547773,4.487484260882242,0.15593838230653034,0.39963160348729776,3.7344650434444695,4.97540999353266,0.9980461667800554,2036-08-01T00:01:09.183,26,23
2035-06-18T00:01:09.185,420.0,43.53439811619309,4.6318126935660375,0.43165301577194626,0.5118006693512864,3.734887870260952,5.30534373762804,1.1993075245247296,2036-08-11T00:01:09.183,26,24
2035-06-21T00:01:09.184,180.0,10.599052500828309,2.8644083967922533,-0.03902990573919851,-0.8783637188952866,3.2532145364901375,0.12323628980416446,0.021459200191820793,2035-12-18T00:01:09.183,27,0
2035-06-21T00:01:09.184,190.0,10.34031999105575,2.596052458161523,-0.13310075429250112,-1.0098165173296065,3.208644126905302,0.08544990571596295,0.193961778567316,2035-12-28T00:01:09.184,27,1
2035-06-21T00:01:09.184,200.0,10.317635312094424,2.3996217593314775,-0.21365129521495696,-1.1750581844404415,3.1837832712794913,0.04960611310877028,0.4227276039691817,2036-01-07T00:01:09.184,27,2
2035-06-21T00:01:09.184,210.0,10.604773273169688,2.267055964634629,-0.2667302284185613,-1.3907798135063132,3.1719271276619203,0.0004089506519822095,0.7373272019473124,2036-01-17T00:01:09.184,27,3
2035-06-21T00:01:09.184,220.0,11.4609601315707,2.1931842699085884,-0.27032110924277397,-1.6950629547246785,3.164448759604337,-0.09126874447535804,1.1995391597155822,2036-01-27T00:01:09.185,27,4
2035-06-21T00:01:09.184,230.0,13.80845451679477,2.181000898701665,-0.1775644517000705,-2.1849503927304688,3.1423425614080465,-0.29366996729153905,1.9616053868883196,2036-02-06T00:01:09.185,27,5
2035-06-21T00:01:09.184,240.0,22.225050104093334,2.2749300615584325,0.15574970568207558,-3.1809176709097877,3.0249117125725284,-0.8244444789562926,3.5206889292229944,2036-02-16T00:01:09.185,27,6
2035-06-21T00:01:09.184,250.0,90.48789324452845,3.0663006478116905,1.5703461278080315,-6.59723487210424,1.892185000735445,-2.9634269588165916,8.83887039317125,2036-02-26T00:01:09.185,27,7
2035-06-21T00:01:09.184,260.0,526.649737169936,7.931471210613632,-6.874864693764415,12.053147355118393,-5.511172573890839,9.947143681481691,-19.933164490634404,2036-03-07T00:01:09.185,27,8
2035-06-21T00:01:09.184,270.0,55.13803814703523,2.804646559955593,-2.773277233845236,2.968451534757169,2.575140400034229,3.8129052255541067,-5.828245345564047,2036-03-17T00:01:09.186,27,9
2035-06-21T00:01:09.184,280.0,29.18774663047813,2.6190744495436036,-2.1020093574197163,1.421710721144728,3.061444354128316,2.9295421009308225,-3.3515799521908782,2036-03-27T00:01:09.186,27,10
2035-06-21T00:01:09.184,290.0,22.896590159353742,2.6644385476673165,-1.8275366045307182,0.8131872969515783,3.2142483735109657,2.6914078958432963,-2.3068422336449914,2036-04-06T00:01:09.186,27,11
2035-06-21T00:01:09.184,300.0,20.811500842566026,2.767192504830895,-1.6604339739603526,0.4982126994115268,3.2966027382422816,2.6573724777936283,-1.6977287012489573,2036-04-16T00:01:09.186,27,12
2035-06-21T00:01:09.184,310.0,20.25870769752511,2.895026984587748,-1.5287366464854166,0.3158991876694621,3.353662979401985,2.717501929628437,-1.2754746491324043,2036-04-26T00:01:09.186,27,13
2035-06-21T00:01:09.184,320.0,20.466212118649338,3.0368779555306915,-1.4061828000809449,0.20735315198951865,3.3982455127833724,2.8315532434565753,-0.9489182172176683,2036-05-06T00:01:09.185,27,14
2035-06-21T00:01:09.184,330.0,21.14595328852057,3.1872720579347416,-1.2809557828324625,0.145967023295281,3.4349944096322638,2.9814035778648265,-0.6767565294923127,2036-05-16T00:01:09.185,27,15
2035-06-21T00:01:09.184,340.0,22.1749659619455,3.34277761708341,-1.146959859720429,0.11799403629944027,3.4658041077542485,3.1578099070920294,-0.4374979306130581,2036-05-26T00:01:09.185,27,16
2035-06-21T00:01:09.184,350.0,23.498888944528595,3.5009019223341085,-1.0007026967426125,0.11565160846549638,3.4914526114749727,3.3557092469599583,-0.21877626978404197,2036-06-05T00:01:09.185,27,17
2035-06-21T00:01:09.184,360.0,25.096716079624397,3.65966098390766,-0.8399783595357562,0.1342494513771566,3.512192777670517,3.57226146354299,-0.012884416523441744,2036-06-15T00:01:09.185,27,18
2035-06-21T00:01:09.184,370.0,26.966243358648626,3.817374830616025,-0.6632372969093314,0.1708498166914767,3.527992755670166,3.8059381664213223,0.18532443974003898,2036-06-25T00:01:09.184,27,19
2035-06-21T00:01:09.184,380.0,29.117660388099896,3.972550180651094,-0.4692568459479389,0.22358532554825228,3.5386392501973454,4.056064607948725,0.3795161936049892,2036-07-05T00:01:09.184,27,20
2035-06-21T00:01:09.184,390.0,31.570796023754788,4.123816624201512,-0.2569491271889639,0.29128991484273925,3.543780000641572,4.322579420543561,0.5724740028166372,2036-07-15T00:01:09.184,27,21
2035-06-21T00:01:09.184,400.0,34.3542418117212,4.269869171154101,-0.025219680906513275,0.3733014331825544,3.542935441743193,4.605909274253914,0.7664528848552629,2036-07-25T00:01:09.183,27,22
2035-06-21T00:01:09.184,410.0,37.505605097930165,4.40940452788122,0.22712121170383526,0.46934451505400787,3.5354919568909047,4.906908844096518,0.9634040255351147,2036-08-04T00:01:09.183,27,23
2035-06-21T00:01:09.184,420.0,41.072611511317604,4.5410713041029656,0.5014297982079725,0.5794645370606037,3.520681600309043,5.226843293637863,1.165127359697582,2036-08-14T00:01:09.183,27,24
2035-06-24T00:01:09.184,180.0,10.520009344437213,2.7989075554936136,-0.03230889269375581,-0.8982951722589894,3.2432419026907553,0.02365070059072316,0.028843533584316627,2035-12-21T00:01:09.184,28,0
2035-06-24T00:01:09.184,190.0,10.294262371537526,2.548172090310743,-0.1289014571356546,-1.0292058256523644,3.2019766301892574,-0.007908542301928279,0.20382709883141725,2035-12-31T00:01:09.184,28,1
2035-06-24T00:01:09.184,200.0,10.290036628788805,2.3670440955012495,-0.21039535646074725,-1.1909189919403484,3.178354057173138,-0.036773371898905616,0.4321456180028267,2036-01-10T00:01:09.184,28,2
2035-06-24T00:01:09.184,210.0,10.577487795262554,2.247419876292085,-0.264251329347557,-1.3980928143386455,3.166069185449693,-0.07694567462391011,0.739981804752754,2036-01-20T00:01:09.184,28,3
2035-06-24T00:01:09.184,220.0,11.384978319030521,2.1838050669321944,-0.2713358720783212,-1.683041397100514,3.1573071409762363,-0.15393095220695063,1.180125077491216,2036-01-30T00:01:09.185,28,4
2035-06-24T00:01:09.184,230.0,13.459064286948266,2.1772376030104645,-0.19315986209118208,-2.1236856877571912,3.136313968905611,-0.3239938960361334,1.875533772217159,2036-02-09T00:01:09.185,28,5
2035-06-24T00:01:09.184,240.0,20.01103301878173,2.25676382679762,0.07761331013660744,-2.9528404066673426,3.0459863888309897,-0.7496552678379245,3.189203179046598,2036-02-19T00:01:09.185,28,6
2035-06-24T00:01:09.184,250.0,57.2837192635929,2.7064493737726174,1.039481472409642,-5.264667740433677,2.4369162327056024,-2.19259791723535,6.821852601141719,2036-02-29T00:01:09.185,28,7
2035-06-24T00:01:09.184,260.0,1774.3321092959072,21.672421510730317,8.324289459885245,-19.882803396910834,-26.822631225175417,-13.16219158948544,29.692343727227573,2036-03-10T00:01:09.185,28,8
2035-06-24T00:01:09.184,270.0,85.62435489260307,3.1580711434468505,-3.262328752518285,4.23543458177871,2.015504718273455,4.564749752768605,-7.792634683970465,2036-03-20T00:01:09.186,28,9
2035-06-24T00:01:09.184,280.0,34.754480009916364,2.699963421060154,-2.2449446205674635,1.871831267552436,2.9184674642507176,3.1603139162150176,-4.031059863237465,2036-03-30T00:01:09.186,28,10
2035-06-24T00:01:09.184,290.0,24.702235307091442,2.7036074399890353,-1.8806032134729982,1.0661387515202647,3.125958584351828,2.793467757453926,-2.66967341150072,2036-04-09T00:01:09.186,28,11
2035-06-24T00:01:09.184,300.0,21.414883475900215,2.7915049735755346,-1.673592842379449,0.6731433943955638,3.2185690000211054,2.706706472604194,-1.9311750669387582,2036-04-19T00:01:09.186,28,12
2035-06-24T00:01:09.184,310.0,20.300717759667407,2.9104498851404017,-1.518776132098921,0.4519600781412372,3.2742528994200555,2.738927305227914,-1.441618162685156,2036-04-29T00:01:09.185,28,13
2035-06-24T00:01:09.184,320.0,20.17111479043603,3.0449169541154824,-1.3806470209561823,0.32134211577989324,3.312975255358076,2.8355092825233816,-1.0748008450614743,2036-05-09T00:01:09.185,28,14
2035-06-24T00:01:09.184,330.0,20.607474875595123,3.1880942706568476,-1.243966806105913,0.24632512947002283,3.3416291532805715,2.97293172840593,-0.7763159252378036,2036-05-19T00:01:09.185,28,15
2035-06-24T00:01:09.184,340.0,21.43545929181986,3.336069725950665,-1.1011331552805235,0.20941390897507883,3.362994003100212,3.1395180169939976,-0.5188036699002323,2036-05-29T00:01:09.185,28,16
2035-06-24T00:01:09.184,350.0,22.57685400648486,3.486162494277549,-0.947910746915694,0.2009186833312384,3.378251849989354,3.328955098179708,-0.2869257723379024,2036-06-08T00:01:09.185,28,17
2035-06-24T00:01:09.184,360.0,23.997933572503783,3.6363142358056955,-0.7817004060523534,0.21508293488969432,3.387859024636313,3.537690893419978,-0.0713298276138794,2036-06-18T00:01:09.184,28,18
2035-06-24T00:01:09.184,370.0,25.688749778903823,3.784817257875611,-0.6007372665422253,0.24832654795745057,3.3918918011255172,3.7637529199061883,0.134103490852993,2036-06-28T00:01:09.184,28,19
2035-06-24T00:01:09.184,380.0,27.654084300435997,3.9301711995541915,-0.40368594780746747,0.29836856854603777,3.3901944177249135,4.0061638035208835,0.3336430575059589,2036-07-08T00:01:09.184,28,20
2035-06-24T00:01:09.184,390.0,29.90942765077621,4.0710099966640225,-0.1894037262625332,0.3637627672015178,3.3824425050832403,4.264636508634471,0.5304581037220721,2036-07-18T00:01:09.184,28,21
2035-06-24T00:01:09.184,400.0,32.4794135263966,4.206029619240386,0.043218162393273474,0.4436464663989135,3.368165334464919,4.539412679376409,0.727054559453491,2036-07-28T00:01:09.183,28,22
2035-06-24T00:01:09.184,410.0,35.397639741774825,4.333925387934971,0.29534844642821767,0.5375901297349888,3.346744910722933,4.831180420893446,0.9255452366582646,2036-08-07T00:01:09.183,28,23
2035-06-24T00:01:09.184,420.0,38.707447682969665,4.453342980630339,0.5682932592587164,0.6455125342540935,3.31739915523292,5.1410419358393415,1.127829039247901,2036-08-17T00:01:09.183,28,24
2035-06-27T00:01:09.184,180.0,10.529874481570562,2.737593066499924,-0.03228373045559252,-0.9182260626519492,3.243776441405757,-0.08257026437728987,0.031161373400910297,2035-12-24T00:01:09.184,29,0
2035-06-27T00:01:09.184,190.0,10.328151380082232,2.504186045135569,-0.13061169763056846,-1.047864230643298,3.2051961434473384,-0.10731634337088014,0.2082120663123136,2036-01-03T00:01:09.184,29,1
2035-06-27T00:01:09.184,200.0,10.333381164802136,2.3380073235655097,-0.2124110693628758,-1.205436060640852,3.182295136035542,-0.1287348726058415,0.435667493097461,2036-01-13T00:01:09.184,29,2
2035-06-27T00:01:09.184,210.0,10.611844395125882,2.2309317061958147,-0.2664357370750423,-1.403811437168057,3.1691699610879382,-0.15965998291868844,0.7366918234364778,2036-01-23T00:01:09.185,29,3
2035-06-27T00:01:09.184,220.0,11.364765681306633,2.1772013610321572,-0.27603700158148126,-1.6704906565013005,3.15875672849689,-0.222519412994729,1.1565062569319458,2036-02-02T00:01:09.185,29,4
2035-06-27T00:01:09.184,230.0,13.20219057160207,2.1763557445282338,-0.20934967583450437,-2.0686207671977446,3.137901171786737,-0.36415727415539845,1.7953150941773988,2036-02-12T00:01:09.185,29,5
2035-06-27T00:01:09.184,240.0,18.451023654929237,2.2475018939653033,0.015377180906567034,-2.771624828625852,3.064934409946602,-0.7088583009480722,2.9248454022104355,2036-02-22T00:01:09.185,29,6
2035-06-27T00:01:09.184,250.0,41.74406478842652,2.5451583864574303,0.7174258677037364,-4.460885100968032,2.6895695535813644,-1.746350107038342,5.60896975464495,2036-03-03T00:01:09.185,29,7
2035-06-27T00:01:09.184,260.0,472.678947757514,7.324153524762901,5.061571169230709,-13.342260116855616,-4.613397217116084,-8.331539611662677,19.544333234314117,2036-03-13T00:01:09.186,29,8
2035-06-27T00:01:09.184,270.0,158.64345712776768,3.9732819236364634,-4.071185495788746,6.387678625279155,0.7439981867752969,5.7997867740058355,-11.155823465881383,2036-03-23T00:01:09.186,29,9
2035-06-27T00:01:09.184,280.0,43.84955334805054,2.8195194903241045,-2.4431050856566854,2.4638191361573387,2.7243148959577432,3.467314889197527,-4.940181085229815,2036-04-02T00:01:09.186,29,10
2035-06-27T00:01:09.184,290.0,27.381472349103074,2.7528423334359857,-1.9536145974227512,1.3663892908275863,3.0311375201085013,2.9167788726178214,-3.1122465666370114,2036-04-12T00:01:09.186,29,11
2035-06-27T00:01:09.184,300.0,22.359373403690743,2.820143661995157,-1.6969883432402346,0.8694394882286942,3.1429274412494834,2.76188419603137,-2.203037945756693,2036-04-22T00:01:09.186,29,12
2035-06-27T00:01:09.184,310.0,20.515495769834377,2.928380769178947,-1.5153081964213921,0.5992416841470045,3.2001119528198743,2.7600490508456907,-1.6300026061879629,2036-05-02T00:01:09.185,29,13
2035-06-27T00:01:09.184,320.0,19.980708619769167,3.054743061368697,-1.3598695485566346,0.4416821120279839,3.234237279540338,2.8361381820096865,-1.2152111141474442,2036-05-12T00:01:09.185,29,14
2035-06-27T00:01:09.184,330.0,20.141953064543408,3.1903998082477614,-1.2108428641710383,0.3503595630341785,3.255514172256369,2.959419773535071,-0.8862365049979424,2036-05-22T00:01:09.185,29,15
2035-06-27T00:01:09.184,340.0,20.753084099687218,3.330740440888862,-1.0586828081046065,0.30289235347323284,3.267947495477223,3.1151101947081425,-0.6080228131548685,2036-06-01T00:01:09.185,29,16
2035-06-27T00:01:09.184,350.0,21.70421271154248,3.4728122213554524,-0.8982205033263604,0.28719122084544857,3.2732540058834374,3.2953550447126494,-0.36146376553867565,2036-06-11T00:01:09.185,29,17
2035-06-27T00:01:09.184,360.0,22.94551314175156,3.6144458416329375,-0.7263683084776691,0.29619559213446056,3.272151074548752,3.4957500831632613,-0.13517338179189275,2036-06-21T00:01:09.184,29,18
2035-06-27T00:01:09.184,370.0,24.45771750226223,3.753887000965973,-0.5410952148368757,0.32555789498421017,3.2648515707670427,3.713805970258531,0.07814690265325963,2036-07-01T00:01:09.184,29,19
2035-06-27T00:01:09.184,380.0,26.239449643076227,3.8896213671065976,-0.34092269053598656,0.37251299604411514,3.251273020763989,3.9482032026647813,0.2834869626561264,2036-07-11T00:01:09.184,29,20
2035-06-27T00:01:09.184,390.0,28.301531687230636,4.020281641437796,-0.12463103729498926,0.43529434832917424,3.2311287752180746,4.198407304700467,0.484473558644993,2036-07-21T00:01:09.184,29,21
2035-06-27T00:01:09.184,400.0,30.664549168302774,4.144561295416281,0.10891570569623354,0.512813415586268,3.2039639980178833,4.464463265111632,0.6839090744951585,2036-07-31T00:01:09.183,29,22
2035-06-27T00:01:09.184,410.0,33.35815929657777,4.261154528879111,0.3608759741576293,0.6044704124550933,3.1691621512726726,4.746887448854012,0.884098469306888,2036-08-10T00:01:09.183,29,23
2035-06-27T00:01:09.184,420.0,36.42151316398491,4.368704635673476,0.6325162495832366,0.7100483335008878,3.1259324507059674,5.046618421513899,1.0870611690447136,2036-08-20T00:01:09.183,29,24
2035-06-30T00:01:09.184,180.0,10.651465132504459,2.6807885138031367,-0.038849005932421576,-0.9382298083791962,3.2576024367880585,-0.19672664882454027,0.028109108474456912,2035-12-27T00:01:09.184,30,0
2035-06-30T00:01:09.184,190.0,10.463955070972066,2.464386606567846,-0.13812373858393734,-1.0659299600921024,3.2210723348302075,-0.21412253143678361,0.2068807054672941,2036-01-06T00:01:09.184,30,1
2035-06-30T00:01:09.184,200.0,10.468975765726835,2.3127854051105494,-0.219580964532188,-1.2188269564474608,3.198361597155671,-0.2276793442611975,0.4331523701464075,2036-01-16T00:01:09.184,30,2
2035-06-30T00:01:09.184,210.0,10.728839025744685,2.2178597187169586,-0.27315764282797694,-1.4082207904266868,3.1839650979644425,-0.24917553399004433,0.7274041750978193,2036-01-26T00:01:09.185,30,3
2035-06-30T00:01:09.184,220.0,11.420955959915213,2.173643442236127,-0.28436011250094406,-1.6575799683501322,3.1715112614347056,-0.29840729343244243,1.128461503877904,2036-02-05T00:01:09.185,30,4
2035-06-30T00:01:09.184,230.0,13.04782697255366,2.1785247009199153,-0.22664080316997826,-2.0184903254138074,3.1499533274307545,-0.4147058744434089,1.718615735196121,2036-02-15T00:01:09.185,30,5
2035-06-30T00:01:09.184,240.0,17.3387692525664,2.244931829649911,-0.03659086788688404,-2.6227615151498442,3.0881599024969795,-0.6949664436658796,2.705376001844225,2036-02-25T00:01:09.185,30,6
2035-06-30T00:01:09.184,250.0,33.18984449316183,2.463521143480296,0.5017071202842436,-3.920571523742222,2.834482635640871,-1.4717653922205072,4.794732454650022,2036-03-06T00:01:09.185,30,7
2035-06-30T00:01:09.184,260.0,182.42053357832958,4.147287904425305,2.8745962544843553,-8.80796226848915,0.3295901861082875,-5.036721002381849,12.527703118757096,2036-03-16T00:01:09.186,30,8
2035-06-30T00:01:09.184,270.0,387.66494949750427,6.467347977428805,-5.46965810089347,10.583230783837482,-3.1425091703735397,7.925622766695362,-17.74750938502816,2036-03-26T00:01:09.186,30,9
2035-06-30T00:01:09.184,280.0,59.72709584204209,3.011905912132832,-2.7244708984854182,3.285132213109758,2.428310861640835,3.892960716093102,-6.218943564966249,2036-04-05T00:01:09.186,30,10
2035-06-30T00:01:09.184,290.0,31.408264423268967,2.8170948456885654,-2.052590328106593,1.7323002342417413,2.925079610051675,3.069672587097276,-3.66459873739983,2036-04-15T00:01:09.186,30,11
2035-06-30T00:01:09.184,300.0,23.777453142043605,2.8545624015169224,-1.732607442180302,1.0932569624514952,3.070477913949727,2.824947436553366,-2.5237453323782693,2036-04-25T00:01:09.186,30,12
2035-06-30T00:01:09.184,310.0,20.95693765680725,2.9494947877989937,-1.5191334483203267,0.7603829355496972,3.133252055716458,2.781073127277924,-1.845345895188333,2036-05-05T00:01:09.185,30,13
2035-06-30T00:01:09.184,320.0,19.923359056926717,3.066790497956479,-1.3441897315539606,0.5696869680346603,3.1644033417149124,2.832956629404294,-1.372686156331619,2036-05-15T00:01:09.185,30,14
2035-06-30T00:01:09.184,330.0,19.767246575951617,3.1945291756072454,-1.1817056738134095,0.45879558131411,3.1791429130310895,2.940084873287732,-1.0080663928236442,2036-05-25T00:01:09.185,30,15
2035-06-30T00:01:09.184,340.0,20.140434342964205,3.3270860013289223,-1.019611707009041,0.39886303403946766,3.183196618307324,3.083663026312071,-0.7061982528418634,2036-06-04T00:01:09.185,30,16
2035-06-30T00:01:09.184,350.0,20.890382367076057,3.461121642363114,-0.851560180605766,0.37474806739423006,3.1789953986713932,3.253918809015732,-0.4431512232137076,2036-06-14T00:01:09.185,30,17
2035-06-30T00:01:09.184,360.0,21.94658907434971,3.5943061961934664,-0.6738583579666013,0.37778090411638665,3.167593063111898,3.4454194532138716,-0.2050074444758503,2036-06-24T00:01:09.184,30,18
2035-06-30T00:01:09.184,370.0,23.278378469833,3.7248166860282748,-0.48414871921966096,0.40268882058484756,3.1493747464115565,3.65506897690659,0.0169691058444017,2036-07-04T00:01:09.184,30,19
2035-06-30T00:01:09.184,380.0,24.877220365528185,3.8511151628961535,-0.2807717421656548,0.4461372339740466,3.1243500681153513,3.881157529681085,0.2286334341158347,2036-07-14T00:01:09.184,30,20
2035-06-30T00:01:09.184,390.0,26.74880488509913,3.9718247943709866,-0.062408242728192675,0.5059899042192084,3.092281205473153,4.12287653913747,0.4341553574545245,2036-07-24T00:01:09.183,30,21
2035-06-30T00:01:09.184,400.0,28.909496113502517,4.085634306296994,0.17211949393200499,0.5809015081815714,3.052736721099638,4.380059816972219,0.6366872269000203,2036-08-03T00:01:09.183,30,22
2035-06-30T00:01:09.184,410.0,31.385018164515536,4.191235730435059,0.4239719834886486,0.6700838542718257,3.005107380100643,4.653044937834219,0.8387613516820731,2036-08-13T00:01:09.183,30,23
2035-06-30T00:01:09.184,420.0,34.210471380427066,4.287269673131087,0.6943853573162819,0.7731726223811908,2.948598873579968,4.9426047939630795,1.0425420441609035,2036-08-23T00:01:09.183,30,24
2035-07-03T00:01:09.184,180.0,10.921756064254215,2.628849578598526,-0.05190444477139877,-0.9583725246350232,3.289329145516696,-0.31887464898632434,0.01971788382324391,2035-12-30T00:01:09.184,31,0
2035-07-03T00:01:09.184,190.0,10.73763836926693,2.429099259024593,-0.15133886297788024,-1.0835273454298822,3.254198061642853,-0.32842682785973043,0.1999228941587785,2036-01-09T00:01:09.184,31,1
2035-07-03T00:01:09.184,200.0,10.732018363520547,2.2916861918975044,-0.23180005085315258,-1.231282978956508,3.231129817175578,-0.333750551298726,0.4247693934210184,2036-01-19T00:01:09.184,31,2
2035-07-03T00:01:09.184,210.0,10.963228090103483,2.2085047622939946,-0.2843089691292544,-1.4115640333767763,3.2150105214867253,-0.3456676943562016,0.7123547444297724,2036-01-29T00:01:09.185,31,3
2035-07-03T00:01:09.184,220.0,11.58777188853765,2.173433011297444,-0.29625052478770986,-1.6444525536425094,3.2001052371178105,-0.38171154232119875,1.0960815016993877,2036-02-08T00:01:09.185,31,4
2035-07-03T00:01:09.184,230.0,13.022379789636949,2.183974584917056,-0.24539766569519195,-1.972387731092741,3.1770953886780724,-0.4751493554682016,1.6439822903169086,2036-02-18T00:01:09.185,31,5
2035-07-03T00:01:09.184,240.0,16.578531287688357,2.2479389342625673,-0.08184499465098449,-2.497228321337442,3.1222883495692173,-0.7027364354581476,2.517142874791232,2036-02-28T00:01:09.185,31,6
2035-07-03T00:01:09.184,250.0,28.002830779034397,2.4211021672950146,0.3463978167299806,-3.5295947851509437,2.9382592669122936,-1.29969774561334,4.204788821033231,2036-03-09T00:01:09.185,31,7
2035-07-03T00:01:09.184,260.0,98.54320883362817,3.2453345699642213,1.8352296442198128,-6.602773683116755,1.7660350861617289,-3.4983931464819205,9.12061260556122,2036-03-19T00:01:09.186,31,8
2035-07-03T00:01:09.184,270.0,1315.6842603640696,16.40942464225799,-6.643867024794618,18.064005349241537,-18.68917653974858,9.600243637905688,-29.56745276013868,2036-03-29T00:01:09.186,31,9
2035-07-03T00:01:09.184,280.0,90.32576649678725,3.3594624331823475,-3.1380625380947835,4.508949784159886,1.9055708097586894,4.513506941205459,-8.143882457248079,2036-04-08T00:01:09.186,31,10
2035-07-03T00:01:09.184,290.0,37.63259846507687,2.904904042424704,-2.186486128750949,2.1928270575252276,2.7992503599820857,3.2663668819129805,-4.373516123207859,2036-04-18T00:01:09.186,31,11
2035-07-03T00:01:09.184,300.0,25.882492524063636,2.8968459072994435,-1.7831489108022422,1.3532548341118673,3.0028711425143584,2.9003367526791175,-2.9074566456917115,2036-04-28T00:01:09.186,31,12
2035-07-03T00:01:09.184,310.0,21.71323104307807,2.9746465108200155,-1.5312843240551253,0.9388476451954806,3.077250189046069,2.803845259957648,-2.093373849867011,2036-05-08T00:01:09.185,31,13
2035-07-03T00:01:09.184,320.0,20.05070756934272,3.0815672081133485,-1.3340343452469696,0.7070007771441253,3.1075740741336944,2.826891057547268,-1.5499606097814618,2036-05-18T00:01:09.185,31,14
2035-07-03T00:01:09.184,330.0,19.521325687675304,3.2008657148172084,-1.1567113255894839,0.5725070854180654,3.116784625081724,2.91546807064094,-1.1432520359057645,2036-05-28T00:01:09.185,31,15
2035-07-03T00:01:09.184,340.0,19.62931291940676,3.3254351840759533,-0.9839331351163789,0.4978319745561306,3.113064123613537,3.0455401152390182,-0.8141437760905315,2036-06-07T00:01:09.185,31,16
2035-07-03T00:01:09.184,350.0,20.163870058915137,3.45138901225571,-0.8078573258741937,0.46390525864458,3.099807685467489,3.204925681219339,-0.5324600923004286,2036-06-17T00:01:09.185,31,17
2035-07-03T00:01:09.184,360.0,21.02757947844287,3.576172396217146,-0.6240407188784207,0.4600513632705576,3.0785054444935795,3.3869401530860808,-0.2811051512859448,2036-06-27T00:01:09.184,31,18
2035-07-03T00:01:09.184,370.0,22.17558540570661,3.6978655834360765,-0.429724686866642,0.4798746126547311,3.049759991189198,3.587769669080184,-0.049580273058336566,2036-07-07T00:01:09.184,31,19
2035-07-03T00:01:09.184,380.0,23.590893503519467,3.8148928386358802,-0.22302525161838815,0.5193656625847209,3.0136957843569157,3.805255077529547,0.16901188657731847,2036-07-17T00:01:09.184,31,20
2035-07-03T00:01:09.184,390.0,25.273437065274184,3.9258595552488185,-0.002498436393654657,0.5759575452155543,2.9701365936813033,4.038281214094359,0.3794871750691984,2036-07-27T00:01:09.183,31,21
2035-07-03T00:01:09.184,400.0,27.235091561715528,4.029445960291196,0.23309236458711524,0.6480122383223703,2.918682507648221,4.286452820982997,0.5854111330942802,2036-08-06T00:01:09.183,31,22
2035-07-03T00:01:09.184,410.0,29.497591169145647,4.124340222134569,0.484921674557647,0.734530843098872,2.8587375362994116,4.549919513308173,0.7895842514361187,2036-08-16T00:01:09.183,31,23
2035-07-03T00:01:09.184,420.0,32.09207204195001,4.209180538667032,0.7542059158724221,0.8349878958333203,2.789508837161584,4.82928500006521,0.9943434404131235,2036-08-26T00:01:09.183,31,24
2035-07-06T00:01:09.184,180.0,11.38201989690348,2.582169945276508,-0.0712898107928428,-0.97870185619509,3.3441632377882655,-0.44557894950293253,0.007178836176346959,2036-01-02T00:01:09.184,32,0
2035-07-06T00:01:09.184,190.0,11.18974029509442,2.3986843006662433,-0.17010132719641824,-1.1007583465086679,3.3097600963074285,-0.4468392696370449,0.1885817252431865,2036-01-12T00:01:09.184,32,1
2035-07-06T00:01:09.184,200.0,11.162650144043292,2.27504774518615,-0.2489112078783453,-1.2429661124593459,3.2857667306542133,-0.44360275517354886,0.41182973590022653,2036-01-22T00:01:09.184,32,2
2035-07-06T00:01:09.184,210.0,11.355111062389168,2.2031945036326874,-0.2997339724039678,-1.4140479202778584,3.2674502325093258,-0.44582243398820065,0.6929086504127064,2036-02-01T00:01:09.185,32,3
2035-07-06T00:01:09.184,220.0,11.905215696348366,2.176893829687021,-0.3115981051955812,-1.6312335483068976,3.249659722542006,-0.46907561252643326,1.060610887069112,2036-02-11T00:01:09.185,32,4
2035-07-06T00:01:09.184,230.0,13.160520290862912,2.1929734625083164,-0.2658245631514564,-1.9296599120392497,3.224506987682794,-0.5416841133017529,1.5715130602843361,2036-02-21T00:01:09.185,32,5
2035-07-06T00:01:09.184,240.0,16.13210585725077,2.2559821856580697,-0.12266731346240967,-2.389152988674131,3.173692182963883,-0.7252726182498446,2.352395250433423,2036-03-02T00:01:09.185,32,6
2035-07-06T00:01:09.184,250.0,24.702578850012657,2.4012291548334233,0.2282034339984067,-3.23132192145442,3.031877862530269,-1.191532895682812,3.753737448892407,2036-03-12T00:01:09.186,32,7
2035-07-06T00:01:09.184,260.0,64.543097993459,2.8931923789437413,1.2583235780864834,-5.3539792326902464,2.3734716051989366,-2.673775435719493,7.1944878519680895,2036-03-22T00:01:09.186,32,8
2035-07-06T00:01:09.184,270.0,891.3028124538621,11.66680851087117,8.308214646329446,-15.974334917468715,-11.328119652768304,-13.463309885882518,24.118785303226293,2036-04-01T00:01:09.186,32,9
2035-07-06T00:01:09.184,280.0,158.7779678311007,4.099887487104304,-3.768701813447481,6.519437662324712,0.78613206434866,5.4633337942837645,-11.32748639640501,2036-04-11T00:01:09.186,32,10
2035-07-06T00:01:09.184,290.0,47.67154606798055,3.0321764894025236,-2.369024451953976,2.796261278019038,2.6339987608997824,3.5320833526860316,-5.315823904648946,2036-04-21T00:01:09.186,32,11
2035-07-06T00:01:09.184,300.0,29.014489539792848,2.950098990935274,-1.8523279186965862,1.6620217741799734,2.9407066485783346,2.997625688599383,-3.373569945599039,2036-05-01T00:01:09.185,32,12
2035-07-06T00:01:09.184,310.0,22.916638680413758,3.004914920115752,-1.5530879954885446,1.1392989496126815,3.0358893838401677,2.8341945930047405,-2.3806207884673727,2036-05-11T00:01:09.185,32,13
2035-07-06T00:01:09.184,320.0,20.441524007220337,3.0996409985003694,-1.3299256450925991,0.8557326550247426,3.068313322109006,2.8225250334016394,-1.7493798330865162,2036-05-21T00:01:09.185,32,14
2035-07-06T00:01:09.184,330.0,19.465273929797096,3.2098068203341548,-1.1360416137418952,0.6925803136014714,3.0732405914155727,2.8896495094062526,-1.2924364239145234,2036-05-31T00:01:09.185,32,15
2035-07-06T00:01:09.184,340.0,19.27410265710022,3.3261144158526577,-0.9516593144871255,0.6004149210956555,3.0624261200195413,3.0045932753924625,-0.9317017580688949,2036-06-10T00:01:09.185,32,16
2035-07-06T00:01:09.184,350.0,19.576399514934636,3.443904613970444,-0.7670272354606062,0.5550411191687941,3.0405828459087054,3.152117873229967,-0.6288150645178145,2036-06-20T00:01:09.184,32,17
2035-07-06T00:01:09.184,360.0,20.239230688032674,3.5603107436200023,-0.5767680047869561,0.5432586777121458,3.009771138854539,3.3240020036660436,-0.3626555657577173,2036-06-30T00:01:09.184,32,18
2035-07-06T00:01:09.184,370.0,21.199864723275464,3.673280397859008,-0.37763123256697995,0.5572973870734437,2.970868908149697,3.515575433528223,-0.1205488491763198,2036-07-10T00:01:09.184,32,19
2035-07-06T00:01:09.184,380.0,22.431127586428858,3.781182039961635,-0.16745645865926662,0.5923420086671474,2.9241433025939187,3.7241574378108453,0.10566414113666234,2036-07-20T00:01:09.184,32,20
2035-07-06T00:01:09.184,390.0,23.92637450473531,3.8825928528649136,0.05535407473414722,0.6453210233598732,2.8694945798648774,3.9482867298366546,0.3215699921590556,2036-07-30T00:01:09.183,32,21
2035-07-06T00:01:09.184,400.0,25.692619607137768,3.97618032600881,0.29211418255893307,0.7142599001989742,2.8065633022510177,4.187317120123419,0.5312225269291071,2036-08-09T00:01:09.183,32,22
2035-07-06T00:01:09.184,410.0,27.747485538894637,4.0606271352751335,0.5440266077026905,0.7979227282342904,2.7347728655080843,4.441198659227318,0.7377380173563037,2036-08-19T00:01:09.183,32,23
2035-07-06T00:01:09.184,420.0,30.118183986255076,4.13456763096994,0.8122987543146323,0.8956070352542476,2.6533367550078886,4.7103607349899,0.9436576694144416,2036-08-29T00:01:09.183,32,24
2035-07-09T00:01:09.184,180.0,12.042326488438889,2.5411548165105877,-0.09670343177595164,-0.9992267528230068,3.423015525052442,-0.5702990864128505,-0.007082070707938648,2036-01-05T00:01:09.184,33,0
2035-07-09T00:01:09.184,190.0,11.830485560096083,2.373506219256953,-0.19411956077452253,-1.1176848184384367,3.3886454011119973,-0.5628748877945684,0.17532759711136459,2036-01-15T00:01:09.184,33,1
2035-07-09T00:01:09.184,200.0,11.771566188970708,2.2632058098026206,-0.27062719663632073,-1.2539951865004664,3.3631358018486885,-0.5508039786943488,0.3968611146846719,2036-01-25T00:01:09.185,33,2
2035-07-09T00:01:09.184,210.0,11.91599340562405,2.2022464409470466,-0.3191514023513493,-1.415832217197332,3.34212197252009,-0.5432483365513772,0.6716363385468633,2036-02-04T00:01:09.185,33,3
2035-07-09T00:01:09.184,220.0,12.38560802216585,2.1843313096780754,-0.3301643312518445,-1.618019211958852,3.3209875600129557,-0.554086686652246,1.0245182243766,2036-02-14T00:01:09.185,33,4
2035-07-09T00:01:09.184,230.0,13.471664616352577,2.2057782445519933,-0.2879252013430773,-1.8898182530678078,3.29303711880997,-0.6075713255161928,1.5028067856190988,2036-02-24T00:01:09.185,33,5
2035-07-09T00:01:09.184,240.0,15.964362158596803,2.268799885650761,-0.16047114996711342,-2.294551911398205,3.243965252974327,-0.7537540680691803,2.2074660588469244,2036-03-05T00:01:09.185,33,6
2035-07-09T00:01:09.184,250.0,22.57944239519233,2.3960528676638013,0.13425200754356528,-2.9946044387069235,3.1284921875871063,-1.1211530458930694,3.3963207850677866,2036-03-15T00:01:09.186,33,7
2035-07-09T00:01:09.184,260.0,47.682695697625306,2.7305945670320924,0.8960951451121213,-4.554677695256866,2.711589137098489,-2.1782752359026,5.96532455494655,2036-03-25T00:01:09.186,33,8
2035-07-09T00:01:09.184,270.0,306.0313737485751,5.483031484240797,4.465560143682308,-10.612932241484389,-1.5173090267609588,-7.579007388601547,15.69355899945605,2036-04-04T00:01:09.186,33,9
2035-07-09T00:01:09.184,280.0,350.86372174438026,6.1061796597683635,-4.697556007358786,10.258443804749298,-2.310447190989816,6.86639994050167,-17.273624616133876,2036-04-14T00:01:09.186,33,10
2035-07-09T00:01:09.184,290.0,64.86400861383291,3.231627111781993,-2.6218060293654,3.629003356749828,2.3785463153245168,3.9074697351919285,-6.628590069407536,2036-04-24T00:01:09.186,33,11
2035-07-09T00:01:09.184,300.0,33.69630427939553,3.0191870615645833,-1.9453741042771835,2.0385928637326227,2.8773577540469617,3.131900285077694,-3.950736290737666,2036-05-04T00:01:09.185,33,12
2035-07-09T00:01:09.184,310.0,24.72557239601198,3.041667000378286,-1.586271711751964,1.3681954728440782,3.008060759754855,2.881683607151527,-2.715334684695275,2036-05-14T00:01:09.185,33,13
2035-07-09T00:01:09.184,320.0,21.17177176584738,3.1215993889614353,-1.3325008407584722,1.0186636253030965,3.0467113381867925,2.827702769885909,-1.9731748104998152,2036-05-24T00:01:09.185,33,14
2035-07-09T00:01:09.184,330.0,19.650477306100942,3.221699106303202,-1.119902618415498,0.8204098550236214,3.0489425255032785,2.8698038639027184,-1.4555591932338794,2036-06-03T00:01:09.185,33,15
2035-07-09T00:01:09.184,340.0,19.118066330557358,3.329376484798665,-0.9227940393299079,0.7073928736214885,3.0318207650478577,2.9676963938155305,-1.0577841430633543,2036-06-13T00:01:09.185,33,16
2035-07-09T00:01:09.184,350.0,19.16889204500509,3.4388747074774493,-0.728964970726965,0.648635110819729,3.00188602216301,3.102221553702324,-0.7306119261907562,2036-06-23T00:01:09.184,33,17
2035-07-09T00:01:09.184,360.0,19.622486531855806,3.546898314982201,-0.53187119021322,0.6277225845958947,2.961950805256283,3.2632550334727837,-0.4477728727960262,2036-07-03T00:01:09.184,33,18
2035-07-09T00:01:09.184,370.0,20.393270168040644,3.651216117545487,-0.3276561834951188,0.635188648145423,2.913243265048923,3.4450967513102375,-0.19388713417703052,2036-07-13T00:01:09.184,33,19
2035-07-09T00:01:09.184,380.0,21.44163809788167,3.750116020445926,-0.11382222517477558,0.6652482513066893,2.856207760276064,3.6444554605473938,0.04073971166743595,2036-07-23T00:01:09.184,33,20
2035-07-09T00:01:09.184,390.0,22.753300340668083,3.8421359637523915,0.11141530053669868,0.7142340047177917,2.7908386687296236,3.8594756344730596,0.2626170076372065,2036-08-02T00:01:09.183,33,21
2035-07-09T00:01:09.184,400.0,24.329914721742384,3.925925662815429,0.3494697725714637,0.779782701834888,2.7168270579481337,4.089233526348775,0.4763765589619502,2036-08-12T00:01:09.183,33,22
2035-07-09T00:01:09.184,410.0,26.184804864860034,4.000158821703396,0.6015868791863284,0.8603903498890526,2.633622182874081,4.333465160354945,0.6855062120239972,2036-08-22T00:01:09.183,33,23
2035-07-09T00:01:09.184,420.0,28.341258384794592,4.063465208764284,0.868975930479067,0.9551577433518492,2.5404486756552274,4.592418602971869,0.8927879290369565,2036-09-01T00:01:09.183,33,24
2035-07-12T00:01:09.184,180.0,12.878081738182809,2.5061728359587967,-0.1277325131855953,-1.0199184394788388,3.521776864997559,-0.6889968133576936,-0.0212800971266347,2036-01-08T00:01:09.184,34,0
2035-07-12T00:01:09.184,190.0,12.635790947910742,2.353891421980933,-0.22299504097870937,-1.1343275038644398,3.4867203684774353,-0.6725582511863006,0.16197968612312463,2036-01-18T00:01:09.184,34,1
2035-07-12T00:01:09.184,200.0,12.53531587460131,2.256454220893204,-0.296558885153857,-1.2644414427325428,3.459079355641837,-0.651437709163579,0.38172607594120667,2036-01-28T00:01:09.185,34,2
2035-07-12T00:01:09.184,210.0,12.623248994060116,2.2059317591387178,-0.3421842779587232,-1.4170225384433222,3.4348424403893922,-0.6340749131143628,0.6504270968517325,2036-02-07T00:01:09.185,34,3
2035-07-12T00:01:09.184,220.0,13.00711035372301,2.1959997355007346,-0.3516138307072536,-1.6048596054900217,3.4098814347455395,-0.6328666794084263,0.9895952307864384,2036-02-17T00:01:09.185,34,4
2035-07-12T00:01:09.184,230.0,13.932043965445363,2.222597517800395,-0.3115593506719194,-1.852455591825146,3.3785019603327733,-0.6686889759161225,1.4389661298867384,2036-02-27T00:01:09.185,34,5
2035-07-12T00:01:09.184,240.0,16.022899247724204,2.286249293319319,-0.19611443011764318,-2.210580319163181,3.3294109741310685,-0.7826038121165624,2.079772364063057,2036-03-08T00:01:09.185,34,6
2035-07-12T00:01:09.184,250.0,21.23268683505578,2.4014772874980643,0.05694794570953454,-2.8008583519731105,3.2304115040489236,-1.0728204721155281,3.105830739781865,2036-03-18T00:01:09.186,34,7
2035-07-12T00:01:09.184,260.0,38.239733116088885,2.650986943288263,0.6483629385396326,-3.997670964598294,2.941731826127249,-1.8546135850721166,5.11335070470478,2036-03-28T00:01:09.186,34,8
2035-07-12T00:01:09.184,270.0,148.2898033664594,3.8501727850793728,2.725946690460462,-7.666794260096477,1.15745935196421,-4.927501018644203,11.075641061639292,2036-04-07T00:01:09.186,34,9
2035-07-12T00:01:09.184,280.0,1044.2022779385936,13.16614403120111,-5.017869351235478,17.290193380730614,-13.39268912894344,7.239349485582336,-28.50315727879409,2036-04-17T00:01:09.186,34,10
2035-07-12T00:01:09.184,290.0,97.09757648076507,3.579926713414668,-2.9787761446341676,4.859950162779379,1.906991948454074,4.449680796495583,-8.582616092928475,2036-04-27T00:01:09.186,34,11
2035-07-12T00:01:09.184,300.0,40.795314903474484,3.11237609360607,-2.069896849686147,2.5130765780014848,2.7956213359058566,3.3194825742628247,-4.686240677650678,2036-05-07T00:01:09.185,34,12
2035-07-12T00:01:09.184,310.0,27.325712687788617,3.0867635963016298,-1.6331787040001373,1.6347122094061275,2.986700557350453,2.9543179296226434,-3.1108420145068907,2036-05-17T00:01:09.185,34,13
2035-07-12T00:01:09.184,320.0,22.292291915559225,3.1480745816158198,-1.3425922708285238,1.199509887011839,3.0376099128643936,2.848021384613883,-2.225756528825472,2036-05-27T00:01:09.185,34,14
2035-07-12T00:01:09.184,330.0,20.089691995780814,3.2368297413145815,-1.1085649650121603,0.9577921515615468,3.0392336204403243,2.8606297532391576,-1.6338752740184574,2036-06-06T00:01:09.185,34,15
2035-07-12T00:01:09.184,340.0,19.160938889685184,3.335381584467779,-0.8973588412763309,0.8197506195176372,3.0167437840369224,2.9391518976741757,-1.1923011169826476,2036-06-16T00:01:09.185,34,16
2035-07-12T00:01:09.184,350.0,18.936301629089684,3.4363999244850376,-0.6935675008247717,0.7452834489918283,2.9792558653341707,3.0593430740699397,-0.8371117446923781,2036-06-26T00:01:09.184,34,17
2035-07-12T00:01:09.184,360.0,19.170714581133712,3.536001079645118,-0.48917795229801797,0.7138365985816213,2.9305853362478658,3.208700190994568,-0.5353758048456418,2036-07-06T00:01:09.184,34,18
2035-07-12T00:01:09.184,370.0,19.74898309710482,3.6317117723185337,-0.2795850477848667,0.713830402979613,2.8724088086180473,3.380274316714459,-0.2683212198818099,2036-07-16T00:01:09.184,34,19
2035-07-12T00:01:09.184,380.0,20.61609652759866,3.7217097313010115,-0.061881956065398924,0.73830165524019,2.8053911627126986,3.5700536230687696,-0.024373760188040272,2036-07-26T00:01:09.183,34,20
2035-07-12T00:01:09.184,390.0,21.74873059737735,3.804480443155869,0.1659436574118054,0.7828754882583313,2.7296420581915335,3.775729596356962,0.2040853907640896,2036-08-05T00:01:09.183,34,21
2035-07-12T00:01:09.184,400.0,23.1425360498529,3.87864850730981,0.4054292291188908,0.8447368572829745,2.644914520222926,3.9960685093544583,0.42237388545276744,2036-08-15T00:01:09.183,34,22
2035-07-12T00:01:09.184,410.0,24.806268107514807,3.94287576020767,0.6578797626402597,0.922075735777133,2.5506906371523783,4.23057448990347,0.6344169499910892,2036-08-25T00:01:09.183,34,23
2035-07-12T00:01:09.184,420.0,26.759243158754643,3.9957856296162846,0.9245192052797933,1.0137736769618186,2.4462110715588032,4.479305106493234,0.8432794999769744,2036-09-04T00:01:09.183,34,24
2035-07-15T00:01:09.184,180.0,13.868233755760544,2.477546697279994,-0.16396328014577222,-1.0407335319231086,3.63657380013143,-0.8014634399693374,-0.03494433216862092,2036-01-11T00:01:09.184,35,0
2035-07-15T00:01:09.184,190.0,13.58463207676297,2.3401242324992104,-0.25633030075246666,-1.1506853814374987,3.600089982901075,-0.7757403862620826,0.14903370390708037,2036-01-21T00:01:09.184,35,1
2035-07-15T00:01:09.184,200.0,13.4329099715237,2.255048385881768,-0.32632201311933784,-1.2743454901038125,3.5696809707004995,-0.7454096459529111,0.36694985851311657,2036-01-31T00:01:09.185,35,2
2035-07-15T00:01:09.184,210.0,13.455995618377312,2.2144855933905987,-0.36846307379379795,-1.4176829768200503,3.5416726236448497,-0.7182491846214063,0.6298164447619667,2036-02-10T00:01:09.185,35,3
2035-07-15T00:01:09.184,220.0,13.748822252548726,2.2121169947724333,-0.37561793807021715,-1.5917628592842228,3.5123818853682565,-0.7053565050506343,0.9562781732678065,2036-02-20T00:01:09.185,35,4
2035-07-15T00:01:09.184,230.0,14.518579724716181,2.2436100982466485,-0.33656023391150125,-1.8172085874804689,3.4769595387179244,-0.724784223552664,1.3798622830281948,2036-03-01T00:01:09.185,35,5
2035-07-15T00:01:09.184,240.0,16.264458601552,2.308262804304764,-0.2301603532822808,-2.135111314945854,3.4264198492916407,-0.8105139344321959,1.9665128476629627,2036-03-11T00:01:09.185,35,6
2035-07-15T00:01:09.184,250.0,20.423311651523385,2.415207711931629,-0.008476800385236682,-2.6382523654199095,3.3373962278180294,-1.0388945128494669,2.864576104983186,2036-03-21T00:01:09.186,35,7
2035-07-15T00:01:09.184,260.0,32.54033244587802,2.614387064608085,0.4681856953868393,-3.585035478819317,3.1222000581545224,-1.6306185811205758,4.487012623744471,2036-03-31T00:01:09.186,35,8
2035-07-15T00:01:09.184,270.0,90.18341873688126,3.271203204024115,1.835118250709587,-6.027877649183125,2.1887994837740727,-3.5859429810501338,8.51666533881477,2036-04-10T00:01:09.186,35,9
2035-07-15T00:01:09.184,280.0,1239.0092626545018,14.705548871986853,11.605583098119032,-16.312894534324357,-15.977713445012332,-18.715056806847322,25.168801807794736,2036-04-20T00:01:09.186,35,10
2035-07-15T00:01:09.184,290.0,166.64222948754403,4.29031388943471,-3.484130155177355,6.856918442229647,0.8758694910174327,5.226352738792734,-11.771164733022921,2036-04-30T00:01:09.185,35,11
2035-07-15T00:01:09.184,300.0,51.97271014612888,3.2450933436336875,-2.2372322208426283,3.1357598009339647,2.667070912933326,3.5787020736616135,-5.661478107304129,2036-05-10T00:01:09.185,35,12
2035-07-15T00:01:09.184,310.0,31.010127961964645,3.143026863875093,-1.6971071254853545,1.9522305395129362,2.963411352429894,3.0577673888930548,-3.5886459443188903,2036-05-20T00:01:09.185,35,13
2035-07-15T00:01:09.184,320.0,23.868233154993057,3.179878380144876,-1.3613525903222108,1.4032745420225097,3.0357604643133165,2.885728501720603,-2.514947827025964,2036-05-30T00:01:09.185,35,14
2035-07-15T00:01:09.184,330.0,20.788644842624468,3.2555058032515483,-1.1024294477992154,1.1070181394693437,3.039616611978161,2.863165156615782,-1.8307542109065857,2036-06-09T00:01:09.185,35,15
2035-07-15T00:01:09.184,340.0,19.388159450572722,3.344266989742618,-0.8754371981550815,0.938692326010921,3.012916317152982,2.9194832076938813,-1.3368292772076331,2036-06-19T00:01:09.184,35,16
2035-07-15T00:01:09.184,350.0,18.855677117338253,3.4365443333859904,-0.6607650231382873,0.8456894894464835,2.9684772272021007,3.023756458657175,-0.9490610874173475,2036-06-29T00:01:09.184,35,17
2035-07-15T00:01:09.184,360.0,18.85688763431425,3.5276422784438903,-0.44853700313493405,0.8020501081906657,2.9114694857082064,3.1604782852526885,-0.625787565033427,2036-07-09T00:01:09.184,35,18
2035-07-15T00:01:09.184,370.0,19.237661589355778,3.6147613117654966,-0.23322010124874026,0.7935337006352725,2.8441486150431246,3.3211720115851637,-0.343942894049885,2036-07-19T00:01:09.184,35,19
2035-07-15T00:01:09.184,380.0,19.923619904641367,3.6959318583119734,-0.011409784032753834,0.8117342234180374,2.767454984780059,3.5009682010733805,-0.08963518801445325,2036-07-29T00:01:09.183,35,20
2035-07-15T00:01:09.184,390.0,20.880588262222044,3.7695700357448554,0.21918171439543244,0.851430626602232,2.681639246197335,3.697033330205784,0.14609507460473914,2036-08-08T00:01:09.183,35,21
2035-07-15T00:01:09.184,400.0,22.097356001112708,3.8342677494186823,0.4602447825488696,0.9092785058697785,2.586529651143973,3.907784190487238,0.36938203183661944,2036-08-18T00:01:09.183,35,22
2035-07-15T00:01:09.184,410.0,23.577732593287074,3.888670412788981,0.7131628157753198,0.9831171416021114,2.481648774449294,4.132471070398854,0.5846664056348239,2036-08-28T00:01:09.183,35,23
2035-07-15T00:01:09.184,420.0,25.336950605726653,3.931392799436859,0.9791868222337783,1.0715814045752747,2.366258354647755,4.370949325385478,0.7953452078805707,2036-09-07T00:01:09.183,35,24
2035-07-18T00:01:09.184,180.0,15.007088377314735,2.455572964560492,-0.20502892168740772,-1.0616265901894817,3.765518623868992,-0.9086501271238685,-0.048091756968163146,2036-01-14T00:01:09.184,36,0
2035-07-18T00:01:09.184,190.0,14.670897927790366,2.332469054134851,-0.2937763336727546,-1.1667493666832915,3.7268481331805745,-0.8734250461015041,0.1364903250835674,2036-01-24T00:01:09.185,36,1
2035-07-18T00:01:09.184,200.0,14.457833798733475,2.2592290467625418,-0.35958135880130637,-1.283731052641973,3.6930160397818312,-0.8337704299977045,0.3525524056208358,2036-02-03T00:01:09.185,36,2
2035-07-18T00:01:09.184,210.0,14.407356537081862,2.228131337168893,-0.39766894390618646,-1.4178513343657548,3.660668465206598,-0.7968554335218379,0.6098232063397999,2036-02-13T00:01:09.185,36,3
2035-07-18T00:01:09.184,220.0,14.603343986430518,2.2328924430857633,-0.40189638431201935,-1.5787117362328758,3.6265277480133555,-0.7726323842517058,0.9244888739867143,2036-02-23T00:01:09.185,36,4
2035-07-18T00:01:09.184,230.0,15.22158245529071,2.2689931052649683,-0.36278107121154957,-1.7837533923157525,3.5864620533700027,-0.7767749887059132,1.324950192252019,2036-03-04T00:01:09.185,36,5
2035-07-18T00:01:09.184,240.0,16.664476637986926,2.3348404273788574,-0.2630079665919017,-2.066514753243723,3.533277046580661,-0.8376184467406542,1.8651609281166435,2036-03-14T00:01:09.186,36,6
2035-07-18T00:01:09.184,250.0,20.00939699940246,2.4359141483290188,-0.06516555582991468,-2.4988835619078698,3.449736186267092,-1.0153800636649688,2.6603985736865745,2036-03-24T00:01:09.186,36,7
2035-07-18T00:01:09.184,260.0,28.955099121346286,2.6031885508753767,0.3309307633702896,-3.264976628247526,3.278576916019631,-1.4693934763321046,4.005860124717555,2036-04-03T00:01:09.186,36,8
2035-07-18T00:01:09.184,270.0,63.26141038996556,3.0215807236292918,1.3083503346945111,-5.005473670081927,2.715444297302298,-2.8055583628719223,6.929402205871255,2036-04-13T00:01:09.186,36,9
2035-07-18T00:01:09.184,280.0,422.5632090532561,6.566359330661001,6.0839112897818115,-11.600305004287517,-2.865653892830661,-10.107748137404533,17.66874824119003,2036-04-23T00:01:09.186,36,10
2035-07-18T00:01:09.184,290.0,351.96633931234595,6.10209644798792,-4.095508162793248,10.501944760008149,-1.8966277178669024,6.157975148845191,-17.619548367604942,2036-05-03T00:01:09.185,36,11
2035-07-18T00:01:09.184,300.0,70.7575796583598,3.4491683383646645,-2.464142511273547,3.9967084111480795,2.4390871550860567,3.9351551979336588,-7.023032612513608,2036-05-13T00:01:09.185,36,12
2035-07-18T00:01:09.184,310.0,36.29967661192899,3.2150743752021302,-1.782761191829934,2.340997140389949,2.928954145006646,3.1987723488889337,-4.181956442666632,2036-05-23T00:01:09.185,36,13
2035-07-18T00:01:09.184,320.0,26.01930823341636,3.2181710144326185,-1.3903896427242977,1.636827877815005,3.0373794831582437,2.942636577347768,-2.8521087080195127,2036-06-02T00:01:09.185,36,14
2035-07-18T00:01:09.184,330.0,21.774533742593867,3.278129105143101,-1.1020804346117874,1.2710317389125674,3.04746264617793,2.877577949625392,-2.0511095306135645,2036-06-12T00:01:09.185,36,15
2035-07-18T00:01:09.184,340.0,19.79761987653676,3.356203961691966,-0.857199164719578,1.0656866493053991,3.0180242172462712,2.9081894804752366,-1.493848602203371,2036-06-22T00:01:09.184,36,16
2035-07-18T00:01:09.184,350.0,18.91328157649286,3.43938796141002,-0.6305349605363872,0.950672339114794,2.9673273915618843,2.994647902500118,-1.0678640680494151,2036-07-02T00:01:09.184,36,17
2035-07-18T00:01:09.184,360.0,18.6616642097714,3.521856189222751,-0.4098257142746533,0.8928634597956888,2.9023994506993382,3.1176129951693294,-0.7198825256268568,2036-07-12T00:01:09.184,36,18
2035-07-18T00:01:09.184,370.0,18.836695191982173,3.6003678971008153,-0.18838216964266508,0.8746304502502262,2.826250482176043,3.26672185386707,-0.4213451476511274,2036-07-22T00:01:09.184,36,19
2035-07-18T00:01:09.184,380.0,19.339304465798453,3.672759407455101,0.03780617250162166,0.885783539564116,2.740166875635577,3.4360756610133816,-0.15547993844694563,2036-08-01T00:01:09.183,36,20
2035-07-18T00:01:09.184,390.0,20.122087235888053,3.737357677609308,0.2713611522115009,0.9200817437750946,2.644571833604786,3.6222271858986694,0.08830213207436355,2036-08-11T00:01:09.183,36,21
2035-07-18T00:01:09.184,400.0,21.16585674487149,3.792711407446971,0.5141602285575999,0.9735571420661033,2.5393843962152083,3.8231955512720948,0.3171110371202417,2036-08-21T00:01:09.183,36,22
2035-07-18T00:01:09.184,410.0,22.468965382441443,3.8374444881925918,0.7676855812494701,1.0436436045212822,2.4241761414967264,4.037950391964905,0.5359963147913938,2036-08-31T00:01:09.183,36,23
2035-07-18T00:01:09.184,420.0,24.042370209622653,3.870161078403777,1.0332302042264594,1.1286967534434567,2.298235173703681,4.266130184244105,0.7487446474301,2036-09-10T00:01:09.183,36,24
2035-07-21T00:01:09.184,180.0,16.29947292735583,2.440540075677042,-0.2506079008339661,-1.082552522591743,3.907979644091075,-1.0116640215555357,-0.060859972196086964,2036-01-17T00:01:09.184,37,0
2035-07-21T00:01:09.184,190.0,15.898704723155145,2.331186749020418,-0.33502903425707053,-1.1825052095235664,3.866346768674074,-0.9667655712631511,0.12422446513842367,2036-01-27T00:01:09.185,37,1
2035-07-21T00:01:09.184,200.0,15.613525883050206,2.2692366665550097,-0.396047673290548,-1.2926101113534885,3.8284199111972796,-0.9177135935350371,0.3384207836989743,2036-02-06T00:01:09.185,37,2
2035-07-21T00:01:09.184,210.0,15.480128835293801,2.2470957118020003,-0.4295291943230959,-1.417547827648856,3.791147943012664,-0.8711146985039626,0.5903264279489759,2036-02-16T00:01:09.185,37,3
2035-07-21T00:01:09.184,220.0,15.572670433129264,2.258540615044595,-0.43021103327808285,-1.5656736448700803,3.751621969571257,-0.8359064977642454,0.8940153005150746,2036-02-26T00:01:09.185,37,4
2035-07-21T00:01:09.184,230.0,16.040812372201387,2.2989341304067707,-0.39009497942798177,-1.7518040554796552,3.706321947306222,-0.8257436740082404,1.2736315715123325,2036-03-07T00:01:09.185,37,5
2035-07-21T00:01:09.184,240.0,17.211506784833126,2.366040723192903,-0.2949441482333096,-2.0035201702215124,3.6494608679621834,-0.8644076781738654,1.7736238394766515,2036-03-17T00:01:09.186,37,6
2035-07-21T00:01:09.184,250.0,19.90561700221621,2.462821183919008,-0.1152614746909415,-2.377269709508585,3.5681583586951433,-0.999976260467637,2.4847354804870783,2036-03-27T00:01:09.186,37,7
2035-07-21T00:01:09.184,260.0,26.675424850759647,2.6087252573987527,0.22252992466855215,-3.007661668164364,3.423852486585492,-1.350372181781248,3.6234174437308964,2036-04-06T00:01:09.186,37,8
2035-07-21T00:01:09.184,270.0,48.87220430265191,2.9050515927979106,0.9640217051676991,-4.307803742410918,3.046220661565343,-2.305997154269601,5.854495803073465,2036-04-16T00:01:09.186,37,9
2035-07-21T00:01:09.184,280.0,193.39818499962158,4.3431405640402545,3.5876515449921778,-8.286224533000718,0.8279086867288399,-6.212285128435974,12.414518343015718,2036-04-26T00:01:09.186,37,10
2035-07-21T00:01:09.184,290.0,977.5386837506543,12.007949453934629,-3.6333251164957847,17.380356733538893,-11.195986138097037,5.308483226623171,-28.705549706961783,2036-05-06T00:01:09.185,37,11
2035-07-21T00:01:09.184,300.0,105.57434836743677,3.7989689574910983,-2.7729118878553063,5.272258863612052,1.992235405437853,4.422437631929739,-9.058001537229298,2036-05-16T00:01:09.185,37,12
2035-07-21T00:01:09.184,310.0,44.14783875477832,3.31095806801199,-1.8968815381737283,2.8331451076917182,2.869907148074887,3.3871493239081882,-4.943550462345388,2036-05-26T00:01:09.185,37,13
2035-07-21T00:01:09.184,320.0,28.9494418426088,3.26468771876214,-1.4319393998888312,1.9098890484778406,3.03907045942913,3.021415539237445,-3.253389113599619,2036-06-05T00:01:09.185,37,14
2035-07-21T00:01:09.184,330.0,23.10257528738737,3.3052495128111268,-1.1083385814894733,1.4536982159539802,3.0612085465691194,2.9042695748045393,-2.3014768646815047,2036-06-15T00:01:09.185,37,15
2035-07-21T00:01:09.184,340.0,20.401869492007023,3.3714188576069795,-0.8429196328645236,1.2025559088256408,3.0309646998916833,2.9047923793529566,-1.666524441126061,2036-06-25T00:01:09.184,37,16
2035-07-21T00:01:09.184,350.0,19.10599812334268,3.445042467447969,-0.6029068763743659,1.0611996377125381,2.9748335800406807,2.9711429048199243,-1.1952711548193777,2036-07-05T00:01:09.184,37,17
2035-07-21T00:01:09.184,360.0,18.5748833078423,3.5187010399010363,-0.37294885295229463,0.9868416522006731,2.9024328701582576,3.0790306831267316,-0.8187409812824384,2036-07-15T00:01:09.184,37,18
2035-07-21T00:01:09.184,370.0,18.532068547285203,3.5885562670983884,-0.14490819703195612,0.9574788110311019,2.817767319517216,3.2157411592931204,-0.5012630813994798,2036-07-25T00:01:09.183,37,19
2035-07-21T00:01:09.184,380.0,18.84657117300574,3.65219141943568,0.08596876298213374,0.9606948151495143,2.7225608618654107,3.374129141863534,-0.22245462564680807,2036-08-04T00:01:09.183,37,20
2035-07-21T00:01:09.184,390.0,19.45462148096669,3.7078180321306315,0.32270920734681496,0.9890102145669477,2.6174483775068964,3.550023857375745,0.0302668815083722,2036-08-14T00:01:09.183,37,21
2035-07-21T00:01:09.184,400.0,20.327608753248686,3.75392962417403,0.5674169832103999,1.037716447237492,2.5024581310440865,3.7409878373310193,0.26518306235769895,2036-08-24T00:01:09.183,37,22
2035-07-21T00:01:09.184,410.0,21.457753218152956,3.7891229887387103,0.8216979366954114,1.1037761290235926,2.377220293088527,3.9456773784733308,0.488064464271754,2036-09-03T00:01:09.183,37,23
2035-07-21T00:01:09.184,420.0,22.851453186607657,3.81198795065008,1.0869029387674871,1.1852271045639018,2.2410549486579683,4.163495952642723,0.7031552858586467,2036-09-13T00:01:09.182,37,24
2035-07-24T00:01:09.184,180.0,17.761553254877246,2.4327415105805557,-0.30041843431254023,-1.1034675112050323,4.064511692396376,-1.1117095575234277,-0.0734834468534169,2036-01-20T00:01:09.184,38,0
2035-07-24T00:01:09.184,190.0,17.283178661932695,2.3365463545775853,-0.3798246008294761,-1.1979358723415752,4.019125352797328,-1.0570069516086367,0.11201055613407718,2036-01-30T00:01:09.185,38,1
2035-07-24T00:01:09.184,200.0,16.914120767442487,2.2853236083824378,-0.4354715750946472,-1.3009871121118275,3.976416347983193,-0.99851864829823,0.3243367138255673,2036-02-09T00:01:09.185,38,2
2035-07-24T00:01:09.184,210.0,16.68748910656944,2.2716190063642507,-0.46380984046366613,-1.416780346071993,3.933618492126513,-0.9423291081946488,0.5710958910891053,2036-02-19T00:01:09.185,38,3
2035-07-24T00:01:09.184,220.0,16.6688695819107,2.289291212584825,-0.46035944570978593,-1.5526077016296531,3.8881578834160813,-0.8964719986367413,0.8645437011512609,2036-02-29T00:01:09.185,38,4
2035-07-24T00:01:09.184,230.0,16.986067807716037,2.3336411250188966,-0.418391145342047,-1.7211093446758936,3.837038274246698,-0.8728765037592723,1.2252720917685789,2036-03-10T00:01:09.185,38,5
2035-07-24T00:01:09.184,240.0,17.90656521355205,2.4019746104147934,-0.32617596345525635,-1.945121640361399,3.775589549190496,-0.8916137928147396,1.6901223665930436,2036-03-20T00:01:09.186,38,6
2035-07-24T00:01:09.184,250.0,20.06435842268466,2.4954957921170724,-0.1602666659825931,-2.269485631863019,3.694088319150957,-0.9914697564101651,2.3313210064512964,2036-03-30T00:01:09.186,38,7
2035-07-24T00:01:09.184,260.0,25.26957184172405,2.626389981377102,0.1344102850410991,-2.7947318321112835,3.5659367721752275,-1.2615052673535772,3.3109320800964417,2036-04-09T00:01:09.186,38,8
2035-07-24T00:01:09.184,270.0,40.47405070997033,2.853158484571509,0.7226468786334816,-3.799261280032657,3.2898808875228305,-1.9651454866964428,5.078280976078315,2036-04-19T00:01:09.186,38,9
2035-07-24T00:01:09.184,280.0,112.58830053729456,3.5936067759408132,2.3795931170986586,-6.398165178155832,2.1815169118924906,-4.336824899982101,9.43510647991409,2036-04-29T00:01:09.185,38,10
2035-07-24T00:01:09.184,290.0,1402.6358853976803,15.33447727779455,14.260208235780379,-15.505963118744697,-16.757361594457926,-22.94198860214925,24.40270224317628,2036-05-09T00:01:09.185,38,11
2035-07-24T00:01:09.184,300.0,180.10980898336967,4.499578036153128,-3.1739772820391234,7.347081053767942,0.9985565376316607,5.052777251985859,-12.39282598386409,2036-05-19T00:01:09.185,38,12
2035-07-24T00:01:09.184,310.0,56.40944861437993,3.4458338073077677,-2.0490372672109896,3.482769856606909,2.762718106634761,3.6370753376083513,-5.962257983869322,2036-05-29T00:01:09.185,38,13
2035-07-24T00:01:09.184,320.0,33.002471969609694,3.322137193234804,-1.4891169140350886,2.236704794662754,3.0371209755256743,3.126064656616709,-3.7424708298507188,2036-06-08T00:01:09.185,38,14
2035-07-24T00:01:09.184,330.0,24.866641140140807,3.337637304371242,-1.1223381947574218,1.660221871839492,3.080172777711102,2.944068555069048,-2.5906827560783907,2036-06-18T00:01:09.184,38,15
2035-07-24T00:01:09.184,340.0,21.230638762723643,3.390214680798916,-0.833003155133401,1.3516079839906459,3.051744335796286,2.9089461547130178,-1.8589049305005547,2036-06-28T00:01:09.184,38,16
2035-07-24T00:01:09.184,350.0,19.44185399881688,3.4536603959182397,-0.5779688008073052,1.1784372715423057,2.9911874999696906,2.952387753301796,-1.3334383724025374,2036-07-08T00:01:09.184,38,17
2035-07-24T00:01:09.184,360.0,18.595457135432884,3.5182656669785892,-0.33783955216333794,1.0846345311283132,2.911806939635021,3.0436308845137,-0.9236603924390012,2036-07-18T00:01:09.184,38,18
2035-07-24T00:01:09.184,370.0,18.317996320282806,3.5793797318808167,-0.10264782359147873,1.0424724427733372,2.818935780119247,3.166998491171011,-0.5845664588110049,2036-07-28T00:01:09.183,38,19
2035-07-24T00:01:09.184,380.0,18.436659495141374,3.6342542347200353,0.13327663284116653,1.036726433627484,2.7148557185930677,3.313822484028478,-0.2912017628916841,2036-08-07T00:01:09.183,38,20
2035-07-24T00:01:09.184,390.0,18.867157552491452,3.6809533276359274,0.3734532550458418,1.0583992170606642,2.600462293395637,3.4790716593622406,-0.028527217554874085,2036-08-17T00:01:09.183,38,21
2035-07-24T00:01:09.184,400.0,19.569576479190367,3.7179008621986536,0.6202607356714118,1.1018967973287195,2.4759150379614283,3.659779641160398,0.2131529547876223,2036-08-27T00:01:09.183,38,22
2035-07-24T00:01:09.184,410.0,20.529126622140396,3.7436588136786995,0.8754564496498638,1.1636304809976838,2.340913620702807,3.854249560336754,0.44046608177293667,2036-09-06T00:01:09.183,38,23
2035-07-24T00:01:09.184,420.0,21.747256856346414,3.7567995773818095,1.140466976542747,1.2412733291080045,2.1948161291086805,4.061627664423781,0.6581942960389595,2036-09-16T00:01:09.182,38,24
2035-07-27T00:01:09.183,180.0,19.42445212792289,2.4324893460229333,-0.35421193485633395,-1.124330773182594,4.237199699374564,-1.2096156623672716,-0.08614397772789317,2036-01-23T00:01:09.185,39,0
2035-07-27T00:01:09.183,190.0,18.854083070309535,2.348838735272757,-0.4279315893954809,-1.2130243385483035,4.187253444717747,-1.145013906720946,0.09967353422315206,2036-02-02T00:01:09.185,39,1
2035-07-27T00:01:09.183,200.0,18.38809285348047,2.3077653935167852,-0.47763521188217073,-1.3088623619376447,4.139059162645818,-1.0770801904129055,0.3101295939091724,2036-02-12T00:01:09.185,39,2
2035-07-27T00:01:09.183,210.0,18.05666321969849,2.301966233895115,-0.500308013000617,-1.4155504395399303,4.090117665256791,-1.0114121337916888,0.5519476421471206,2036-02-22T00:01:09.185,39,3
2035-07-27T00:01:09.183,220.0,17.917785841340727,2.325400414264049,-0.4921656886624046,-1.5394710860908083,4.038158835645255,-0.9552338705565848,0.8358153575894427,2036-03-03T00:01:09.185,39,4
2035-07-27T00:01:09.183,230.0,18.08086703851725,2.3733512401393355,-0.4475692880787716,-1.6914509045101902,3.980636248979863,-0.91899018807608,1.1793469065735795,2036-03-13T00:01:09.186,39,5
2035-07-27T00:01:09.183,240.0,18.766030587138392,2.442805669902036,-0.3568504304074229,-1.8905152281570385,3.913773868988592,-0.9197009292256055,1.613243592995806,2036-03-23T00:01:09.186,39,6
2035-07-27T00:01:09.183,250.0,20.468654696561842,2.533734729096917,-0.20125328161444234,-2.172648709705985,3.8301743414522065,-0.9889334885869125,2.195547714306004,2036-04-02T00:01:09.186,39,7
2035-07-27T00:01:09.183,260.0,24.50174682824076,2.653614464398892,0.06108051254773539,-2.6142859371862013,3.7111452091388095,-1.1950888980511714,3.04973942996474,2036-04-12T00:01:09.186,39,8
2035-07-27T00:01:09.183,270.0,35.33445343465393,2.8374068261497527,0.5446579822597686,-3.409701231667816,3.493741153384722,-1.7223651261869168,4.490176450864158,2036-04-22T00:01:09.186,39,9
2035-07-27T00:01:09.183,280.0,76.59551973194706,3.28577320324451,1.6970516325629097,-5.2251131668714805,2.8447480605068947,-3.286451547325818,7.596194075408359,2036-05-02T00:01:09.185,39,10
2035-07-27T00:01:09.183,290.0,491.1687408845337,6.979376239250085,7.362726937588977,-11.745215535178371,-3.0922321559398647,-12.032305141917394,18.352941839119236,2036-05-12T00:01:09.185,39,11
2035-07-27T00:01:09.183,300.0,376.89821848084347,6.250742404007513,-3.5041301167080263,11.142410628732293,-1.6637718019017882,5.550575533429267,-18.528928547537127,2036-05-22T00:01:09.185,39,12
2035-07-27T00:01:09.183,310.0,77.03625616857275,3.6511398503087573,-2.2519240473060353,4.387881109360532,2.55930784386484,3.967890373804174,-7.39878675935297,2036-06-01T00:01:09.185,39,13
2035-07-27T00:01:09.183,320.0,38.77653466158401,3.394969167329826,-1.5662731594011667,2.6390467414599166,3.0266233624469585,3.262964493542327,-4.355358584244969,2036-06-11T00:01:09.185,39,14
2035-07-27T00:01:09.183,330.0,27.222167592806215,3.3764028256734147,-1.1456372903006002,1.8978078505508256,3.104713301020478,2.9988950856464065,-2.9307936086593633,2036-06-21T00:01:09.184,39,15
2035-07-27T00:01:09.183,340.0,22.339667643558684,3.4129997691014964,-0.8280189496401036,1.515831102351556,3.0817783072391727,2.920981481584601,-2.0760966482388463,2036-07-01T00:01:09.184,39,16
2035-07-27T00:01:09.183,350.0,19.945816065957867,3.4654471557325923,-0.5558784406895612,1.3038176890446218,3.0180705206200393,2.938053074588346,-1.4848941138761775,2036-07-11T00:01:09.184,39,17
2035-07-27T00:01:09.183,360.0,18.736373388385147,3.520678379861298,-0.30445965838476496,1.187004685958672,2.932268838252355,3.010774845916405,-1.0360538961831942,2036-07-21T00:01:09.184,39,18
2035-07-27T00:01:09.183,370.0,18.20170088527712,3.572926574110676,-0.061460168971485984,1.1300540934756826,2.831507448908173,3.119696144131389,-0.6721327401238462,2036-07-31T00:01:09.183,39,19
2035-07-27T00:01:09.183,380.0,18.113348403231296,3.6190086521559723,0.17992873889565786,1.114156742291991,2.718785829793635,3.2542701996440897,-0.3623223463340981,2036-08-10T00:01:09.183,39,20
2035-07-27T00:01:09.183,390.0,18.360953682823524,3.6568004217134775,0.42382797166890285,1.1284389003422035,2.5953221139531344,3.4084335073075387,-0.08853154190789425,2036-08-20T00:01:09.183,39,21
2035-07-27T00:01:09.183,400.0,18.890854405180264,3.684637622675641,0.6729482598398775,1.1662397204584716,2.461433686753196,3.5786015990402937,0.16065243926902273,2036-08-30T00:01:09.183,39,22
2035-07-27T00:01:09.183,410.0,19.680119383958736,3.701039675600291,0.9292316939198884,1.2233206078246512,2.3169022208583243,3.762675839357872,0.3928791300807877,2036-09-09T00:01:09.183,39,23
2035-07-27T00:01:09.183,420.0,20.724729465762692,3.7045568944172733,1.1942016559200184,1.296934226932163,2.16113032000149,3.9595181323327324,0.6135644753905325,2036-09-19T00:01:09.182,39,24
2035-07-30T00:01:09.183,180.0,21.334561954158428,2.4401255406398903,-0.41174979749162155,-1.1451028853631602,4.429687676305509,-1.3048751266907033,-0.09864050024939885,2036-01-26T00:01:09.185,40,0
2035-07-30T00:01:09.183,190.0,20.656326561850012,2.368384681116769,-0.4791286457298165,-1.2277527680091742,4.374358866288151,-1.2303124697905226,0.08742023480975547,2036-02-05T00:01:09.185,40,1
2035-07-30T00:01:09.183,200.0,20.07897075723109,2.3368683325065156,-0.5223312767542625,-1.3162339157330012,4.3199596398694275,-1.1529517612116749,0.29600963404792946,2036-02-15T00:01:09.185,40,2
2035-07-30T00:01:09.183,210.0,19.629858002436396,2.3384337774415584,-0.538829774302418,-1.4138565818053943,4.264239810645758,-1.0779347481766575,0.5330792796700603,2036-02-25T00:01:09.185,40,3
2035-07-30T00:01:09.183,220.0,19.360197733032813,2.3671552599235888,-0.5254597001335686,-1.5262233250844917,4.205204102391789,-1.011756886651849,0.8079629896057332,2036-03-06T00:01:09.185,40,4
2035-07-30T00:01:09.183,230.0,19.363793534135187,2.4183352640625344,-0.47752215805652315,-1.6626433365292073,4.140693154005376,-0.9635780599607351,1.1357689293472077,2036-03-16T00:01:09.186,40,5
2035-07-30T00:01:09.183,240.0,19.822680039537374,2.4887471855926897,-0.38705323611479336,-1.839056631228264,4.067651717993563,-0.9478874197509395,1.5422058812361268,2036-03-26T00:01:09.186,40,6
2035-07-30T00:01:09.183,250.0,21.127739418411004,2.5774956903141586,-0.23898244435022642,-2.0846024604022566,3.9804200695934178,-0.9905711722769173,2.0743105458544218,2036-04-05T00:01:09.186,40,7
2035-07-30T00:01:09.183,260.0,24.249338526147874,2.6889413561517017,-0.0011010231866368514,-2.458288807587632,3.865668227625548,-1.14490620486192,2.8275674107159503,2036-04-15T00:01:09.186,40,8
2035-07-30T00:01:09.183,270.0,32.17167784740319,2.8443831185816393,0.4083711852875629,-3.0995584339651865,3.682916748690353,-1.5433899297344418,4.028119858496465,2036-04-25T00:01:09.186,40,9
2035-07-30T00:01:09.183,280.0,57.979728087762595,3.1488432855808313,1.2663089654431552,-4.430417855310537,3.2545297525247747,-2.6307499793377485,6.361361389192416,2036-05-05T00:01:09.185,40,10
2035-07-30T00:01:09.183,290.0,220.97932288295567,4.593217675733962,4.2635955301886765,-8.410826123436895,0.95339755938042,-7.118444493844141,13.01530268433213,2036-05-15T00:01:09.185,40,11
2035-07-30T00:01:09.183,300.0,1025.5866555669552,11.766083589901044,-2.1188907657334752,18.285337766661897,-10.35776375096937,3.2119339368406266,-30.13282041282282,2036-05-25T00:01:09.185,40,12
2035-07-30T00:01:09.183,310.0,115.55867154785366,4.000946069826567,-2.516919132404743,5.743200863041032,2.144673057645992,4.397378461892117,-9.571943986805834,2036-06-04T00:01:09.185,40,13
2035-07-30T00:01:09.183,320.0,47.36131916255864,3.4909590484281985,-1.669438058710142,3.1518910057111804,2.9989626653107777,3.442540753133361,-5.14941309836827,2036-06-14T00:01:09.185,40,14
2035-07-30T00:01:09.183,330.0,30.42357689060926,3.4231897956517585,-1.1803731984375307,2.176752833802854,3.135942536300931,3.072981149837748,-3.3385967340141005,2036-06-24T00:01:09.184,40,15
2035-07-30T00:01:09.183,340.0,23.822447429444264,3.4403214931455945,-0.8287504642139218,1.6991875604053401,3.1238601454151222,2.9429523229670664,-2.3244304347676277,2036-07-04T00:01:09.184,40,16
2035-07-30T00:01:09.183,350.0,20.66673599972219,3.480667573998745,-0.5368767675159276,1.4391395933911229,3.058665536449027,2.929323129960654,-1.6523822609005139,2036-07-14T00:01:09.184,40,17
2035-07-30T00:01:09.183,360.0,19.03063145161975,3.5261066268717993,-0.27280200122000764,1.2948682584811646,2.967095902281091,2.981253631845025,-1.1571949450707768,2036-07-24T00:01:09.183,40,18
2035-07-30T00:01:09.183,370.0,18.20923378531556,3.5693196557485143,-0.021211600690168808,1.2207347584128865,2.8587706001280537,3.074429573860723,-0.7645568890080199,2036-08-03T00:01:09.183,40,19
2035-07-30T00:01:09.183,380.0,17.898918108676078,3.6065487433607104,0.2261298782742429,1.193296056874324,2.7376230282582767,3.1959629975910246,-0.43607199159663335,2036-08-13T00:01:09.183,40,20
2035-07-30T00:01:09.183,390.0,17.955747452355435,3.6354285664790593,0.4740803248431611,1.1993349295122133,2.6052730601256613,3.338540536287965,-0.1498226354760046,2036-08-23T00:01:09.183,40,21
2035-07-30T00:01:09.183,400.0,18.30911545545308,3.6541855266443446,0.7257531643753801,1.2308944369785362,2.4622282538839357,3.4978490060210845,0.10770242479190095,2036-09-02T00:01:09.183,40,22
2035-07-30T00:01:09.183,410.0,18.926496085550554,3.66128607436288,0.9833150880457318,1.2829656396306213,2.3083667344328624,3.671328534414947,0.34537790506185573,2036-09-12T00:01:09.183,40,23
2035-07-30T00:01:09.183,420.0,19.79772992967773,3.655253166978957,1.2484090780711092,1.3523127575177796,2.143142716384496,3.857523646389314,0.5693685488618954,2036-09-22T00:01:09.182,40,24
2035-08-02T00:01:09.183,180.0,23.542973184684634,2.4560182860465467,-0.47275509925484194,-1.165736336680256,4.646196954878786,-1.3941881438529578,-0.10984744284496362,2036-01-29T00:01:09.185,41,0
2035-08-02T00:01:09.183,190.0,22.739964269467308,2.395529900902666,-0.5331585299058128,-1.2420959665633653,4.584645886890538,-1.3096382085589724,0.07638143732233971,2036-02-08T00:01:09.185,41,1
2035-08-02T00:01:09.183,200.0,22.035918736326547,2.37296191050622,-0.5693173497408512,-1.3230925275069068,4.523304755979826,-1.2228986432688362,0.28311080719053106,2036-02-18T00:01:09.185,41,2
2035-08-02T00:01:09.183,210.0,21.455433126494704,2.381338725451929,-0.5791473402590164,-1.4116917069609398,4.460154361585925,-1.1386826767207232,0.5156141571532746,2036-02-28T00:01:09.185,41,3
2035-08-02T00:01:09.183,220.0,21.04359034890319,2.4148626693226234,-0.5600360244942671,-1.5128263522408858,4.393447280792433,-1.0628267783666523,0.7820553554496836,2036-03-09T00:01:09.185,41,4
2035-08-02T00:01:09.183,230.0,20.8808460803307,2.4688838312631525,-0.5080967190526311,-1.634530398129891,4.321357444049809,-1.003372290218607,1.0954268429737617,2036-03-19T00:01:09.186,41,5
2035-08-02T00:01:09.183,240.0,21.118293138834147,2.540042281128109,-0.4167851442056567,-1.7902297724375993,4.241413834362135,-0.9726935398422896,1.4773520575897674,2036-03-29T00:01:09.186,41,6
2035-08-02T00:01:09.183,250.0,22.066882432842228,2.626839114979692,-0.2739565786142526,-2.0037132464823912,4.14926954090819,-0.9921543399555901,1.9662335760130478,2036-04-08T00:01:09.186,41,7
2035-08-02T00:01:09.183,260.0,24.45498708665813,2.731543205693736,-0.05458008827825633,-2.321141082441117,4.035310831930602,-1.1037476646137634,2.6368531755145845,2036-04-18T00:01:09.186,41,8
2035-08-02T00:01:09.183,270.0,30.336655855027132,2.8671931128315826,0.30104690524303734,-2.844959330358855,3.872816691439912,-1.4049993501457454,3.6556700556288693,2036-04-28T00:01:09.186,41,9
2035-08-02T00:01:09.183,280.0,47.47276110319574,3.0920201449488793,0.9731690943366473,-3.8550290941126213,3.5607896419856537,-2.186876036451629,5.478239811282181,2036-05-08T00:01:09.185,41,10
2035-08-02T00:01:09.183,290.0,126.68616788783007,3.8066236607599677,2.814730156933515,-6.437424756774142,2.4346896748759015,-4.8216586194601945,9.87471833685741,2036-05-18T00:01:09.185,41,11
2035-08-02T00:01:09.183,300.0,1387.4669949112,13.980772871811315,15.789691650987743,-14.515486398699068,-14.216274173065212,-25.336178096615825,23.31185584641436,2036-05-28T00:01:09.185,41,12
2035-08-02T00:01:09.183,310.0,199.21427004107377,4.702150040429958,-2.818096941956586,7.980993055156203,1.1903399936489691,4.883174257838949,-13.189085256687537,2036-06-07T00:01:09.185,41,13
2035-08-02T00:01:09.183,320.0,60.87654598624015,3.624792154670642,-1.8066079615515527,3.8349700193199845,2.9350548913684698,3.6811144642858125,-6.2218482038474665,2036-06-17T00:01:09.185,41,14
2035-08-02T00:01:09.183,330.0,34.88544025501797,3.4805114746370265,-1.2294789249334475,2.512314525429696,3.1741849976594914,3.174662039821431,-3.83816502883451,2036-06-27T00:01:09.184,41,15
2035-08-02T00:01:09.183,340.0,25.82187340771697,3.4728991514792344,-0.8362641859999087,1.9070701719183916,3.1811020276503896,2.980189419085576,-2.611691850844185,2036-07-07T00:01:09.184,41,16
2035-08-02T00:01:09.183,350.0,21.681048546818808,3.4996329050984816,-0.5213105028554743,1.5867142975707873,3.1166680248824967,2.9303669427468932,-1.8385805803255062,2036-07-17T00:01:09.184,41,17
2035-08-02T00:01:09.183,360.0,19.53361100851518,3.534737024016181,-0.24289685616915335,1.4093528585411237,3.0201203284068505,2.9587290186997883,-1.2877914444360403,2036-07-27T00:01:09.183,41,18
2035-08-02T00:01:09.183,370.0,18.3879548761773,3.568693849898173,0.018224040671785957,1.3151229292813138,2.904578284480454,3.0346155560527386,-0.8616776035528657,2036-08-06T00:01:09.183,41,19
2035-08-02T00:01:09.183,380.0,17.837134288672473,3.5969785047712186,0.2720902847814024,1.2745039482853562,2.7752059647508105,3.1421896638828954,-0.5118693759852135,2036-08-16T00:01:09.183,41,20
2035-08-02T00:01:09.183,390.0,17.693380732380533,3.61691747467357,0.5244697860516361,1.2713203403170699,2.634127263313218,3.2726103094134977,-0.2116035344011058,2036-08-26T00:01:09.183,41,21
2035-08-02T00:01:09.183,400.0,17.8649387746766,3.6266002765144036,0.7789657526515406,1.2960281399285778,2.4820795329668215,3.4206974884905854,0.055214662346211085,2036-09-05T00:01:09.183,41,22
2035-08-02T00:01:09.183,410.0,18.3078225976854,3.6244285980084507,1.038016199193116,1.3426979026616293,2.3190541568127117,3.5833570435021507,0.29893597013174933,2036-09-15T00:01:09.182,41,23
2035-08-02T00:01:09.183,420.0,19.004874916137354,3.6088926311463916,1.3034114084763537,1.4075230800104368,2.144564732642767,3.7587758838691876,0.5266126455808084,2036-09-25T00:01:09.182,41,24
2035-08-05T00:01:09.183,180.0,26.070907830624094,2.4805285100890693,-0.5368400051429036,-1.1861558898481173,4.888016145582011,-1.471192029137054,-0.11747342064173605,2036-02-01T00:01:09.185,42,0
2035-08-05T00:01:09.183,190.0,25.126458657617256,2.4306080197936595,-0.5896574804663519,-1.2560029167768647,4.819386792147036,-1.3766731856971468,0.06885161638210846,2036-02-11T00:01:09.185,42,1
2035-08-05T00:01:09.183,200.0,24.280800586358335,2.416358434219358,-0.6182498292991934,-1.3294058657396364,4.750350454719509,-1.2806417971243853,0.2737293027107519,2036-02-21T00:01:09.185,42,2
2035-08-05T00:01:09.183,210.0,23.555762373035883,2.430977314303785,-0.6209354533321201,-1.4090301704144088,4.679100884110273,-1.1874069822705344,0.5018385674791528,2036-03-02T00:01:09.185,42,3
2035-08-05T00:01:09.183,220.0,22.99082292801789,2.4688041776714122,-0.5955929557872898,-1.4992321054900088,4.604113198273826,-1.1022067470747885,0.7603320802132902,2036-03-12T00:01:09.186,42,4
2035-08-05T00:01:09.183,230.0,22.654912589647953,2.5252594560726394,-0.539039724225866,-1.6069710121624865,4.523848090793759,-1.0321037525671954,1.0604116582753722,2036-03-22T00:01:09.186,42,5
2035-08-05T00:01:09.183,240.0,22.67374775871521,2.5969118380567195,-0.4459189063646809,-1.7436123047186352,4.436309805436,-0.9876931319646651,1.4203398698823584,2036-04-01T00:01:09.186,42,6
2035-08-05T00:01:09.183,250.0,23.296338034584892,2.6818484235260875,-0.306429805032697,-1.92872164331796,4.338152182900576,-0.9867028804896414,1.8716813559506615,2036-04-11T00:01:09.186,42,7
2035-08-05T00:01:09.183,260.0,25.07655654578339,2.78092181509356,-0.10096501245441836,-2.1988319178451734,4.222382022150491,-1.0625700454705402,2.4736595366526206,2036-04-21T00:01:09.186,42,8
2035-08-05T00:01:09.183,270.0,29.46361685744572,2.902020001129248,0.21484427578478638,-2.630703811301603,4.070997888410037,-1.288461190554834,3.3511879700250713,2036-05-01T00:01:09.185,42,9
2035-08-05T00:01:09.183,280.0,41.305836428277644,3.0786799030152103,0.7630172331734766,-3.4168603309247483,3.8237815577560035,-1.8624630420550545,4.818273803326431,2036-05-11T00:01:09.185,42,10
2035-08-05T00:01:09.183,290.0,85.51315360185882,3.495826064837132,2.020708771737974,-5.201100053712788,3.169835689880099,-3.5550028292230973,7.92636424757511,2036-05-21T00:01:09.185,42,11
2035-08-05T00:01:09.183,300.0,495.6136445399891,6.693320910007605,8.018088036111696,-11.262269096293922,-2.079509787840202,-12.872222123166392,18.044256182900185,2036-05-31T00:01:09.185,42,12
2035-08-05T00:01:09.183,310.0,424.7486494352798,6.470373855292163,-2.8322013683413925,12.149034279358387,-1.456995537269325,4.893521093229619,-19.9669543183174,2036-06-10T00:01:09.185,42,13
2035-08-05T00:01:09.183,320.0,83.84855822225694,3.8271889177109504,-1.9865008653663416,4.798415782824645,2.7870944140588065,3.998917881503072,-7.75173004731035,2036-06-20T00:01:09.184,42,14
2035-08-05T00:01:09.183,330.0,41.282057034206645,3.552389665122327,-1.2969640634725756,2.928088387571636,3.2143869078829823,3.317039360458775,-4.466209099650884,2036-06-30T00:01:09.184,42,15
2035-08-05T00:01:09.183,340.0,28.527185317712924,3.5116541546850044,-0.8520158120884069,2.1470296590680107,3.253315675638703,3.041676999928182,-2.9481050626570804,2036-07-10T00:01:09.184,42,16
2035-08-05T00:01:09.183,350.0,23.075242525543626,3.522655497637313,-0.5096713350253026,1.749580331705002,3.1927899472586567,2.9485973440603637,-2.0462425518075458,2036-07-20T00:01:09.184,42,17
2035-08-05T00:01:09.183,360.0,20.303172848323147,3.546715665459695,-0.21482982702737985,1.5318790647610703,3.092255779965832,2.9499488413671884,-1.427910666991263,2036-07-30T00:01:09.183,42,18
2035-08-05T00:01:09.183,370.0,18.786653960520557,3.5711337669739724,0.05695154121213264,1.4139618353394825,2.969881536105685,3.00668859877824,-0.9624350845620908,2036-08-09T00:01:09.183,42,19
2035-08-05T00:01:09.183,380.0,17.974008994179805,3.5903504144629457,0.31801294230379185,1.3582094199287589,2.8324769471535767,3.0992233832349676,-0.5881307327737284,2036-08-19T00:01:09.183,42,20
2035-08-05T00:01:09.183,390.0,17.619408734853074,3.6012947706745506,0.5752535776089367,1.3446685566258134,2.6828037356962007,3.216826486862903,-0.2720297851428377,2036-08-29T00:01:09.183,42,21
2035-08-05T00:01:09.183,400.0,17.60436527508183,3.6018863192450805,0.8328740581315834,1.3618334811505077,2.5218780451253124,3.3532774542922574,0.005168668300219004,2036-09-08T00:01:09.183,42,22
2035-08-05T00:01:09.183,410.0,17.87103459210882,3.5904480391418767,1.093641735132394,1.4026675239021547,2.3498242019719164,3.504857702996471,0.2556037826053519,2036-09-18T00:01:09.182,42,23
2035-08-05T00:01:09.183,420.0,18.394178934460527,3.565430371542361,1.3595255386368983,1.4626930616214056,2.166223764028576,3.6693474496943708,0.4873836600049444,2036-09-28T00:01:09.182,42,24
2035-08-08T00:01:09.183,180.0,28.891622270199786,2.5139552850386195,-0.6034822112412304,-1.2062428055252217,5.15113744819655,-1.5307335223722767,-0.11941584263689187,2036-02-04T00:01:09.185,43,0
2035-08-08T00:01:09.183,190.0,27.790040679798082,2.4738865662240137,-0.6481340460815517,-1.269381125944714,5.0745609960030436,-1.4263210023681552,0.0669311276326674,2036-02-14T00:01:09.185,43,1
2035-08-08T00:01:09.183,200.0,26.788922192870903,2.4673005414186306,-0.668662916244116,-1.3351023270643565,4.997063518428153,-1.3211354531383712,0.26996203460158164,2036-02-24T00:01:09.185,43,2
2035-08-08T00:01:09.183,210.0,25.90730825680469,2.4875709366852057,-0.6637518435808714,-1.405809625738212,4.917033702165874,-1.2191038222974733,0.4938357004402807,2036-03-05T00:01:09.185,43,3
2035-08-08T00:01:09.183,220.0,25.179509079854192,2.529181973421771,-0.6317167228627191,-1.4853629927547916,4.833145379313606,-1.1249184949799016,0.744830988832959,2036-03-15T00:01:09.186,43,4
2035-08-08T00:01:09.183,230.0,24.664432408302265,2.587642291933623,-0.5699848289887446,-1.5798132578515225,4.744105419341235,-1.0447817313668466,1.0326312566843416,2036-03-25T00:01:09.186,43,5
2035-08-08T00:01:09.183,240.0,24.466822158459053,2.6594956321447647,-0.4741975683076718,-1.6988283885897808,4.64830545637583,-0.9877825854782323,1.372721423491189,2036-04-04T00:01:09.186,43,6
2035-08-08T00:01:09.183,250.0,24.78716863548764,2.742555091443702,-0.3364463460611127,-1.8586125521328163,4.5431674734590395,-0.9686999495449626,1.791205837234525,2036-04-14T00:01:09.186,43,7
2035-08-08T00:01:09.183,260.0,26.051318312988343,2.8367106442554046,-0.1412758650176098,-2.0883810309706767,4.423572508038767,-1.01439163831715,2.335451601558937,2036-04-24T00:01:09.186,43,8
2035-08-08T00:01:09.183,270.0,29.303017343679954,2.9465631564910986,0.14477035762692836,-2.4466298026101247,4.2771997701487265,-1.1806364497390085,3.100754270087732,2036-05-04T00:01:09.185,43,9
2035-08-08T00:01:09.183,280.0,37.696938146675876,3.091861871660928,0.6068804909811618,-3.069823497067656,4.066830508977951,-1.606617290644067,4.3100590064783955,2036-05-14T00:01:09.185,43,10
2035-08-08T00:01:09.183,290.0,64.69511765476034,3.3658504763950834,1.5326198647492184,-4.362210616652488,3.632856696820209,-2.7584660816115942,6.624827148818849,2036-05-24T00:01:09.185,43,11
2035-08-08T00:01:09.183,300.0,225.90149876147458,4.59801098120062,4.648923641565313,-8.106603095659871,1.5955217354680542,-7.431580866606495,12.966395604647108,2036-06-03T00:01:09.185,43,12
2035-08-08T00:01:09.183,310.0,1168.76671420392,11.97902384954675,-0.14390931358168046,19.911822315783176,-10.121368723439467,0.4490762845015581,-32.65153809330886,2036-06-13T00:01:09.185,43,13
2035-08-08T00:01:09.183,320.0,127.38946183848621,4.171879762174131,-2.2084700055340143,6.266065565971935,2.432630233141083,4.398766710124509,-10.10557387866689,2036-06-23T00:01:09.184,43,14
2035-08-08T00:01:09.183,330.0,50.777994197789766,3.6457731793214148,-1.388204478626058,3.4625088639515598,3.241433450389735,3.514081923312471,-5.284158553708697,2036-07-03T00:01:09.184,43,15
2035-08-08T00:01:09.183,340.0,32.17305537910159,3.557812493898046,-0.87801777912156,2.4299696675652322,3.3344362829154903,3.135974838729137,-3.349664440677019,2036-07-13T00:01:09.184,43,16
2035-08-08T00:01:09.183,350.0,24.915565422122455,3.5500113102918665,-0.5026659846363941,1.931813451926014,3.28240400876901,2.990428128458259,-2.280072137864332,2036-07-23T00:01:09.184,43,17
2035-08-08T00:01:09.183,360.0,21.363085910043402,3.5620899139529785,-0.18878079230466227,1.6642585412249709,3.1791766991647386,2.960442771422681,-1.5785119646878183,2036-08-02T00:01:09.183,43,18
2035-08-08T00:01:09.183,370.0,19.416699192248466,3.576612485045713,0.09502659289856652,1.5181637445889926,3.0504174120631795,2.995771658855805,-1.0663043526247922,2036-08-12T00:01:09.183,43,19
2035-08-08T00:01:09.183,380.0,18.317557853683645,3.5866020891505275,0.36406719454683056,1.4449222158555193,2.905174272817103,3.0719801352736873,-0.6636703599898999,2036-08-22T00:01:09.183,43,20
2035-08-08T00:01:09.183,390.0,17.741688523565895,3.588473810542402,0.6266580376639297,1.419693210975188,2.747024322547638,3.175989710155882,-0.3295986284582204,2036-09-01T00:01:09.183,43,21
2035-08-08T00:01:09.183,400.0,17.53636786348939,3.579935351296588,0.8877339058210438,1.4285232830085102,2.5773236584039694,3.300319394979141,-0.04077394321238437,2036-09-11T00:01:09.183,43,22
2035-08-08T00:01:09.183,410.0,17.62678786138758,3.5592133809328743,1.150460983274101,1.4630334900147508,2.396352784983282,3.4405142943150153,0.21712342550839558,2036-09-21T00:01:09.182,43,23
2035-08-08T00:01:09.183,420.0,17.978264474479385,3.5247127481883056,1.4170244816220574,1.5179514510596164,2.2037707485663596,3.593887899484539,0.45346303948752187,2036-10-01T00:01:09.182,43,24
2035-08-11T00:01:09.183,180.0,31.973537536795135,2.5565254692726676,-0.6721083333118756,-1.2258490606816332,5.43040357735925,-1.5719517118054611,-0.11498843224808297,2036-02-07T00:01:09.185,44,0
2035-08-11T00:01:09.183,190.0,30.699268424527737,2.525562567392136,-0.7080476325801275,-1.282107343542215,5.345002946205302,-1.4577820600812217,0.07129793047301192,2036-02-17T00:01:09.185,44,1
2035-08-11T00:01:09.183,200.0,29.529004399165128,2.5259597493585098,-0.7200443185995282,-1.3400773846883107,5.2582702472667044,-1.3436349151626565,0.27247682585996635,2036-02-27T00:01:09.185,44,2
2035-08-11T00:01:09.183,210.0,28.478982291995145,2.5512694729533614,-0.7071112513454597,-1.4019339903324255,5.168771202610703,-1.233074764408446,0.4922531588893122,2036-03-08T00:01:09.185,44,3
2035-08-11T00:01:09.183,220.0,27.57872155531706,2.596125920225589,-0.6679520916948044,-1.4711086696880233,5.075355918997452,-1.1302945437082137,0.7361508644822923,2036-03-18T00:01:09.186,44,4
2035-08-11T00:01:09.183,230.0,26.878366786316615,2.65613844910256,-0.6005238760626685,-1.552881881644427,4.976941858221867,-1.0407364157469665,1.0125632025379172,2036-03-28T00:01:09.186,44,5
2035-08-11T00:01:09.183,240.0,26.465218283656537,2.727862876382268,-0.501310625648606,-1.655517233476417,4.872236599446051,-0.9722067712749656,1.334669545828488,2036-04-07T00:01:09.186,44,6
2035-08-11T00:01:09.183,250.0,26.501411122025416,2.8089405196384547,-0.3639395120299609,-1.7925207583060816,4.759254816528035,-0.9370723511495562,1.7241810003857374,2036-04-17T00:01:09.186,44,7
2035-08-11T00:01:09.183,260.0,27.317466937530337,2.8986078432662303,-0.17617321297865818,-1.987475366220865,4.634233783475722,-0.9570673478275395,2.2193166221485825,2036-04-27T00:01:09.186,44,8
2035-08-11T00:01:09.183,270.0,29.678319103178524,2.9993335577882654,0.08751700991736122,-2.2856182174489237,4.488638186710379,-1.0752951886073703,2.893818686328107,2036-05-07T00:01:09.185,44,9
2035-08-11T00:01:09.183,280.0,35.70515068600414,3.1228304876226005,0.48809389804061887,-2.7861124862757958,4.298823436670155,-1.392087664404766,3.9099053288988497,2036-05-17T00:01:09.185,44,10
2035-08-11T00:01:09.183,290.0,53.21111139240459,3.3189826181468955,1.2086942999505919,-3.754819523758691,3.9772655020787084,-2.2055930556816854,5.70331743734363,2036-05-27T00:01:09.185,44,11
2035-08-11T00:01:09.183,300.0,130.9456105740291,3.9147008029721935,3.1018050095100254,-6.185209785903132,2.974082227979725,-4.8995648449280935,9.90427734898357,2036-06-06T00:01:09.185,44,12
2035-08-11T00:01:09.183,310.0,1239.9849815831187,11.560933943523253,15.987100191940709,-13.598752900762648,-9.737901366361703,-25.41614446945146,22.34228857727206,2036-06-16T00:01:09.185,44,13
2035-08-11T00:01:09.183,320.0,224.49934252982362,4.871281196844565,-2.400060070188845,8.749561580509685,1.5240486328789835,4.759108131484755,-14.125420633994551,2036-06-26T00:01:09.184,44,14
2035-08-11T00:01:09.183,330.0,65.67436629332718,3.7740005271735004,-1.509779313880653,4.182385622279088,3.2287975555019344,3.7772163911046412,-6.401708285581463,2036-07-06T00:01:09.184,44,15
2035-08-11T00:01:09.183,340.0,37.12030031614687,3.6132329111282004,-0.9170759341664478,2.772207751220991,3.4161909864327527,3.26853342174471,-3.8427371405419217,2036-07-16T00:01:09.184,44,16
2035-08-11T00:01:09.183,350.0,27.27128822189062,3.5820060390306825,-0.501316203535719,2.1389846618999533,3.379626093725083,3.058374536627568,-2.548678261807729,2036-07-26T00:01:09.183,44,17
2035-08-11T00:01:09.183,360.0,22.71540088366168,3.5808404851542504,-0.16506809074994422,1.8088145543753216,3.2754528877934916,2.9915399088850876,-1.7428420000260365,2036-08-05T00:01:09.183,44,18
2035-08-11T00:01:09.183,370.0,20.260480682682662,3.585016712753496,0.13243163054281837,1.6288388832849012,3.1408509660165045,3.0026648780636442,-1.1745380036418123,2036-08-15T00:01:09.183,44,19
2035-08-11T00:01:09.183,380.0,18.843662791261433,3.585581729865671,0.41037335174631906,1.5352314977901118,2.987974670071356,3.0609974334103818,-0.7388943597893141,2036-08-25T00:01:09.183,44,20
2035-08-11T00:01:09.183,390.0,18.033925234038403,3.5782786097889634,0.6788693811199273,1.4967374586836977,2.821455506497461,3.150493315730074,-0.3843252872680676,2036-09-04T00:01:09.183,44,21
2035-08-11T00:01:09.183,400.0,17.634085263531656,3.560550021402206,0.9437612359167069,1.4963161865336172,2.6430666465762336,3.2621293252494112,-0.08243925421630038,2036-09-14T00:01:09.182,44,22
2035-08-11T00:01:09.183,410.0,17.548307914184438,3.5305067102316405,1.2087003332623993,1.5239474481816844,2.4532723778442147,3.390574346829066,0.1837611300457329,2036-09-24T00:01:09.182,44,23
2035-08-11T00:01:09.183,420.0,17.73072614823843,3.4865009993263434,1.476134658693205,1.573412657726613,2.2518198674373338,3.5326013757985386,0.42515991410198417,2036-10-04T00:01:09.182,44,24
2035-08-14T00:01:09.183,180.0,35.30799879002924,2.608427500387723,-0.7421701672233985,-1.2448193943830779,5.722790913590586,-1.5958681841899285,-0.10424820403536827,2036-02-10T00:01:09.185,45,0
2035-08-14T00:01:09.183,190.0,33.84471797127633,2.5857979919087555,-0.7688823124066859,-1.294047510818606,5.627684091848465,-1.4721361789460445,0.08188286921076227,2036-02-20T00:01:09.185,45,1
2035-08-14T00:01:09.183,200.0,32.490867984021115,2.5924761704003316,-0.7719064906225843,-1.3442127143010625,5.530937121506433,-1.3492719514423044,0.28118987004215157,2036-03-01T00:01:09.185,45,2
2035-08-14T00:01:09.183,210.0,31.259858801459384,2.622193889284784,-0.7505521146069437,-1.3972898891182004,5.431275064732343,-1.2304951912057618,0.4969824514965886,2036-03-11T00:01:09.185,45,3
2035-08-14T00:01:09.183,220.0,30.176740584761884,2.669737944267581,-0.7038673276394312,-1.456340087561943,5.327703168548677,-1.1195397104081337,0.7341323922955212,2036-03-21T00:01:09.186,45,4
2035-08-14T00:01:09.183,230.0,29.283945234122868,2.730828539266131,-0.6302694842597991,-1.5259889937182705,5.219318136914225,-1.0211727731323599,0.9999347914810528,2036-03-31T00:01:09.186,45,5
2035-08-14T00:01:09.183,240.0,28.654162998070454,2.802061660868521,-0.5269555591445547,-1.6133321232117452,5.105084942744945,-0.9421016575640841,1.3056474226391686,2036-04-10T00:01:09.186,45,6
2035-08-14T00:01:09.183,250.0,28.418934646325038,2.880981052532718,-0.38880700402169577,-1.7296933923542355,4.983477179529924,-0.8927042475910163,1.6694217483195999,2036-04-20T00:01:09.186,45,7
2035-08-14T00:01:09.183,260.0,28.836843460839386,2.9663846423192126,-0.20610699155428325,-1.8942707757648982,4.851722830717364,-0.890678112661238,2.1223386945446503,2036-04-30T00:01:09.185,45,8
2035-08-14T00:01:09.183,270.0,30.476830131405812,3.059342403003388,0.040809808572623396,-2.142499736854462,4.703856512049455,-0.9697147745562162,2.7221714313141874,2036-05-10T00:01:09.185,45,9
2035-08-14T00:01:09.183,280.0,34.80409448636087,3.166726592307528,0.3964498400296357,-2.5479610330138316,4.524539693228245,-1.2036767043577647,3.589400707938493,2036-05-20T00:01:09.185,45,10
2035-08-14T00:01:09.183,290.0,46.60585533906529,3.316263785429589,0.982466864076537,-3.2921463221821483,4.263411270636013,-1.791578174321799,5.0218947939769585,2036-05-30T00:01:09.185,45,11
2035-08-14T00:01:09.183,300.0,89.49400082332488,3.654514482609054,2.267064887001185,-4.964143586729778,3.6703089235707154,-3.495674563657328,7.987683805326874,2036-06-09T00:01:09.185,45,12
2035-08-14T00:01:09.183,310.0,450.2826159833835,6.016649223585411,8.037420803276706,-10.401040990994037,-0.3181830633931746,-12.480781090721269,17.15842297202886,2036-06-19T00:01:09.184,45,13
2035-08-14T00:01:09.183,320.0,498.0592004037559,6.687218112398347,-1.995269914251013,13.515109166399757,-1.173676246297866,4.138686719473661,-21.898697603069557,2036-06-29T00:01:09.184,45,14
2035-08-14T00:01:09.183,330.0,91.1337712743002,3.9658508235963374,-1.6665531169693146,5.213903086778084,3.1273752899770955,4.112836458223548,-8.02732030866142,2036-07-09T00:01:09.184,45,15
2035-08-14T00:01:09.183,340.0,44.02605517823315,3.6810749019829707,-0.9730580729676142,3.1992791888789336,3.4904054812147614,3.4446048088666004,-4.469655743530165,2036-07-19T00:01:09.184,45,16
2035-08-14T00:01:09.183,350.0,30.268561127004645,3.6191107945475807,-0.507077896899748,2.3789096276229866,3.480461554067098,3.1537419753756737,-2.8651108268999,2036-07-29T00:01:09.183,45,17
2035-08-14T00:01:09.183,360.0,24.378526211264404,3.602957473805218,-0.1441904573931403,1.9685699184513776,3.377783652231468,3.042940342948917,-1.9260368322636463,2036-08-08T00:01:09.183,45,18
2035-08-14T00:01:09.183,370.0,21.30663055193466,3.596216093258722,0.16906452755801737,1.7473448288542048,3.2380187206648507,3.026378013404372,-1.2895353568402967,2036-08-18T00:01:09.183,45,19
2035-08-14T00:01:09.183,380.0,19.530790861868418,3.5871155543637427,0.4570064993785614,1.629816510235937,3.0777352952671357,3.0649551096258634,-0.8150990676682497,2036-08-28T00:01:09.183,45,20
2035-08-14T00:01:09.183,390.0,18.47041803734853,3.570510380381072,0.7320440903546199,1.5761724107042294,2.9029473061117628,3.138842365748822,-0.43701667962141677,2036-09-07T00:01:09.183,45,21
2035-08-14T00:01:09.183,400.0,17.869725515259674,3.5435114600460635,1.0011489992750633,1.5654318328356664,2.715943246553792,3.237109887998969,-0.12040502388948227,2036-09-17T00:01:09.182,45,22
2035-08-14T00:01:09.183,410.0,17.6064799995423,3.504089078545645,1.2685657620139104,1.5855503321430362,2.517404152104163,3.353373906184345,0.1550476695502816,2036-09-27T00:01:09.182,45,23
2035-08-14T00:01:09.183,420.0,17.62140722384498,3.450536002956531,1.5370616370481152,1.629174402874984,2.3071771573427746,3.4837757509901195,0.4020538586979647,2036-10-07T00:01:09.182,45,24
2035-08-17T00:01:09.183,180.0,38.90091691477024,2.669834754474369,-0.8131576701267278,-1.2629987100914182,6.026766530721819,-1.6035499910476823,-0.0873471530876575,2036-02-13T00:01:09.185,46,0
2035-08-17T00:01:09.183,190.0,37.231144265849096,2.6547441567993637,-0.8301592673494911,-1.3050654324591706,5.921068760054673,-1.4705042828604142,0.09851983882899518,2036-02-23T00:01:09.185,46,1
2035-08-17T00:01:09.183,200.0,35.67814449804315,2.6669822641275758,-0.8237970541320199,-1.3473845860146532,5.813525547786053,-1.3392153235748587,0.2959180974261404,2036-03-04T00:01:09.185,46,2
2035-08-17T00:01:09.183,210.0,34.25246325052763,2.7004594035667857,-0.7936474961245923,-1.3917561536945915,5.703003856460519,-1.2125738243726971,0.5078139267194732,2036-03-14T00:01:09.186,46,3
2035-08-17T00:01:09.183,220.0,32.97494366098616,2.7501169832972963,-0.7390635523010918,-1.4409203174099048,5.588644139632464,-1.093889729204232,0.7385158101756364,2036-03-24T00:01:09.186,46,4
2035-08-17T00:01:09.183,230.0,31.88117130033053,2.811792089934226,-0.6588628085709205,-1.4989439352801455,5.46969455242974,-0.9873279498895258,0.9943823825963047,2036-04-03T00:01:09.186,46,5
2035-08-17T00:01:09.183,240.0,31.03149966121516,2.882143026761643,-0.5508476342094513,-1.5719467598243793,5.345329049070024,-0.8986481621959861,1.2850636166996132,2036-04-13T00:01:09.186,46,6
2035-08-17T00:01:09.183,250.0,30.532838574810828,2.9586699010737014,-0.4109280754381688,-1.6694749728391352,5.214377046512396,-0.8365757731848262,1.625807973696677,2036-04-23T00:01:09.186,46,7
2035-08-17T00:01:09.183,260.0,30.588790255941873,3.039881852061338,-0.23138090518219023,-1.8072765902619392,5.074795341847267,-0.8155940042472913,2.042069762408479,2036-05-03T00:01:09.185,46,8
2035-08-17T00:01:09.183,270.0,31.62781119100125,3.125927459693308,0.0030537455344852305,-2.0134245981654377,4.922389640231753,-0.8622911849216806,2.579601778016663,2036-05-13T00:01:09.185,46,9
2035-08-17T00:01:09.183,280.0,34.684802510604754,3.220690834133169,0.32539925008548387,-2.3434967892103513,4.747053082297196,-1.0319981912514216,3.3294548018724086,2036-05-23T00:01:09.185,46,10
2035-08-17T00:01:09.183,290.0,42.82014135602168,3.339903282224025,0.8191774820226048,-2.9252158561504142,4.518758301922357,-1.4620946199581084,4.501471324702514,2036-06-02T00:01:09.185,46,11
2035-08-17T00:01:09.183,300.0,68.63915129361116,3.5551064273368276,1.7620431551922167,-4.127765812786975,4.112938258480995,-2.6060796263520025,6.703076842514003,2036-06-12T00:01:09.185,46,12
2035-08-17T00:01:09.183,310.0,212.6327149113551,4.460175040459308,4.759242848637118,-7.504650712292023,2.5279900682229552,-7.082506354269178,12.493201545963226,2036-06-22T00:01:09.184,46,13
2035-08-17T00:01:09.183,320.0,1408.0774192237088,12.300204047596104,2.629715941955899,22.112953385735143,-9.997446858985846,-3.4579456964026534,-36.002376131113806,2036-07-02T00:01:09.184,46,14
2035-08-17T00:01:09.183,330.0,140.49924350219055,4.293000472460404,-1.844286449642997,6.8221408681093525,2.8206665437997778,4.495101711472721,-10.598921848678486,2036-07-12T00:01:09.184,46,15
2035-08-17T00:01:09.183,340.0,54.15068513207568,3.767117671771363,-1.051055394417702,3.753471002017638,3.5463068071152755,3.6713586986986932,-5.300520584562706,2036-07-22T00:01:09.184,46,16
2035-08-17T00:01:09.183,350.0,34.132438288991025,3.6621112495170927,-0.5220021692699532,2.6629381639230267,3.5819606236684933,3.278765476125038,-3.2483370102330813,2036-08-01T00:01:09.183,46,17
2035-08-17T00:01:09.183,360.0,26.39983238683834,3.628485227205175,-0.1268813851626689,2.147554879256389,3.4843152517748877,3.1146856812467014,-2.1349737047851463,2036-08-11T00:01:09.183,46,18
2035-08-17T00:01:09.183,370.0,22.558294398530588,3.6100941147150314,0.20472480604488652,1.8753765654441619,3.340263899893145,3.0660399863453556,-1.4143303290718894,2036-08-21T00:01:09.183,46,19
2035-08-17T00:01:09.183,380.0,20.36803019307267,3.591037029942028,0.5039965918009806,1.7294757702310868,3.172829601184681,3.082564184233682,-0.8938571278446386,2036-08-31T00:01:09.183,46,20
2035-08-17T00:01:09.183,390.0,19.034748032469206,3.5649779084480713,0.7863170324531019,1.6584076205979317,2.989867589682106,3.139535949087886,-0.488624449882062,2036-09-10T00:01:09.183,46,21
2035-08-17T00:01:09.183,400.0,18.22415306896986,3.52860823194817,1.0600792636878573,1.6360965075124536,2.7943082311341207,3.223641344705765,-0.15534174934499845,2036-09-20T00:01:09.182,46,22
2035-08-17T00:01:09.183,410.0,17.78043215243526,3.4797298612011605,1.330256530424787,1.6479758758620253,2.58708881396176,3.32721933085908,0.1304421153878259,2036-09-30T00:01:09.182,46,23
2035-08-17T00:01:09.183,420.0,17.628037942132895,3.416567829535172,1.6000074785575151,1.6853218204714588,2.368169582918277,3.4456661321126774,0.38366088500814044,2036-10-10T00:01:09.182,46,24
2035-08-20T00:01:09.183,180.0,42.77010072382001,2.7409189660062765,-0.8845949866931697,-1.2802342358976826,6.341790361478203,-1.5961307303452337,-0.06451687011746365,2036-02-16T00:01:09.185,47,0
2035-08-20T00:01:09.183,190.0,40.87478839428435,2.7325533458430193,-0.8914317998209569,-1.3150245399810259,6.224615435403322,-1.4540698914911907,0.12096208613387383,2036-02-26T00:01:09.185,47,1
2035-08-20T00:01:09.183,200.0,39.10556002477082,2.749613471737568,-0.875295151025717,-1.3494669032301596,6.105492298234694,-1.3146927383660412,0.31639662554340475,2036-03-07T00:01:09.185,47,2
2035-08-20T00:01:09.183,210.0,37.4700384368158,2.7861868787163964,-0.8360002277574732,-1.3852078964805874,5.983412653950559,-1.1805751970954184,0.5244555780647637,2036-03-17T00:01:09.186,47,3
2035-08-20T00:01:09.183,220.0,35.98506390780642,2.837368608503777,-0.7731693051686586,-1.424708472948565,5.85763330601484,-1.0546342208623578,0.7489610271957563,2036-03-27T00:01:09.186,47,4
2035-08-20T00:01:09.183,230.0,34.68008267533065,2.89911731223847,-0.6859692954809002,-1.471557962662998,5.727529057916517,-0.9404943371783787,0.9954717312852175,2036-04-06T00:01:09.186,47,5
2035-08-20T00:01:09.183,240.0,33.604934377715125,2.9681706552055154,-0.5727155479704473,-1.5310563933205885,5.592442426457723,-0.8430933050629399,1.272287610341639,2036-04-16T00:01:09.186,47,6
2035-08-20T00:01:09.183,250.0,32.84650842610349,3.0420223623255005,-0.4301664899704054,-1.611291724290695,5.451478335410304,-0.7697734441892621,1.5922754878715537,2036-04-26T00:01:09.186,47,7
2035-08-20T00:01:09.183,260.0,32.565878957426676,3.1189998512962696,-0.2521896285933458,-1.7252723048284202,5.303132066797179,-0.7324330909558583,1.9764136729963706,2036-05-06T00:01:09.185,47,8
2035-08-20T00:01:09.183,270.0,33.08903975559695,3.198646163838095,-0.026879498557336845,-1.8954608990597093,5.144444127573063,-0.7522217666986428,2.461279502125011,2036-05-16T00:01:09.185,47,9
2035-08-20T00:01:09.183,280.0,35.160640736247544,3.2829676050572765,0.2705886958254613,-2.164482395333863,4.968679779362716,-0.8711914074393974,3.1167110097029163,2036-05-26T00:01:09.185,47,10
2035-08-20T00:01:09.183,290.0,40.804726845902245,3.3809146139158983,0.6990813474039683,-2.624509926204958,4.757459065254224,-1.1867649278458465,4.094251957851116,2036-06-05T00:01:09.185,47,11
2035-08-20T00:01:09.183,300.0,57.24753189091567,3.5293916157817815,1.4328659182956383,-3.517588142489368,4.444703343215217,-1.9845874108679418,5.792543214370664,2036-06-15T00:01:09.185,47,12
2035-08-20T00:01:09.183,310.0,127.02131864764772,3.957907850041405,3.257723904115034,-5.715228954747663,3.6380551161099746,-4.549251851794995,9.648325305913641,2036-06-25T00:01:09.184,47,13
2035-08-20T00:01:09.183,320.0,1020.9607549827474,8.948844038161361,14.984498669190224,-12.641803866731319,-4.838818546282029,-23.28844814437986,21.335294070751278,2036-07-05T00:01:09.184,47,14
2035-08-20T00:01:09.183,330.0,255.76561933665414,4.972048887942215,-1.9071006611773953,9.639719761025532,1.959471573321693,4.695598724539188,-15.161709768627821,2036-07-15T00:01:09.184,47,15
2035-08-20T00:01:09.183,340.0,70.09705336044291,3.882830118652774,-1.1567512763998558,4.509996729023656,3.565158675645872,3.9567769674806357,-6.459923606941853,2036-07-25T00:01:09.183,47,16
2035-08-20T00:01:09.183,350.0,39.25587167384172,3.7123417634383618,-0.5489570674939657,3.008252121830136,3.6813651920232893,3.4369637967537905,-3.727023189705803,2036-08-04T00:01:09.183,47,17
2035-08-20T00:01:09.183,360.0,28.864221818645625,3.6575530682802397,-0.11419146617233977,2.3513018438458566,3.59409926588933,3.2072881128458732,-2.3790702483905264,2036-08-14T00:01:09.183,47,18
2035-08-20T00:01:09.183,370.0,24.0327155859423,3.626557675394142,0.23908667716922594,2.015101820532341,3.446925477356068,3.1209355054640717,-1.5527980906188876,2036-08-24T00:01:09.183,47,19
2035-08-20T00:01:09.183,380.0,21.352932666944948,3.597194941540454,0.5513230716004109,1.835170465125631,3.2726387012185256,3.1125711582706757,-0.9770718412344177,2036-09-03T00:01:09.183,47,20
2035-08-20T00:01:09.183,390.0,19.71726494490945,3.561504007780675,0.8418034893235458,1.743907498482443,3.0815926733413406,3.151059822338457,-0.5402532152266666,2036-09-13T00:01:09.182,47,21
2035-08-20T00:01:09.183,400.0,18.68434467660413,3.5156437356368966,1.1207274825652078,1.7085494990559056,2.8775246142628887,3.2200699876662497,-0.18800543993837415,2036-09-23T00:01:09.182,47,22
2035-08-20T00:01:09.183,410.0,18.055051081753493,3.4572144114617784,1.393972727365128,1.7113546880462671,2.6616755402202514,3.3103743238941057,0.10934457485109839,2036-10-03T00:01:09.182,47,23
2035-08-20T00:01:09.183,420.0,17.733843693911435,3.3843618380884415,1.6651780748407958,1.741930974770363,2.4341332725436544,3.4164816592274256,0.3694482068842273,2036-10-13T00:01:09.182,47,24
2035-08-23T00:01:09.183,180.0,46.95407850377967,2.821865807381741,-0.9560393897337969,-1.2963780123371427,6.668854705144623,-1.5745348054246264,-0.03599405446079018,2036-02-19T00:01:09.185,48,0
2035-08-23T00:01:09.183,190.0,44.8120462033937,2.8193940312729637,-0.9522853996535545,-1.323791512504072,6.5393151124106215,-1.423803245035387,0.14895765646136638,2036-02-29T00:01:09.185,48,1
2035-08-23T00:01:09.183,200.0,42.80745156048949,2.8405240790383317,-0.9260098796644181,-1.3503351809124933,6.407826737930391,-1.2767148860816775,0.3423553078474324,2036-03-10T00:01:09.185,48,2
2035-08-23T00:01:09.183,210.0,40.94490884848593,2.879516920046907,-0.877241078280586,-1.3775202191746414,6.2734891515341165,-1.1355436411046647,0.5466107876875856,2036-03-20T00:01:09.186,48,3
2035-08-23T00:01:09.183,220.0,39.23740209833423,2.931619734150175,-0.805839447427398,-1.4075647169429968,6.135657620092383,-1.0028406004284882,0.765126393133011,2036-03-30T00:01:09.186,48,4
2035-08-23T00:01:09.183,230.0,37.70880554864399,2.992916136333964,-0.711275716040281,-1.443648263370554,5.993811277499018,-0.8817430112660531,1.0027767350976244,2036-04-09T00:01:09.186,48,5
2035-08-23T00:01:09.183,240.0,36.3999027707562,3.0602338443387396,-0.5923002929932588,-1.4903783828952029,5.847427123824184,-0.7764715271433076,1.266724425381133,2036-04-19T00:01:09.186,48,6
2035-08-23T00:01:09.183,250.0,35.381143845229644,3.1310878152246815,-0.44637503546140067,-1.5546403404143603,5.695822332396746,-0.6932027230639903,1.567871738292645,2036-04-29T00:01:09.185,48,7
2035-08-23T00:01:09.183,260.0,34.78032060821333,3.203699615128066,-0.26864511382774303,-1.6472470314755294,5.537890484520405,-0.6417372314347993,1.92360674657324,2036-05-09T00:01:09.185,48,8
2035-08-23T00:01:09.183,270.0,34.84750371557656,3.277218268713206,-0.049790773469712946,-1.7863315148054681,5.3715400289897435,-0.6390059960902441,2.3634154881226745,2036-05-19T00:01:09.185,48,9
2035-08-23T00:01:09.183,280.0,36.12677948775556,3.3524583938010917,0.229044126668299,-2.0050185131518896,5.192249238280693,-0.7173535351607825,2.9415525222102445,2036-05-29T00:01:09.185,48,10
2035-08-23T00:01:09.183,290.0,39.994205838414715,3.4344106700870025,0.6102322866541403,-2.371240607149783,4.988551981840809,-0.9473964988386641,3.769747317377531,2036-06-08T00:01:09.185,48,11
2035-08-23T00:01:09.183,300.0,50.82258532400908,3.542736898016587,1.2079831476360763,-3.0495883157147556,4.7237825168550405,-1.51707341384229,5.119272635294651,2036-06-18T00:01:09.184,48,12
2035-08-23T00:01:09.183,310.0,89.17466820277804,3.777332383198045,2.450010923113508,-4.558556364904453,4.224013422543189,-3.1272294743068407,7.8455601854794015,2036-06-28T00:01:09.184,48,13
2035-08-23T00:01:09.183,320.0,380.15875124931074,5.275813744173212,7.592111964218224,-9.31739977077573,1.5648920407407427,-11.111283183000229,15.945195206623007,2036-07-08T00:01:09.184,48,14
2035-08-23T00:01:09.183,330.0,604.4633824930319,6.823011256671691,-0.894369400153554,15.274934872116201,-0.7798978748946634,3.119109658154244,-24.374706085164917,2036-07-18T00:01:09.184,48,15
2035-08-23T00:01:09.183,340.0,97.89360541999842,4.053656766598947,-1.2916140912242007,5.615472418488424,3.50760893707257,4.301886097718189,-8.190486003090783,2036-07-28T00:01:09.183,48,16
2035-08-23T00:01:09.183,350.0,46.355728876367785,3.772148458324764,-0.5918907492457102,3.442196046017277,3.775937318795668,3.6338640991533744,-4.3466145389001545,2036-08-07T00:01:09.183,48,17
2035-08-23T00:01:09.183,360.0,31.920357061143132,3.6904269341206333,-0.10761093204452621,2.5876563217725828,3.707558749020146,3.3222291649209303,-2.6715460990699897,2036-08-17T00:01:09.183,48,18
2035-08-23T00:01:09.183,370.0,25.77089067610407,3.6455527351874615,0.2716620717645064,2.169365146238831,3.558856321639512,3.190866759533261,-1.7099127699787093,2036-08-27T00:01:09.183,48,19
2035-08-23T00:01:09.183,380.0,22.49803460930343,3.6054639510251625,0.5989067452415249,1.9480869301034893,3.378072588369177,3.154072272907804,-1.0669996693000403,2036-09-06T00:01:09.183,48,20
2035-08-23T00:01:09.183,390.0,20.52075224137859,3.5599368997639167,0.8986014225360783,1.8332129092781866,3.1790271024925953,3.172184095392563,-0.5931163359195146,2036-09-16T00:01:09.182,48,21
2035-08-23T00:01:09.183,400.0,19.24867587285689,3.504447380261071,1.1832707280063524,1.7830530922132732,2.9664819217559018,3.2249999248149805,-0.2191720002547548,2036-09-26T00:01:09.182,48,22
2035-08-23T00:01:09.183,410.0,18.42599946757456,3.436353611196258,1.4599245995801233,1.775820512665117,2.742038927300099,3.301349748824091,0.09116920908176596,2036-10-06T00:01:09.182,48,23
2035-08-23T00:01:09.183,420.0,17.932315228368076,3.3537092658002603,1.7327937597926493,1.7990733158286192,2.5059292439739185,3.3946748749544042,0.35890994123551323,2036-10-16T00:01:09.182,48,24
2035-08-26T00:01:09.183,180.0,51.51472426785602,2.912889432542652,-1.027068303167121,-1.3112882668735257,7.010605467946169,-1.5382238778918804,-0.0015944097851168237,2036-02-22T00:01:09.185,49,0
2035-08-26T00:01:09.183,190.0,49.10242388138301,2.9154650616930446,-1.0123239268944033,-1.331238138728217,6.867811642420696,-1.3792086169500557,0.18267653528704209,2036-03-03T00:01:09.185,49,1
2035-08-26T00:01:09.183,200.0,46.84104816761447,2.939899159459948,-0.9755675225193865,-1.349868822861572,6.7231703027343475,-1.2248235818821769,0.3739471103120344,2036-03-13T00:01:09.186,49,2
2035-08-26T00:01:09.183,210.0,44.73208246626713,2.980622338037673,-0.9170169752952084,-1.3685723793901257,6.575872282807831,-1.0770522432459941,0.5744080881965665,2036-03-23T00:01:09.186,49,3
2035-08-26T00:01:09.183,220.0,42.784742320146705,3.033030775808509,-0.8367421093713014,-1.389354577795158,6.425354273556517,-0.9381037672273571,0.7870998039318486,2036-04-02T00:01:09.186,49,4
2035-08-26T00:01:09.183,230.0,41.01777250663188,3.0933347050382842,-0.7344783455917385,-1.4150423405285084,6.271179485162028,-0.8106738393749566,1.0163111224757255,2036-04-12T00:01:09.186,49,5
2035-08-26T00:01:09.183,240.0,39.46405837195007,3.1584589404018395,-0.6093445445076133,-1.4496556823621165,6.112930369397043,-0.698353926628986,1.268243850375498,2036-04-22T00:01:09.186,49,6
2035-08-26T00:01:09.183,250.0,38.18039832237644,3.225958821380214,-0.45938770074979907,-1.4990817915538082,5.950085950743047,-0.6063315223507253,1.5521718932355757,2036-05-02T00:01:09.185,49,7
2035-08-26T00:01:09.183,260.0,37.268227722247126,3.2940038276776917,-0.2807866465155495,-1.572360396179099,5.781833517885177,-0.5426905913200812,1.8825822201963192,2036-05-12T00:01:09.185,49,8
2035-08-26T00:01:09.183,270.0,36.92052115769461,3.361493557444353,-0.06623491946853122,-1.68424496789617,5.606694206979105,-0.5210519107645126,2.2834198329282778,2036-05-22T00:01:09.185,49,9
2035-08-26T00:01:09.183,280.0,37.539798394548356,3.4284831994600182,0.19870522343996733,-1.8607737044737602,5.421617999368314,-0.5665392650276715,2.7973004709283167,2036-06-01T00:01:09.185,49,10
2035-08-26T00:01:09.183,290.0,40.0828409241989,3.4975970970121253,0.5450556115846528,-2.152912772371013,5.219357217387975,-0.7312651224436735,3.508048243994999,2036-06-11T00:01:09.185,49,11
2035-08-26T00:01:09.183,300.0,47.30974887480686,3.5794279000311082,1.0502342778751572,-2.675972469480749,4.978908138867963,-1.1431836890450278,4.605795661188479,2036-06-21T00:01:09.184,49,12
2035-08-26T00:01:09.183,310.0,70.1405242238366,3.7208600473065587,1.9655021431949535,-3.7551469590056605,4.616496362320481,-2.2150341735637227,6.62737573783645,2036-07-01T00:01:09.184,49,13
2035-08-26T00:01:09.183,320.0,188.88142046995068,4.285047287132384,4.670536116408462,-6.7066743522640095,3.5092196409046092,-6.210329941225783,11.747280536488203,2036-07-11T00:01:09.184,49,14
2035-08-26T00:01:09.183,330.0,1758.4434487047988,12.372460000982851,6.5862838445109215,24.66290168701456,-9.460550741404262,-9.167750754045494,-39.810724365248774,2036-07-21T00:01:09.184,49,15
2035-08-26T00:01:09.183,340.0,153.9196178231564,4.3454873329894035,-1.425913566205324,7.391662850503543,3.271466286652389,4.657123386366234,-11.02398874829859,2036-07-31T00:01:09.183,49,16
2035-08-26T00:01:09.183,350.0,56.821715737313966,3.845880584127012,-0.6559579098523933,4.011041458042818,3.8615486427115275,3.878471063867231,-5.183398501372562,2036-08-10T00:01:09.183,49,17
2035-08-26T00:01:09.183,360.0,35.82685438069684,3.7275877511941786,-0.10924681825870053,2.868167280286114,3.8264971071548057,3.463529473070043,-3.0312931001155086,2036-08-20T00:01:09.183,49,18
2035-08-26T00:01:09.183,370.0,27.852777987090942,3.6670772056705805,0.3017443442948924,2.342005362300002,3.6785250236022318,3.27752314521042,-1.8918439868110521,2036-08-30T00:01:09.183,49,19
2035-08-26T00:01:09.183,380.0,23.84136717697973,3.6157537444863994,0.6465965341093245,2.069728319135561,3.4916767912961664,3.2078129390428707,-1.1659744895204955,2036-09-09T00:01:09.183,49,20
2035-08-26T00:01:09.183,390.0,21.47016324260074,3.5601586716059535,0.9567945043525938,1.926975082721878,3.284708489383414,3.2032388405697887,-0.6481622579558213,2036-09-19T00:01:09.182,49,21
2035-08-26T00:01:09.183,400.0,19.93664378465024,3.4948824402521033,1.2478951632737108,1.8599088814121245,3.0636992691919236,3.2385603454103844,-0.24923374919638164,2036-09-29T00:01:09.182,49,22
2035-08-26T00:01:09.183,410.0,18.909600894673144,3.4169926381321503,1.5283431039698563,1.841520692852221,2.8306806312233608,3.3001679983110215,0.07575778253013254,2036-10-09T00:01:09.182,49,23
2035-08-26T00:01:09.183,420.0,18.237302616644662,3.324434555917181,1.8031019689845174,1.8568257004112159,2.5860437335148756,3.3802052328881658,0.35198438679658217,2036-10-19T00:01:09.182,49,24
2035-08-29T00:01:09.183,180.0,56.5207974816008,3.0142268866450053,-1.0972377506006108,-1.3248222496220423,7.370010637200368,-1.4839674017938194,0.03976731783173726,2036-02-25T00:01:09.185,50,0
2035-08-29T00:01:09.183,190.0,53.812953218980454,3.020987218668214,-1.0711314517710884,-1.3372356563596781,7.213070871452297,-1.317098192378566,0.22319089143594262,2036-03-06T00:01:09.185,50,1
2035-08-29T00:01:09.183,200.0,51.2717425419792,3.047946149428082,-1.0235758140407476,-1.347948072732709,7.054486317542947,-1.1558688001377604,0.4122288859925298,2036-03-16T00:01:09.186,50,2
2035-08-29T00:01:09.183,210.0,48.89536308522335,3.089698130086031,-0.954955951114334,-1.3582456465336945,6.893522706840033,-1.0019828637762878,0.6088826785209829,2036-03-26T00:01:09.186,50,3
2035-08-29T00:01:09.183,220.0,46.689292498488186,3.1417839786734802,-0.865526799637967,-1.3699486893758612,6.7296818532974125,-0.8573289217323854,0.8158809789723485,2036-04-05T00:01:09.186,50,4
2035-08-29T00:01:09.183,230.0,44.66747854946317,3.200542083528749,-0.7552524484098084,-1.3855795251493168,6.562592490231017,-0.7242007181419723,1.0370109336305386,2036-04-15T00:01:09.186,50,5
2035-08-29T00:01:09.183,240.0,42.85582029223127,3.262996258689114,-0.6235636110585938,-1.4086570356657644,6.391917524633465,-0.6056347988751298,1.2776608082375969,2036-04-25T00:01:09.186,50,6
2035-08-29T00:01:09.183,250.0,41.29963754223429,3.326756075152222,-0.46899660653182274,-1.4442365701816233,6.217257189939803,-0.5059743173972855,1.545749192628115,2036-05-05T00:01:09.185,50,7
2035-08-29T00:01:09.183,260.0,40.07923832712454,3.389977731869994,-0.2885698682362321,-1.4999153398201743,6.03801343802675,-0.43188767652078397,1.853403648480926,2036-05-15T00:01:09.185,50,8
2035-08-29T00:01:09.183,270.0,39.344051297235595,3.451409217072566,-0.07655855053998195,-1.5877815135255213,5.853139720951225,-0.394371485656702,2.2201977019084467,2036-05-25T00:01:09.185,50,9
2035-08-29T00:01:09.183,280.0,39.39475524108603,3.510624848090556,0.17815634846533257,-1.7285097231527624,5.660572997337939,-0.41309701548566125,2.6799289988153525,2036-06-04T00:01:09.185,50,10
2035-08-29T00:01:09.183,290.0,40.908844039940604,3.5688143391981537,0.4985992243204045,-1.9609231674834957,5.4556928310802935,-0.5270936350811546,3.2964271678131514,2036-06-14T00:01:09.185,50,11
2035-08-29T00:01:09.183,300.0,45.68777296987812,3.6316041740726295,0.9386747005309584,-2.3678263414807175,5.226200962681693,-0.8258927910571146,4.206245067185572,2036-06-24T00:01:09.184,50,12
2035-08-29T00:01:09.183,310.0,59.944350469880675,3.721977234709197,1.6545685030040769,-3.1622145518674563,4.929411913567639,-1.5667576491708601,5.761121342674766,2036-07-04T00:01:09.184,50,13
2035-08-29T00:01:09.183,320.0,118.0114859286083,3.976312700863236,3.3216600620983527,-5.085745201524982,4.326877078968385,-3.8594597136910096,9.186631123023414,2036-07-14T00:01:09.184,50,14
2035-08-29T00:01:09.183,330.0,781.9965089313314,6.726176630096656,13.14422688897321,-11.466911677553597,-0.5373527922314896,-19.54257685065989,19.99488561967946,2036-07-24T00:01:09.183,50,15
2035-08-29T00:01:09.183,340.0,293.8260028649097,4.969796646095228,-1.3332101028237346,10.652354910719517,2.5214521774860277,4.649033878990661,-16.30505338149979,2036-08-03T00:01:09.183,50,16
2035-08-29T00:01:09.183,350.0,73.57808425595417,3.942250845452997,-0.7465864457287452,4.7993882448583225,3.927667849403635,4.182918042547481,-6.376104309846721,2036-08-13T00:01:09.183,50,17
2035-08-29T00:01:09.183,360.0,41.02412562365589,3.769842684833862,-0.12208140718754734,3.2105854814964303,3.9525979656029353,3.6393940312242563,-3.4865320924174332,2036-08-23T00:01:09.183,50,18
2035-08-29T00:01:09.183,370.0,30.406690753875935,3.6911741520145025,0.3283163941379357,2.538357252451723,3.808691626098888,3.385850680878395,-2.1063176441257507,2036-09-02T00:01:09.183,50,19
2035-08-29T00:01:09.183,380.0,25.44802553656081,3.62799422819817,0.6941410952238414,2.202049486317315,3.6163167603258177,3.2774515807756472,-1.2761621218397767,2036-09-12T00:01:09.183,50,20
2035-08-29T00:01:09.183,390.0,22.613364898679926,3.5620708987861303,1.0164422096821149,2.026001541226263,3.401490763844146,3.247342902969958,-0.7056837483558329,2036-09-22T00:01:09.182,50,21
2035-08-29T00:01:09.183,400.0,20.790017415952956,3.4868337630216852,1.3147937470265987,1.939478469227807,3.1720079745305085,3.2636219193296583,-0.27776751634921837,2036-10-02T00:01:09.182,50,22
2035-08-29T00:01:09.183,410.0,19.54467137157106,3.3989976840718406,1.5994796738595838,1.908629783563895,2.930411936181809,3.3095745461107597,0.0638246001945948,2036-10-12T00:01:09.182,50,23
2035-08-29T00:01:09.183,420.0,18.685610393129103,3.2963828007686544,1.8763760632097402,1.915280440611924,2.677270961225192,3.3757484951528767,0.34950349180305373,2036-10-22T00:01:09.182,50,24
2035-09-01T00:01:09.183,180.0,62.0114940460018,3.1260967483322233,-1.1660259120263967,-1.336820130119085,7.747684623923304,-1.40596942804288,0.09014977333852414,2036-02-28T00:01:09.185,51,0
2035-09-01T00:01:09.183,190.0,58.982778446424575,3.136161921041932,-1.1282191244115043,-1.3416412603081884,7.575708062782949,-1.231724118194446,0.2725463090340874,2036-03-09T00:01:09.185,51,1
2035-09-01T00:01:09.183,200.0,56.13868428615865,3.1648513904755333,-1.069573196060804,-1.34444152231961,7.402390471563477,-1.064145639051926,0.45923158814661846,2036-03-19T00:01:09.186,51,2
2035-09-01T00:01:09.183,210.0,53.47393044990571,3.206916429491379,-0.9906213042230587,-1.3464133071399562,7.227056326873784,-0.9046677219382602,0.6520457123410512,2036-03-29T00:01:09.186,51,3
2035-09-01T00:01:09.183,220.0,50.99023894899289,3.2580387703183007,-0.8917808745936853,-1.349214896099374,7.049256881024087,-0.7548774207747826,0.853449737202995,2036-04-08T00:01:09.186,51,4
2035-09-01T00:01:09.183,230.0,48.69700240036863,3.314683172052991,-0.7732118584548955,-1.3551036051692318,6.868669255778533,-0.6167011837173995,1.0668011553672763,2036-04-18T00:01:09.186,51,5
2035-09-01T00:01:09.183,240.0,46.61384947920558,3.373972254759231,-0.6346103433916825,-1.367170405923276,6.6850150574882345,-0.4926838583358517,1.2967982788762669,2036-04-28T00:01:09.186,51,6
2035-09-01T00:01:09.183,250.0,44.77632235143749,3.433579900022991,-0.4749213734869091,-1.3897739642225155,6.497982543632238,-0.38644383130180415,1.550227847555636,2036-05-08T00:01:09.185,51,7
2035-09-01T00:01:09.183,260.0,43.24758556378652,3.4916750031789547,-0.2918484897702509,-1.429330110329877,6.307127847324841,-0.3034742923980964,1.8372880109388188,2036-05-18T00:01:09.185,51,8
2035-09-01T00:01:09.183,270.0,42.14341280306596,3.5469218772141886,-0.08091910754791698,-1.4958070041025096,6.11170746560459,-0.2526726322579229,2.174074791456569,2036-05-28T00:01:09.185,51,9
2035-09-01T00:01:09.183,280.0,41.689965047143616,3.598595690436335,0.1664635824115912,-1.6057671973504464,5.910322251239828,-0.24953880686905805,2.587621749311392,2036-06-07T00:01:09.185,51,10
2035-09-01T00:01:09.183,290.0,42.374018305098346,3.6470103027227267,0.4675756824451405,-1.7891757320868615,5.7000111816194785,-0.3236626349146654,3.1271605864220273,2036-06-17T00:01:09.185,51,11
2035-09-01T00:01:09.183,300.0,45.40332491774914,3.694996030126834,0.8607693802491596,-2.1067413717001946,5.473471059014171,-0.5391007960926295,3.8927894645788026,2036-06-27T00:01:09.184,51,12
2035-09-01T00:01:09.183,310.0,54.50248771278024,3.753992651213629,1.447424012590293,-2.7029932353477752,5.208121287005477,-1.0633487372726798,5.1232069873821455,2036-07-07T00:01:09.184,51,13
2035-09-01T00:01:09.183,320.0,86.31711348361111,3.8806783669910994,2.594255135401257,-4.020768897699617,4.8020783888467005,-2.4999889147674352,7.550312050307758,2036-07-17T00:01:09.184,51,14
2035-09-01T00:01:09.183,330.0,304.76912026820014,4.666085070667638,6.897002125211365,-8.089479986869348,3.237307753630798,-9.119075763462249,14.530361867369907,2036-07-27T00:01:09.183,51,15
2035-09-01T00:01:09.183,340.0,760.8826908218832,6.780465319316361,0.625728365077812,17.517145732434305,-0.11309831872610054,1.5662861339757796,-27.539365412781386,2036-08-06T00:01:09.183,51,16
2035-09-01T00:01:09.183,350.0,103.60071778950402,4.080888922592348,-0.8628385352045669,5.978298990039928,3.944410395146649,4.55123814104568,-8.205399186368336,2036-08-16T00:01:09.183,51,17
2035-09-01T00:01:09.183,360.0,48.27007158573205,3.818526011896685,-0.15030721761683452,3.6436324955470143,4.084447096935701,3.862574563646504,-4.08263165597101,2036-08-26T00:01:09.183,51,18
2035-09-01T00:01:09.183,370.0,33.60817803747555,3.7178937424605665,0.3499002228212085,2.766067112337538,3.949782204157753,3.5241060904921966,-2.3639109205192312,2036-09-05T00:01:09.183,51,19
2035-09-01T00:01:09.183,380.0,27.394504459984603,3.6420878717741783,0.7411296227019193,2.3476473284514148,3.752566622662826,3.369454455470546,-1.3998303022049505,2036-09-15T00:01:09.182,51,20
2035-09-01T00:01:09.183,390.0,24.00395021860267,3.565550301257066,1.0775493330602401,2.1313105989004537,3.529932743865265,3.3102472879123823,-0.7653678431050199,2036-09-25T00:01:09.182,51,21
2035-09-01T00:01:09.183,400.0,21.856146762895154,3.4801638370882073,1.38414292330501,2.0222024009504764,3.2919414327750207,3.305622368243551,-0.3035277987964129,2036-10-05T00:01:09.182,51,22
2035-09-01T00:01:09.183,410.0,20.376732393543122,3.3822144545973387,1.673582452348196,1.9773558709399506,3.041746047007347,3.334856325035126,0.05697956152439865,2036-10-15T00:01:09.182,51,23
2035-09-01T00:01:09.183,420.0,19.322227033478942,3.269380262247374,1.9528917528381697,1.9745476735796883,2.7801083048801765,3.386511480982591,0.3532206616101483,2036-10-25T00:01:09.182,51,24
