flyby_tdb,rp_km,theta_deg,delta_deg,vinf_out_mag_kms
2035-08-29T00:00:00.000,3896.2,-29.999999999999996,13.931389055390284,8.924541589977329
2035-08-29T00:00:00.000,3896.2,-14.999999999999998,13.931389055390284,8.924541589977329
2035-08-29T00:00:00.000,3896.2,0.0,13.931389055390284,8.92454158997733
2035-08-29T00:00:00.000,3896.2,15.000000000000002,13.931389055390284,8.924541589977329
2035-08-29T00:00:00.000,3896.2,29.999999999999996,13.931389055390284,8.924541589977329
2035-08-29T00:00:00.000,4951.7555555555555,-29.999999999999996,11.242894183284518,8.924541589977329
2035-08-29T00:00:00.000,4951.7555555555555,-14.999999999999998,11.242894183284518,8.924541589977327
2035-08-29T00:00:00.000,4951.7555555555555,0.0,11.242894183284518,8.924541589977327
2035-08-29T00:00:00.000,4951.7555555555555,15.000000000000002,11.242894183284518,8.924541589977329
2035-08-29T00:00:00.000,4951.7555555555555,29.999999999999996,11.242894183284518,8.924541589977329
2035-08-29T00:00:00.000,6007.311111111111,-29.999999999999996,9.425190125350154,8.924541589977329
2035-08-29T00:00:00.000,6007.311111111111,-14.999999999999998,9.425190125350154,8.924541589977329
2035-08-29T00:00:00.000,6007.311111111111,0.0,9.425190125350154,8.924541589977329
2035-08-29T00:00:00.000,6007.311111111111,15.000000000000002,9.425190125350154,8.924541589977329
2035-08-29T00:00:00.000,6007.311111111111,29.999999999999996,9.425190125350154,8.924541589977329
2035-08-29T00:00:00.000,7062.866666666667,-29.999999999999996,8.113867882560674,8.924541589977329
2035-08-29T00:00:00.000,7062.866666666667,-14.999999999999998,8.113867882560674,8.924541589977327
2035-08-29T00:00:00.000,7062.866666666667,0.0,8.113867882560674,8.924541589977327
2035-08-29T00:00:00.000,7062.866666666667,15.000000000000002,8.113867882560674,8.924541589977329
2035-08-29T00:00:00.000,7062.866666666667,29.999999999999996,8.113867882560674,8.924541589977329
2035-08-29T00:00:00.000,8118.422222222222,-29.999999999999996,7.123073952820115,8.924541589977329
2035-08-29T00:00:00.000,8118.422222222222,-14.999999999999998,7.123073952820115,8.924541589977329
2035-08-29T00:00:00.000,8118.422222222222,0.0,7.123073952820115,8.924541589977329
2035-08-29T00:00:00.000,8118.422222222222,15.000000000000002,7.123073952820115,8.924541589977329
2035-08-29T00:00:00.000,8118.422222222222,29.999999999999996,7.123073952820115,8.924541589977329
2035-08-29T00:00:00.000,9173.977777777778,-29.999999999999996,6.348032429725938,8.924541589977329
2035-08-29T00:00:00.000,9173.977777777778,-14.999999999999998,6.348032429725938,8.924541589977329
2035-08-29T00:00:00.000,9173.977777777778,0.0,6.348032429725938,8.924541589977329
2035-08-29T00:00:00.000,9173.977777777778,15.000000000000002,6.348032429725938,8.924541589977329
2035-08-29T00:00:00.000,9173.977777777778,29.999999999999996,6.348032429725938,8.924541589977329
2035-08-29T00:00:00.000,10229.533333333333,-29.999999999999996,5.725163893879401,8.924541589977329
2035-08-29T00:00:00.000,10229.533333333333,-14.999999999999998,5.725163893879401,8.924541589977329
2035-08-29T00:00:00.000,10229.533333333333,0.0,5.725163893879401,8.924541589977329
2035-08-29T00:00:00.000,10229.533333333333,15.000000000000002,5.725163893879401,8.92454158997733
2035-08-29T00:00:00.000,10229.533333333333,29.999999999999996,5.725163893879401,8.924541589977329
2035-08-29T00:00:00.000,11285.08888888889,-29.999999999999996,5.213643761297886,8.92454158997733
2035-08-29T00:00:00.000,11285.08888888889,-14.999999999999998,5.213643761297886,8.924541589977329
2035-08-29T00:00:00.000,11285.08888888889,0.0,5.213643761297886,8.924541589977329
2035-08-29T00:00:00.000,11285.08888888889,15.000000000000002,5.213643761297886,8.924541589977329
2035-08-29T00:00:00.000,11285.08888888889,29.999999999999996,5.213643761297886,8.924541589977329
2035-08-29T00:00:00.000,12340.644444444446,-29.999999999999996,4.7860557472164995,8.924541589977329
2035-08-29T00:00:00.000,12340.644444444446,-14.999999999999998,4.7860557472164995,8.924541589977327
2035-08-29T00:00:00.000,12340.644444444446,0.0,4.7860557472164995,8.924541589977329
2035-08-29T00:00:00.000,12340.644444444446,15.000000000000002,4.7860557472164995,8.924541589977329
2035-08-29T00:00:00.000,12340.644444444446,29.999999999999996,4.7860557472164995,8.924541589977329
2035-08-29T00:00:00.000,13396.2,-29.999999999999996,4.423303566015725,8.924541589977329
2035-08-29T00:00:00.000,13396.2,-14.999999999999998,4.423303566015725,8.924541589977329
2035-08-29T00:00:00.000,13396.2,0.0,4.423303566015725,8.924541589977329
2035-08-29T00:00:00.000,13396.2,15.000000000000002,4.423303566015725,8.924541589977329
2035-08-29T00:00:00.000,13396.2,29.999999999999996,4.423303566015725,8.924541589977329
2035-10-18T00:00:00.000,3896.2,-29.999999999999996,5.404861575592867,14.904665486504017
2035-10-18T00:00:00.000,3896.2,-14.999999999999998,5.404861575592867,14.904665486504017
2035-10-18T00:00:00.000,3896.2,0.0,5.404861575592867,14.904665486504017
2035-10-18T00:00:00.000,3896.2,15.000000000000002,5.404861575592867,14.904665486504015
2035-10-18T00:00:00.000,3896.2,29.999999999999996,5.404861575592867,14.904665486504015
2035-10-18T00:00:00.000,4951.7555555555555,-29.999999999999996,4.295307864222056,14.904665486504017
2035-10-18T00:00:00.000,4951.7555555555555,-14.999999999999998,4.295307864222056,14.904665486504015
2035-10-18T00:00:00.000,4951.7555555555555,0.0,4.295307864222056,14.904665486504017
2035-10-18T00:00:00.000,4951.7555555555555,15.000000000000002,4.295307864222056,14.904665486504017
2035-10-18T00:00:00.000,4951.7555555555555,29.999999999999996,4.295307864222056,14.904665486504015
2035-10-18T00:00:00.000,6007.311111111111,-29.999999999999996,3.5637798316403972,14.904665486504019
2035-10-18T00:00:00.000,6007.311111111111,-14.999999999999998,3.5637798316403972,14.904665486504019
2035-10-18T00:00:00.000,6007.311111111111,0.0,3.5637798316403972,14.904665486504019
2035-10-18T00:00:00.000,6007.311111111111,15.000000000000002,3.5637798316403972,14.904665486504019
2035-10-18T00:00:00.000,6007.311111111111,29.999999999999996,3.5637798316403972,14.904665486504017
2035-10-18T00:00:00.000,7062.866666666667,-29.999999999999996,3.045187454571106,14.904665486504017
2035-10-18T00:00:00.000,7062.866666666667,-14.999999999999998,3.045187454571106,14.904665486504017
2035-10-18T00:00:00.000,7062.866666666667,0.0,3.045187454571106,14.904665486504017
2035-10-18T00:00:00.000,7062.866666666667,15.000000000000002,3.045187454571106,14.904665486504017
2035-10-18T00:00:00.000,7062.866666666667,29.999999999999996,3.045187454571106,14.904665486504017
2035-10-18T00:00:00.000,8118.422222222222,-29.999999999999996,2.6583626757436716,14.904665486504019
2035-10-18T00:00:00.000,8118.422222222222,-14.999999999999998,2.6583626757436716,14.904665486504019
2035-10-18T00:00:00.000,8118.422222222222,0.0,2.6583626757436716,14.904665486504019
2035-10-18T00:00:00.000,8118.422222222222,15.000000000000002,2.6583626757436716,14.904665486504019
2035-10-18T00:00:00.000,8118.422222222222,29.999999999999996,2.6583626757436716,14.904665486504017
2035-10-18T00:00:00.000,9173.977777777778,-29.999999999999996,2.3587427031272132,14.904665486504017
2035-10-18T00:00:00.000,9173.977777777778,-14.999999999999998,2.3587427031272132,14.904665486504017
2035-10-18T00:00:00.000,9173.977777777778,0.0,2.3587427031272132,14.904665486504017
2035-10-18T00:00:00.000,9173.977777777778,15.000000000000002,2.3587427031272132,14.904665486504019
2035-10-18T00:00:00.000,9173.977777777778,29.999999999999996,2.3587427031272132,14.904665486504017
2035-10-18T00:00:00.000,10229.533333333333,-29.999999999999996,2.1198244050437767,14.904665486504017
2035-10-18T00:00:00.000,10229.533333333333,-14.999999999999998,2.1198244050437767,14.904665486504017
2035-10-18T00:00:00.000,10229.533333333333,0.0,2.1198244050437767,14.904665486504017
2035-10-18T00:00:00.000,10229.533333333333,15.000000000000002,2.1198244050437767,14.904665486504017
2035-10-18T00:00:00.000,10229.533333333333,29.999999999999996,2.1198244050437767,14.904665486504017
2035-10-18T00:00:00.000,11285.08888888889,-29.999999999999996,1.9248569059749077,14.904665486504019
2035-10-18T00:00:00.000,11285.08888888889,-14.999999999999998,1.9248569059749077,14.904665486504019
2035-10-18T00:00:00.000,11285.08888888889,0.0,1.9248569059749077,14.904665486504019
2035-10-18T00:00:00.000,11285.08888888889,15.000000000000002,1.9248569059749077,14.904665486504019
2035-10-18T00:00:00.000,11285.08888888889,29.999999999999996,1.9248569059749077,14.904665486504019
2035-10-18T00:00:00.000,12340.644444444446,-29.999999999999996,1.7627336769422746,14.904665486504019
2035-10-18T00:00:00.000,12340.644444444446,-14.999999999999998,1.7627336769422746,14.904665486504017
2035-10-18T00:00:00.000,12340.644444444446,0.0,1.7627336769422746,14.904665486504019
2035-10-18T00:00:00.000,12340.644444444446,15.000000000000002,1.7627336769422746,14.904665486504019
2035-10-18T00:00:00.000,12340.644444444446,29.999999999999996,1.7627336769422746,14.904665486504019
2035-10-18T00:00:00.000,13396.2,-29.999999999999996,1.6257997852912471,14.904665486504017
2035-10-18T00:00:00.000,13396.2,-14.999999999999998,1.6257997852912471,14.904665486504017
2035-10-18T00:00:00.000,13396.2,0.0,1.6257997852912471,14.904665486504017
2035-10-18T00:00:00.000,13396.2,15.000000000000002,1.6257997852912471,14.904665486504017
2035-10-18T00:00:00.000,13396.2,29.999999999999996,1.6257997852912471,14.904665486504019
2035-12-07T00:00:00.000,3896.2,-29.999999999999996,58.74975198223993,3.3789277120687045
2035-12-07T00:00:00.000,3896.2,-14.999999999999998,58.74975198223993,3.378927712068705
2035-12-07T00:00:00.000,3896.2,0.0,58.74975198223993,3.3789277120687045
2035-12-07T00:00:00.000,3896.2,15.000000000000002,58.74975198223993,3.378927712068705
2035-12-07T00:00:00.000,3896.2,29.999999999999996,58.74975198223993,3.378927712068704
2035-12-07T00:00:00.000,4951.7555555555555,-29.999999999999996,51.06563163295753,3.3789277120687045
2035-12-07T00:00:00.000,4951.7555555555555,-14.999999999999998,51.06563163295753,3.3789277120687045
2035-12-07T00:00:00.000,4951.7555555555555,0.0,51.06563163295753,3.3789277120687045
2035-12-07T00:00:00.000,4951.7555555555555,15.000000000000002,51.06563163295753,3.3789277120687045
2035-12-07T00:00:00.000,4951.7555555555555,29.999999999999996,51.06563163295753,3.3789277120687045
2035-12-07T00:00:00.000,6007.311111111111,-29.999999999999996,45.21359191359933,3.378927712068705
2035-12-07T00:00:00.000,6007.311111111111,-14.999999999999998,45.21359191359933,3.378927712068705
2035-12-07T00:00:00.000,6007.311111111111,0.0,45.21359191359933,3.3789277120687045
2035-12-07T00:00:00.000,6007.311111111111,15.000000000000002,45.21359191359933,3.378927712068705
2035-12-07T00:00:00.000,6007.311111111111,29.999999999999996,45.21359191359933,3.3789277120687045
2035-12-07T00:00:00.000,7062.866666666667,-29.999999999999996,40.59361224101988,3.378927712068705
2035-12-07T00:00:00.000,7062.866666666667,-14.999999999999998,40.59361224101988,3.378927712068705
2035-12-07T00:00:00.000,7062.866666666667,0.0,40.59361224101988,3.378927712068705
2035-12-07T00:00:00.000,7062.866666666667,15.000000000000002,40.59361224101988,3.3789277120687045
2035-12-07T00:00:00.000,7062.866666666667,29.999999999999996,40.59361224101988,3.378927712068705
2035-12-07T00:00:00.000,8118.422222222222,-29.999999999999996,36.84666269172518,3.378927712068705
2035-12-07T00:00:00.000,8118.422222222222,-14.999999999999998,36.84666269172518,3.3789277120687053
2035-12-07T00:00:00.000,8118.422222222222,0.0,36.84666269172518,3.378927712068705
2035-12-07T00:00:00.000,8118.422222222222,15.000000000000002,36.84666269172518,3.3789277120687045
2035-12-07T00:00:00.000,8118.422222222222,29.999999999999996,36.84666269172518,3.3789277120687045
2035-12-07T00:00:00.000,9173.977777777778,-29.999999999999996,33.74296399066116,3.3789277120687045
2035-12-07T00:00:00.000,9173.977777777778,-14.999999999999998,33.74296399066116,3.378927712068705
2035-12-07T00:00:00.000,9173.977777777778,0.0,33.74296399066116,3.3789277120687045
2035-12-07T00:00:00.000,9173.977777777778,15.000000000000002,33.74296399066116,3.378927712068705
2035-12-07T00:00:00.000,9173.977777777778,29.999999999999996,33.74296399066116,3.3789277120687045
2035-12-07T00:00:00.000,10229.533333333333,-29.999999999999996,31.127893467075484,3.3789277120687045
2035-12-07T00:00:00.000,10229.533333333333,-14.999999999999998,31.127893467075484,3.378927712068705
2035-12-07T00:00:00.000,10229.533333333333,0.0,31.127893467075484,3.3789277120687045
2035-12-07T00:00:00.000,10229.533333333333,15.000000000000002,31.127893467075484,3.3789277120687045
2035-12-07T00:00:00.000,10229.533333333333,29.999999999999996,31.127893467075484,3.378927712068704
2035-12-07T00:00:00.000,11285.08888888889,-29.999999999999996,28.893246771476065,3.378927712068705
2035-12-07T00:00:00.000,11285.08888888889,-14.999999999999998,28.893246771476065,3.378927712068705
2035-12-07T00:00:00.000,11285.08888888889,0.0,28.893246771476065,3.378927712068705
2035-12-07T00:00:00.000,11285.08888888889,15.000000000000002,28.893246771476065,3.3789277120687045
2035-12-07T00:00:00.000,11285.08888888889,29.999999999999996,28.893246771476065,3.378927712068705
2035-12-07T00:00:00.000,12340.644444444446,-29.999999999999996,26.960871475051846,3.378927712068705
2035-12-07T00:00:00.000,12340.644444444446,-14.999999999999998,26.960871475051846,3.378927712068705
2035-12-07T00:00:00.000,12340.644444444446,0.0,26.960871475051846,3.3789277120687045
2035-12-07T00:00:00.000,12340.644444444446,15.000000000000002,26.960871475051846,3.3789277120687045
2035-12-07T00:00:00.000,12340.644444444446,29.999999999999996,26.960871475051846,3.3789277120687045
2035-12-07T00:00:00.000,13396.2,-29.999999999999996,25.27282560950742,3.378927712068705
2035-12-07T00:00:00.000,13396.2,-14.999999999999998,25.27282560950742,3.3789277120687045
2035-12-07T00:00:00.000,13396.2,0.0,25.27282560950742,3.3789277120687045
2035-12-07T00:00:00.000,13396.2,15.000000000000002,25.27282560950742,3.378927712068705
2035-12-07T00:00:00.000,13396.2,29.999999999999996,25.27282560950742,3.3789277120687045
2036-01-26T00:00:00.000,3896.2,-29.999999999999996,45.141877127713556,4.200768212703579
2036-01-26T00:00:00.000,3896.2,-14.999999999999998,45.141877127713556,4.200768212703579
2036-01-26T00:00:00.000,3896.2,0.0,45.141877127713556,4.200768212703579
2036-01-26T00:00:00.000,3896.2,15.000000000000002,45.141877127713556,4.200768212703579
2036-01-26T00:00:00.000,3896.2,29.999999999999996,45.141877127713556,4.200768212703579
2036-01-26T00:00:00.000,4951.7555555555555,-29.999999999999996,38.406407687679746,4.200768212703579
2036-01-26T00:00:00.000,4951.7555555555555,-14.999999999999998,38.406407687679746,4.200768212703579
2036-01-26T00:00:00.000,4951.7555555555555,0.0,38.406407687679746,4.200768212703579
2036-01-26T00:00:00.000,4951.7555555555555,15.000000000000002,38.406407687679746,4.200768212703579
2036-01-26T00:00:00.000,4951.7555555555555,29.999999999999996,38.406407687679746,4.200768212703579
2036-01-26T00:00:00.000,6007.311111111111,-29.999999999999996,33.44722661312287,4.20076821270358
2036-01-26T00:00:00.000,6007.311111111111,-14.999999999999998,33.44722661312287,4.20076821270358
2036-01-26T00:00:00.000,6007.311111111111,0.0,33.44722661312287,4.200768212703579
2036-01-26T00:00:00.000,6007.311111111111,15.000000000000002,33.44722661312287,4.200768212703579
2036-01-26T00:00:00.000,6007.311111111111,29.999999999999996,33.44722661312287,4.20076821270358
2036-01-26T00:00:00.000,7062.866666666667,-29.999999999999996,29.635869265481727,4.200768212703579
2036-01-26T00:00:00.000,7062.866666666667,-14.999999999999998,29.635869265481727,4.200768212703579
2036-01-26T00:00:00.000,7062.866666666667,0.0,29.635869265481727,4.200768212703579
2036-01-26T00:00:00.000,7062.866666666667,15.000000000000002,29.635869265481727,4.200768212703579
2036-01-26T00:00:00.000,7062.866666666667,29.999999999999996,29.635869265481727,4.200768212703579
2036-01-26T00:00:00.000,8118.422222222222,-29.999999999999996,26.611691178859875,4.200768212703579
2036-01-26T00:00:00.000,8118.422222222222,-14.999999999999998,26.611691178859875,4.20076821270358
2036-01-26T00:00:00.000,8118.422222222222,0.0,26.611691178859875,4.200768212703579
2036-01-26T00:00:00.000,8118.422222222222,15.000000000000002,26.611691178859875,4.200768212703579
2036-01-26T00:00:00.000,8118.422222222222,29.999999999999996,26.611691178859875,4.20076821270358
2036-01-26T00:00:00.000,9173.977777777778,-29.999999999999996,24.151904157321987,4.200768212703579
2036-01-26T00:00:00.000,9173.977777777778,-14.999999999999998,24.151904157321987,4.200768212703579
2036-01-26T00:00:00.000,9173.977777777778,0.0,24.151904157321987,4.200768212703579
2036-01-26T00:00:00.000,9173.977777777778,15.000000000000002,24.151904157321987,4.200768212703579
2036-01-26T00:00:00.000,9173.977777777778,29.999999999999996,24.151904157321987,4.200768212703579
2036-01-26T00:00:00.000,10229.533333333333,-29.999999999999996,22.111052479530507,4.20076821270358
2036-01-26T00:00:00.000,10229.533333333333,-14.999999999999998,22.111052479530507,4.20076821270358
2036-01-26T00:00:00.000,10229.533333333333,0.0,22.111052479530507,4.200768212703579
2036-01-26T00:00:00.000,10229.533333333333,15.000000000000002,22.111052479530507,4.200768212703579
2036-01-26T00:00:00.000,10229.533333333333,29.999999999999996,22.111052479530507,4.200768212703579
2036-01-26T00:00:00.000,11285.08888888889,-29.999999999999996,20.389965402766617,4.20076821270358
2036-01-26T00:00:00.000,11285.08888888889,-14.999999999999998,20.389965402766617,4.200768212703579
2036-01-26T00:00:00.000,11285.08888888889,0.0,20.389965402766617,4.200768212703579
2036-01-26T00:00:00.000,11285.08888888889,15.000000000000002,20.389965402766617,4.20076821270358
2036-01-26T00:00:00.000,11285.08888888889,29.999999999999996,20.389965402766617,4.200768212703579
2036-01-26T00:00:00.000,12340.644444444446,-29.999999999999996,18.918622011056033,4.20076821270358
2036-01-26T00:00:00.000,12340.644444444446,-14.999999999999998,18.918622011056033,4.20076821270358
2036-01-26T00:00:00.000,12340.644444444446,0.0,18.918622011056033,4.20076821270358
2036-01-26T00:00:00.000,12340.644444444446,15.000000000000002,18.918622011056033,4.20076821270358
2036-01-26T00:00:00.000,12340.644444444446,29.999999999999996,18.918622011056033,4.20076821270358
2036-01-26T00:00:00.000,13396.2,-29.999999999999996,17.646132917129208,4.20076821270358
2036-01-26T00:00:00.000,13396.2,-14.999999999999998,17.646132917129208,4.20076821270358
2036-01-26T00:00:00.000,13396.2,0.0,17.646132917129208,4.20076821270358
2036-01-26T00:00:00.000,13396.2,15.000000000000002,17.646132917129208,4.20076821270358
2036-01-26T00:00:00.000,13396.2,29.999999999999996,17.646132917129208,4.20076821270358
2036-03-16T00:00:00.000,3896.2,-29.999999999999996,29.207988314706235,5.710026119834365
2036-03-16T00:00:00.000,3896.2,-14.999999999999998,29.207988314706235,5.710026119834366
2036-03-16T00:00:00.000,3896.2,0.0,29.207988314706235,5.710026119834365
2036-03-16T00:00:00.000,3896.2,15.000000000000002,29.207988314706235,5.710026119834366
2036-03-16T00:00:00.000,3896.2,29.999999999999996,29.207988314706235,5.710026119834366
2036-03-16T00:00:00.000,4951.7555555555555,-29.999999999999996,24.204612100469177,5.710026119834366
2036-03-16T00:00:00.000,4951.7555555555555,-14.999999999999998,24.204612100469177,5.710026119834365
2036-03-16T00:00:00.000,4951.7555555555555,0.0,24.204612100469177,5.710026119834365
2036-03-16T00:00:00.000,4951.7555555555555,15.000000000000002,24.204612100469177,5.710026119834366
2036-03-16T00:00:00.000,4951.7555555555555,29.999999999999996,24.204612100469177,5.710026119834364
2036-03-16T00:00:00.000,6007.311111111111,-29.999999999999996,20.67295591500161,5.710026119834366
2036-03-16T00:00:00.000,6007.311111111111,-14.999999999999998,20.67295591500161,5.710026119834366
2036-03-16T00:00:00.000,6007.311111111111,0.0,20.67295591500161,5.710026119834366
2036-03-16T00:00:00.000,6007.311111111111,15.000000000000002,20.67295591500161,5.710026119834366
2036-03-16T00:00:00.000,6007.311111111111,29.999999999999996,20.67295591500161,5.710026119834366
2036-03-16T00:00:00.000,7062.866666666667,-29.999999999999996,18.044490762158283,5.710026119834365
2036-03-16T00:00:00.000,7062.866666666667,-14.999999999999998,18.044490762158283,5.710026119834364
2036-03-16T00:00:00.000,7062.866666666667,0.0,18.044490762158283,5.710026119834365
2036-03-16T00:00:00.000,7062.866666666667,15.000000000000002,18.044490762158283,5.710026119834365
2036-03-16T00:00:00.000,7062.866666666667,29.999999999999996,18.044490762158283,5.710026119834364
2036-03-16T00:00:00.000,8118.422222222222,-29.999999999999996,16.010992190011017,5.710026119834366
2036-03-16T00:00:00.000,8118.422222222222,-14.999999999999998,16.010992190011017,5.710026119834366
2036-03-16T00:00:00.000,8118.422222222222,0.0,16.010992190011017,5.710026119834365
2036-03-16T00:00:00.000,8118.422222222222,15.000000000000002,16.010992190011017,5.710026119834366
2036-03-16T00:00:00.000,8118.422222222222,29.999999999999996,16.010992190011017,5.710026119834366
2036-03-16T00:00:00.000,9173.977777777778,-29.999999999999996,14.390499699554818,5.710026119834366
2036-03-16T00:00:00.000,9173.977777777778,-14.999999999999998,14.390499699554818,5.710026119834366
2036-03-16T00:00:00.000,9173.977777777778,0.0,14.390499699554818,5.710026119834366
2036-03-16T00:00:00.000,9173.977777777778,15.000000000000002,14.390499699554818,5.710026119834365
2036-03-16T00:00:00.000,9173.977777777778,29.999999999999996,14.390499699554818,5.710026119834366
2036-03-16T00:00:00.000,10229.533333333333,-29.999999999999996,13.068537329879662,5.710026119834365
2036-03-16T00:00:00.000,10229.533333333333,-14.999999999999998,13.068537329879662,5.710026119834366
2036-03-16T00:00:00.000,10229.533333333333,0.0,13.068537329879662,5.710026119834365
2036-03-16T00:00:00.000,10229.533333333333,15.000000000000002,13.068537329879662,5.710026119834365
2036-03-16T00:00:00.000,10229.533333333333,29.999999999999996,13.068537329879662,5.710026119834366
2036-03-16T00:00:00.000,11285.08888888889,-29.999999999999996,11.969429592933455,5.710026119834365
2036-03-16T00:00:00.000,11285.08888888889,-14.999999999999998,11.969429592933455,5.710026119834365
2036-03-16T00:00:00.000,11285.08888888889,0.0,11.969429592933455,5.710026119834365
2036-03-16T00:00:00.000,11285.08888888889,15.000000000000002,11.969429592933455,5.710026119834364
2036-03-16T00:00:00.000,11285.08888888889,29.999999999999996,11.969429592933455,5.710026119834365
2036-03-16T00:00:00.000,12340.644444444446,-29.999999999999996,11.041122909060357,5.710026119834364
2036-03-16T00:00:00.000,12340.644444444446,-14.999999999999998,11.041122909060357,5.710026119834365
2036-03-16T00:00:00.000,12340.644444444446,0.0,11.041122909060357,5.710026119834365
2036-03-16T00:00:00.000,12340.644444444446,15.000000000000002,11.041122909060357,5.710026119834365
2036-03-16T00:00:00.000,12340.644444444446,29.999999999999996,11.041122909060357,5.710026119834364
2036-03-16T00:00:00.000,13396.2,-29.999999999999996,10.246624320394476,5.710026119834365
2036-03-16T00:00:00.000,13396.2,-14.999999999999998,10.246624320394476,5.710026119834365
2036-03-16T00:00:00.000,13396.2,0.0,10.246624320394476,5.710026119834365
2036-03-16T00:00:00.000,13396.2,15.000000000000002,10.246624320394476,5.710026119834365
2036-03-16T00:00:00.000,13396.2,29.999999999999996,10.246624320394476,5.710026119834365
2035-09-03T00:00:00.000,3896.2,-29.999999999999996,14.937822247678836,8.577401427430566
2035-09-03T00:00:00.000,3896.2,-14.999999999999998,14.937822247678836,8.577401427430566
2035-09-03T00:00:00.000,3896.2,0.0,14.937822247678836,8.577401427430567
2035-09-03T00:00:00.000,3896.2,15.000000000000002,14.937822247678836,8.577401427430566
2035-09-03T00:00:00.000,3896.2,29.999999999999996,14.937822247678836,8.577401427430567
2035-09-03T00:00:00.000,4951.7555555555555,-29.999999999999996,12.07665758649384,8.577401427430566
2035-09-03T00:00:00.000,4951.7555555555555,-14.999999999999998,12.07665758649384,8.577401427430566
2035-09-03T00:00:00.000,4951.7555555555555,0.0,12.07665758649384,8.577401427430566
2035-09-03T00:00:00.000,4951.7555555555555,15.000000000000002,12.07665758649384,8.577401427430566
2035-09-03T00:00:00.000,4951.7555555555555,29.999999999999996,12.07665758649384,8.577401427430567
2035-09-03T00:00:00.000,6007.311111111111,-29.999999999999996,10.136561098267173,8.577401427430567
2035-09-03T00:00:00.000,6007.311111111111,-14.999999999999998,10.136561098267173,8.577401427430567
2035-09-03T00:00:00.000,6007.311111111111,0.0,10.136561098267173,8.577401427430567
2035-09-03T00:00:00.000,6007.311111111111,15.000000000000002,10.136561098267173,8.577401427430567
2035-09-03T00:00:00.000,6007.311111111111,29.999999999999996,10.136561098267173,8.577401427430567
2035-09-03T00:00:00.000,7062.866666666667,-29.999999999999996,8.734055963838243,8.577401427430567
2035-09-03T00:00:00.000,7062.866666666667,-14.999999999999998,8.734055963838243,8.577401427430566
2035-09-03T00:00:00.000,7062.866666666667,0.0,8.734055963838243,8.577401427430567
2035-09-03T00:00:00.000,7062.866666666667,15.000000000000002,8.734055963838243,8.577401427430567
2035-09-03T00:00:00.000,7062.866666666667,29.999999999999996,8.734055963838243,8.577401427430567
2035-09-03T00:00:00.000,8118.422222222222,-29.999999999999996,7.672739208951358,8.577401427430567
2035-09-03T00:00:00.000,8118.422222222222,-14.999999999999998,7.672739208951358,8.577401427430567
2035-09-03T00:00:00.000,8118.422222222222,0.0,7.672739208951358,8.577401427430567
2035-09-03T00:00:00.000,8118.422222222222,15.000000000000002,7.672739208951358,8.577401427430567
2035-09-03T00:00:00.000,8118.422222222222,29.999999999999996,7.672739208951358,8.577401427430567
2035-09-03T00:00:00.000,9173.977777777778,-29.999999999999996,6.841544370025507,8.577401427430567
2035-09-03T00:00:00.000,9173.977777777778,-14.999999999999998,6.841544370025507,8.577401427430567
2035-09-03T00:00:00.000,9173.977777777778,0.0,6.841544370025507,8.577401427430567
2035-09-03T00:00:00.000,9173.977777777778,15.000000000000002,6.841544370025507,8.577401427430567
2035-09-03T00:00:00.000,9173.977777777778,29.999999999999996,6.841544370025507,8.577401427430567
2035-09-03T00:00:00.000,10229.533333333333,-29.999999999999996,6.172914293420313,8.577401427430567
2035-09-03T00:00:00.000,10229.533333333333,-14.999999999999998,6.172914293420313,8.577401427430567
2035-09-03T00:00:00.000,10229.533333333333,0.0,6.172914293420313,8.577401427430567
2035-09-03T00:00:00.000,10229.533333333333,15.000000000000002,6.172914293420313,8.577401427430567
2035-09-03T00:00:00.000,10229.533333333333,29.999999999999996,6.172914293420313,8.577401427430567
2035-09-03T00:00:00.000,11285.08888888889,-29.999999999999996,5.623388256299236,8.577401427430567
2035-09-03T00:00:00.000,11285.08888888889,-14.999999999999998,5.623388256299236,8.577401427430567
2035-09-03T00:00:00.000,11285.08888888889,0.0,5.623388256299236,8.577401427430567
2035-09-03T00:00:00.000,11285.08888888889,15.000000000000002,5.623388256299236,8.577401427430567
2035-09-03T00:00:00.000,11285.08888888889,29.999999999999996,5.623388256299236,8.577401427430567
2035-09-03T00:00:00.000,12340.644444444446,-29.999999999999996,5.163734723345307,8.577401427430567
2035-09-03T00:00:00.000,12340.644444444446,-14.999999999999998,5.163734723345307,8.577401427430567
2035-09-03T00:00:00.000,12340.644444444446,0.0,5.163734723345307,8.577401427430567
2035-09-03T00:00:00.000,12340.644444444446,15.000000000000002,5.163734723345307,8.577401427430567
2035-09-03T00:00:00.000,12340.644444444446,29.999999999999996,5.163734723345307,8.577401427430567
2035-09-03T00:00:00.000,13396.2,-29.999999999999996,4.773567013402283,8.577401427430567
2035-09-03T00:00:00.000,13396.2,-14.999999999999998,4.773567013402283,8.577401427430567
2035-09-03T00:00:00.000,13396.2,0.0,4.773567013402283,8.577401427430567
2035-09-03T00:00:00.000,13396.2,15.000000000000002,4.773567013402283,8.577401427430567
2035-09-03T00:00:00.000,13396.2,29.999999999999996,4.773567013402283,8.577401427430567
2035-10-23T00:00:00.000,3896.2,-29.999999999999996,0.9109808601968202,37.037014209382754
2035-10-23T00:00:00.000,3896.2,-14.999999999999998,0.9109808601968202,37.037014209382754
2035-10-23T00:00:00.000,3896.2,0.0,0.9109808601968202,37.037014209382754
2035-10-23T00:00:00.000,3896.2,15.000000000000002,0.9109808601968202,37.037014209382754
2035-10-23T00:00:00.000,3896.2,29.999999999999996,0.9109808601968202,37.037014209382754
2035-10-23T00:00:00.000,4951.7555555555555,-29.999999999999996,0.7180028288951956,37.037014209382754
2035-10-23T00:00:00.000,4951.7555555555555,-14.999999999999998,0.7180028288951956,37.037014209382754
2035-10-23T00:00:00.000,4951.7555555555555,0.0,0.7180028288951956,37.037014209382754
2035-10-23T00:00:00.000,4951.7555555555555,15.000000000000002,0.7180028288951956,37.037014209382754
2035-10-23T00:00:00.000,4951.7555555555555,29.999999999999996,0.7180028288951956,37.037014209382754
2035-10-23T00:00:00.000,6007.311111111111,-29.999999999999996,0.5924923215879845,37.037014209382754
2035-10-23T00:00:00.000,6007.311111111111,-14.999999999999998,0.5924923215879845,37.037014209382754
2035-10-23T00:00:00.000,6007.311111111111,0.0,0.5924923215879845,37.037014209382754
2035-10-23T00:00:00.000,6007.311111111111,15.000000000000002,0.5924923215879845,37.037014209382754
2035-10-23T00:00:00.000,6007.311111111111,29.999999999999996,0.5924923215879845,37.037014209382754
2035-10-23T00:00:00.000,7062.866666666667,-29.999999999999996,0.5043325890108112,37.03701420938276
2035-10-23T00:00:00.000,7062.866666666667,-14.999999999999998,0.5043325890108112,37.037014209382754
2035-10-23T00:00:00.000,7062.866666666667,0.0,0.5043325890108112,37.037014209382754
2035-10-23T00:00:00.000,7062.866666666667,15.000000000000002,0.5043325890108112,37.037014209382754
2035-10-23T00:00:00.000,7062.866666666667,29.999999999999996,0.5043325890108112,37.037014209382754
2035-10-23T00:00:00.000,8118.422222222222,-29.999999999999996,0.4390102442386718,37.037014209382754
2035-10-23T00:00:00.000,8118.422222222222,-14.999999999999998,0.4390102442386718,37.037014209382754
2035-10-23T00:00:00.000,8118.422222222222,0.0,0.4390102442386718,37.037014209382754
2035-10-23T00:00:00.000,8118.422222222222,15.000000000000002,0.4390102442386718,37.037014209382754
2035-10-23T00:00:00.000,8118.422222222222,29.999999999999996,0.4390102442386718,37.037014209382754
2035-10-23T00:00:00.000,9173.977777777778,-29.999999999999996,0.3886689578405149,37.03701420938275
2035-10-23T00:00:00.000,9173.977777777778,-14.999999999999998,0.3886689578405149,37.037014209382754
2035-10-23T00:00:00.000,9173.977777777778,0.0,0.3886689578405149,37.037014209382754
2035-10-23T00:00:00.000,9173.977777777778,15.000000000000002,0.3886689578405149,37.037014209382754
2035-10-23T00:00:00.000,9173.977777777778,29.999999999999996,0.3886689578405149,37.037014209382754
2035-10-23T00:00:00.000,10229.533333333333,-29.999999999999996,0.3486852523155769,37.037014209382754
2035-10-23T00:00:00.000,10229.533333333333,-14.999999999999998,0.3486852523155769,37.037014209382754
2035-10-23T00:00:00.000,10229.533333333333,0.0,0.3486852523155769,37.037014209382754
2035-10-23T00:00:00.000,10229.533333333333,15.000000000000002,0.3486852523155769,37.037014209382754
2035-10-23T00:00:00.000,10229.533333333333,29.999999999999996,0.3486852523155769,37.037014209382754
2035-10-23T00:00:00.000,11285.08888888889,-29.999999999999996,0.31616072701939296,37.03701420938276
2035-10-23T00:00:00.000,11285.08888888889,-14.999999999999998,0.31616072701939296,37.03701420938276
2035-10-23T00:00:00.000,11285.08888888889,0.0,0.31616072701939296,37.03701420938276
2035-10-23T00:00:00.000,11285.08888888889,15.000000000000002,0.31616072701939296,37.037014209382754
2035-10-23T00:00:00.000,11285.08888888889,29.999999999999996,0.31616072701939296,37.037014209382754
2035-10-23T00:00:00.000,12340.644444444446,-29.999999999999996,0.2891861426256859,37.03701420938275
2035-10-23T00:00:00.000,12340.644444444446,-14.999999999999998,0.2891861426256859,37.03701420938275
2035-10-23T00:00:00.000,12340.644444444446,0.0,0.2891861426256859,37.037014209382754
2035-10-23T00:00:00.000,12340.644444444446,15.000000000000002,0.2891861426256859,37.037014209382754
2035-10-23T00:00:00.000,12340.644444444446,29.999999999999996,0.2891861426256859,37.037014209382754
2035-10-23T00:00:00.000,13396.2,-29.999999999999996,0.2664526190304252,37.037014209382754
2035-10-23T00:00:00.000,13396.2,-14.999999999999998,0.2664526190304252,37.03701420938275
2035-10-23T00:00:00.000,13396.2,0.0,0.2664526190304252,37.037014209382754
2035-10-23T00:00:00.000,13396.2,15.000000000000002,0.2664526190304252,37.037014209382754
2035-10-23T00:00:00.000,13396.2,29.999999999999996,0.2664526190304252,37.037014209382754
2035-12-12T00:00:00.000,3896.2,-29.999999999999996,60.343285645623794,3.298326421906109
2035-12-12T00:00:00.000,3896.2,-14.999999999999998,60.343285645623794,3.2983264219061095
2035-12-12T00:00:00.000,3896.2,0.0,60.343285645623794,3.298326421906109
2035-12-12T00:00:00.000,3896.2,15.000000000000002,60.343285645623794,3.298326421906109
2035-12-12T00:00:00.000,3896.2,29.999999999999996,60.343285645623794,3.298326421906109
2035-12-12T00:00:00.000,4951.7555555555555,-29.999999999999996,52.57903088260457,3.298326421906109
2035-12-12T00:00:00.000,4951.7555555555555,-14.999999999999998,52.57903088260457,3.298326421906109
2035-12-12T00:00:00.000,4951.7555555555555,0.0,52.57903088260457,3.298326421906109
2035-12-12T00:00:00.000,4951.7555555555555,15.000000000000002,52.57903088260457,3.2983264219061086
2035-12-12T00:00:00.000,4951.7555555555555,29.999999999999996,52.57903088260457,3.298326421906109
2035-12-12T00:00:00.000,6007.311111111111,-29.999999999999996,46.643373367376526,3.298326421906109
2035-12-12T00:00:00.000,6007.311111111111,-14.999999999999998,46.643373367376526,3.298326421906109
2035-12-12T00:00:00.000,6007.311111111111,0.0,46.643373367376526,3.298326421906109
2035-12-12T00:00:00.000,6007.311111111111,15.000000000000002,46.643373367376526,3.298326421906109
2035-12-12T00:00:00.000,6007.311111111111,29.999999999999996,46.643373367376526,3.298326421906109
2035-12-12T00:00:00.000,7062.866666666667,-29.999999999999996,41.94284292200664,3.298326421906109
2035-12-12T00:00:00.000,7062.866666666667,-14.999999999999998,41.94284292200664,3.298326421906109
2035-12-12T00:00:00.000,7062.866666666667,0.0,41.94284292200664,3.298326421906109
2035-12-12T00:00:00.000,7062.866666666667,15.000000000000002,41.94284292200664,3.298326421906109
2035-12-12T00:00:00.000,7062.866666666667,29.999999999999996,41.94284292200664,3.298326421906109
2035-12-12T00:00:00.000,8118.422222222222,-29.999999999999996,38.12075370371687,3.2983264219061086
2035-12-12T00:00:00.000,8118.422222222222,-14.999999999999998,38.12075370371687,3.298326421906109
2035-12-12T00:00:00.000,8118.422222222222,0.0,38.12075370371687,3.298326421906108
2035-12-12T00:00:00.000,8118.422222222222,15.000000000000002,38.12075370371687,3.2983264219061086
2035-12-12T00:00:00.000,8118.422222222222,29.999999999999996,38.12075370371687,3.298326421906109
2035-12-12T00:00:00.000,9173.977777777778,-29.999999999999996,34.947940345584506,3.298326421906109
2035-12-12T00:00:00.000,9173.977777777778,-14.999999999999998,34.947940345584506,3.298326421906109
2035-12-12T00:00:00.000,9173.977777777778,0.0,34.947940345584506,3.298326421906109
2035-12-12T00:00:00.000,9173.977777777778,15.000000000000002,34.947940345584506,3.2983264219061095
2035-12-12T00:00:00.000,9173.977777777778,29.999999999999996,34.947940345584506,3.298326421906109
2035-12-12T00:00:00.000,10229.533333333333,-29.999999999999996,32.26966877901964,3.298326421906109
2035-12-12T00:00:00.000,10229.533333333333,-14.999999999999998,32.26966877901964,3.298326421906109
2035-12-12T00:00:00.000,10229.533333333333,0.0,32.26966877901964,3.298326421906109
2035-12-12T00:00:00.000,10229.533333333333,15.000000000000002,32.26966877901964,3.298326421906109
2035-12-12T00:00:00.000,10229.533333333333,29.999999999999996,32.26966877901964,3.298326421906109
2035-12-12T00:00:00.000,11285.08888888889,-29.999999999999996,29.977332633408064,3.298326421906108
2035-12-12T00:00:00.000,11285.08888888889,-14.999999999999998,29.977332633408064,3.298326421906109
2035-12-12T00:00:00.000,11285.08888888889,0.0,29.977332633408064,3.298326421906108
2035-12-12T00:00:00.000,11285.08888888889,15.000000000000002,29.977332633408064,3.2983264219061086
2035-12-12T00:00:00.000,11285.08888888889,29.999999999999996,29.977332633408064,3.298326421906109
2035-12-12T00:00:00.000,12340.644444444446,-29.999999999999996,27.992281396363083,3.2983264219061086
2035-12-12T00:00:00.000,12340.644444444446,-14.999999999999998,27.992281396363083,3.298326421906109
2035-12-12T00:00:00.000,12340.644444444446,0.0,27.992281396363083,3.298326421906109
2035-12-12T00:00:00.000,12340.644444444446,15.000000000000002,27.992281396363083,3.298326421906109
2035-12-12T00:00:00.000,12340.644444444446,29.999999999999996,27.992281396363083,3.298326421906109
2035-12-12T00:00:00.000,13396.2,-29.999999999999996,26.256066409058253,3.298326421906109
2035-12-12T00:00:00.000,13396.2,-14.999999999999998,26.256066409058253,3.298326421906109
2035-12-12T00:00:00.000,13396.2,0.0,26.256066409058253,3.298326421906109
2035-12-12T00:00:00.000,13396.2,15.000000000000002,26.256066409058253,3.298326421906109
2035-12-12T00:00:00.000,13396.2,29.999999999999996,26.256066409058253,3.2983264219061086
2036-01-31T00:00:00.000,3896.2,-29.999999999999996,46.628157888821775,4.0966021798803585
2036-01-31T00:00:00.000,3896.2,-14.999999999999998,46.628157888821775,4.0966021798803585
2036-01-31T00:00:00.000,3896.2,0.0,46.628157888821775,4.0966021798803585
2036-01-31T00:00:00.000,3896.2,15.000000000000002,46.628157888821775,4.0966021798803585
2036-01-31T00:00:00.000,3896.2,29.999999999999996,46.628157888821775,4.096602179880358
2036-01-31T00:00:00.000,4951.7555555555555,-29.999999999999996,39.76569802228982,4.096602179880358
2036-01-31T00:00:00.000,4951.7555555555555,-14.999999999999998,39.76569802228982,4.096602179880358
2036-01-31T00:00:00.000,4951.7555555555555,0.0,39.76569802228982,4.0966021798803585
2036-01-31T00:00:00.000,4951.7555555555555,15.000000000000002,39.76569802228982,4.0966021798803585
2036-01-31T00:00:00.000,4951.7555555555555,29.999999999999996,39.76569802228982,4.096602179880358
2036-01-31T00:00:00.000,6007.311111111111,-29.999999999999996,34.693814346930004,4.0966021798803585
2036-01-31T00:00:00.000,6007.311111111111,-14.999999999999998,34.693814346930004,4.0966021798803585
2036-01-31T00:00:00.000,6007.311111111111,0.0,34.693814346930004,4.0966021798803585
2036-01-31T00:00:00.000,6007.311111111111,15.000000000000002,34.693814346930004,4.0966021798803585
2036-01-31T00:00:00.000,6007.311111111111,29.999999999999996,34.693814346930004,4.096602179880358
2036-01-31T00:00:00.000,7062.866666666667,-29.999999999999996,30.78427024203869,4.096602179880358
2036-01-31T00:00:00.000,7062.866666666667,-14.999999999999998,30.78427024203869,4.096602179880358
2036-01-31T00:00:00.000,7062.866666666667,0.0,30.78427024203869,4.096602179880358
2036-01-31T00:00:00.000,7062.866666666667,15.000000000000002,30.78427024203869,4.096602179880358
2036-01-31T00:00:00.000,7062.866666666667,29.999999999999996,30.78427024203869,4.096602179880358
2036-01-31T00:00:00.000,8118.422222222222,-29.999999999999996,27.674782949293892,4.0966021798803585
2036-01-31T00:00:00.000,8118.422222222222,-14.999999999999998,27.674782949293892,4.0966021798803585
2036-01-31T00:00:00.000,8118.422222222222,0.0,27.674782949293892,4.0966021798803585
2036-01-31T00:00:00.000,8118.422222222222,15.000000000000002,27.674782949293892,4.0966021798803585
2036-01-31T00:00:00.000,8118.422222222222,29.999999999999996,27.674782949293892,4.0966021798803585
2036-01-31T00:00:00.000,9173.977777777778,-29.999999999999996,25.140646094193684,4.0966021798803585
2036-01-31T00:00:00.000,9173.977777777778,-14.999999999999998,25.140646094193684,4.0966021798803585
2036-01-31T00:00:00.000,9173.977777777778,0.0,25.140646094193684,4.0966021798803585
2036-01-31T00:00:00.000,9173.977777777778,15.000000000000002,25.140646094193684,4.0966021798803585
2036-01-31T00:00:00.000,9173.977777777778,29.999999999999996,25.140646094193684,4.0966021798803585
2036-01-31T00:00:00.000,10229.533333333333,-29.999999999999996,23.034653943664036,4.0966021798803585
2036-01-31T00:00:00.000,10229.533333333333,-14.999999999999998,23.034653943664036,4.096602179880358
2036-01-31T00:00:00.000,10229.533333333333,0.0,23.034653943664036,4.096602179880358
2036-01-31T00:00:00.000,10229.533333333333,15.000000000000002,23.034653943664036,4.0966021798803585
2036-01-31T00:00:00.000,10229.533333333333,29.999999999999996,23.034653943664036,4.0966021798803585
2036-01-31T00:00:00.000,11285.08888888889,-29.999999999999996,21.256153423641127,4.096602179880358
2036-01-31T00:00:00.000,11285.08888888889,-14.999999999999998,21.256153423641127,4.0966021798803585
2036-01-31T00:00:00.000,11285.08888888889,0.0,21.256153423641127,4.096602179880358
2036-01-31T00:00:00.000,11285.08888888889,15.000000000000002,21.256153423641127,4.0966021798803585
2036-01-31T00:00:00.000,11285.08888888889,29.999999999999996,21.256153423641127,4.096602179880358
2036-01-31T00:00:00.000,12340.644444444446,-29.999999999999996,19.733900949592563,4.096602179880358
2036-01-31T00:00:00.000,12340.644444444446,-14.999999999999998,19.733900949592563,4.0966021798803585
2036-01-31T00:00:00.000,12340.644444444446,0.0,19.733900949592563,4.0966021798803585
2036-01-31T00:00:00.000,12340.644444444446,15.000000000000002,19.733900949592563,4.0966021798803585
2036-01-31T00:00:00.000,12340.644444444446,29.999999999999996,19.733900949592563,4.0966021798803585
2036-01-31T00:00:00.000,13396.2,-29.999999999999996,18.41600709137036,4.0966021798803585
2036-01-31T00:00:00.000,13396.2,-14.999999999999998,18.41600709137036,4.0966021798803585
2036-01-31T00:00:00.000,13396.2,0.0,18.41600709137036,4.0966021798803585
2036-01-31T00:00:00.000,13396.2,15.000000000000002,18.41600709137036,4.0966021798803585
2036-01-31T00:00:00.000,13396.2,29.999999999999996,18.41600709137036,4.0966021798803585
2036-03-21T00:00:00.000,3896.2,-29.999999999999996,30.742612845662862,5.520573652098464
2036-03-21T00:00:00.000,3896.2,-14.999999999999998,30.742612845662862,5.520573652098464
2036-03-21T00:00:00.000,3896.2,0.0,30.742612845662862,5.520573652098463
2036-03-21T00:00:00.000,3896.2,15.000000000000002,30.742612845662862,5.520573652098464
2036-03-21T00:00:00.000,3896.2,29.999999999999996,30.742612845662862,5.520573652098464
2036-03-21T00:00:00.000,4951.7555555555555,-29.999999999999996,25.542495246706093,5.520573652098463
2036-03-21T00:00:00.000,4951.7555555555555,-14.999999999999998,25.542495246706093,5.520573652098464
2036-03-21T00:00:00.000,4951.7555555555555,0.0,25.542495246706093,5.520573652098464
2036-03-21T00:00:00.000,4951.7555555555555,15.000000000000002,25.542495246706093,5.520573652098464
2036-03-21T00:00:00.000,4951.7555555555555,29.999999999999996,25.542495246706093,5.520573652098464
2036-03-21T00:00:00.000,6007.311111111111,-29.999999999999996,21.856575279327046,5.520573652098464
2036-03-21T00:00:00.000,6007.311111111111,-14.999999999999998,21.856575279327046,5.520573652098464
2036-03-21T00:00:00.000,6007.311111111111,0.0,21.856575279327046,5.520573652098464
2036-03-21T00:00:00.000,6007.311111111111,15.000000000000002,21.856575279327046,5.520573652098464
2036-03-21T00:00:00.000,6007.311111111111,29.999999999999996,21.856575279327046,5.520573652098464
2036-03-21T00:00:00.000,7062.866666666667,-29.999999999999996,19.104739777352137,5.520573652098464
2036-03-21T00:00:00.000,7062.866666666667,-14.999999999999998,19.104739777352137,5.520573652098464
2036-03-21T00:00:00.000,7062.866666666667,0.0,19.104739777352137,5.520573652098464
2036-03-21T00:00:00.000,7062.866666666667,15.000000000000002,19.104739777352137,5.520573652098464
2036-03-21T00:00:00.000,7062.866666666667,29.999999999999996,19.104739777352137,5.520573652098465
2036-03-21T00:00:00.000,8118.422222222222,-29.999999999999996,16.970655368012178,5.520573652098465
2036-03-21T00:00:00.000,8118.422222222222,-14.999999999999998,16.970655368012178,5.520573652098464
2036-03-21T00:00:00.000,8118.422222222222,0.0,16.970655368012178,5.520573652098464
2036-03-21T00:00:00.000,8118.422222222222,15.000000000000002,16.970655368012178,5.520573652098465
2036-03-21T00:00:00.000,8118.422222222222,29.999999999999996,16.970655368012178,5.520573652098465
2036-03-21T00:00:00.000,9173.977777777778,-29.999999999999996,15.266730443265148,5.520573652098464
2036-03-21T00:00:00.000,9173.977777777778,-14.999999999999998,15.266730443265148,5.520573652098464
2036-03-21T00:00:00.000,9173.977777777778,0.0,15.266730443265148,5.520573652098465
2036-03-21T00:00:00.000,9173.977777777778,15.000000000000002,15.266730443265148,5.520573652098464
2036-03-21T00:00:00.000,9173.977777777778,29.999999999999996,15.266730443265148,5.520573652098464
2036-03-21T00:00:00.000,10229.533333333333,-29.999999999999996,13.874519209596166,5.520573652098463
2036-03-21T00:00:00.000,10229.533333333333,-14.999999999999998,13.874519209596166,5.520573652098463
2036-03-21T00:00:00.000,10229.533333333333,0.0,13.874519209596166,5.520573652098464
2036-03-21T00:00:00.000,10229.533333333333,15.000000000000002,13.874519209596166,5.520573652098464
2036-03-21T00:00:00.000,10229.533333333333,29.999999999999996,13.874519209596166,5.520573652098463
2036-03-21T00:00:00.000,11285.08888888889,-29.999999999999996,12.715489577651502,5.520573652098464
2036-03-21T00:00:00.000,11285.08888888889,-14.999999999999998,12.715489577651502,5.520573652098464
2036-03-21T00:00:00.000,11285.08888888889,0.0,12.715489577651502,5.520573652098464
2036-03-21T00:00:00.000,11285.08888888889,15.000000000000002,12.715489577651502,5.520573652098464
2036-03-21T00:00:00.000,11285.08888888889,29.999999999999996,12.715489577651502,5.520573652098464
2036-03-21T00:00:00.000,12340.644444444446,-29.999999999999996,11.735489198379572,5.520573652098464
2036-03-21T00:00:00.000,12340.644444444446,-14.999999999999998,11.735489198379572,5.520573652098464
2036-03-21T00:00:00.000,12340.644444444446,0.0,11.735489198379572,5.520573652098464
2036-03-21T00:00:00.000,12340.644444444446,15.000000000000002,11.735489198379572,5.520573652098464
2036-03-21T00:00:00.000,12340.644444444446,29.999999999999996,11.735489198379572,5.520573652098464
2036-03-21T00:00:00.000,13396.2,-29.999999999999996,10.895952704403541,5.520573652098464
2036-03-21T00:00:00.000,13396.2,-14.999999999999998,10.895952704403541,5.520573652098464
2036-03-21T00:00:00.000,13396.2,0.0,10.895952704403541,5.520573652098465
2036-03-21T00:00:00.000,13396.2,15.000000000000002,10.895952704403541,5.520573652098464
2036-03-21T00:00:00.000,13396.2,29.999999999999996,10.895952704403541,5.520573652098464
2035-09-08T00:00:00.000,3896.2,-29.999999999999996,16.028244565665645,8.237270805957259
2035-09-08T00:00:00.000,3896.2,-14.999999999999998,16.028244565665645,8.237270805957257
2035-09-08T00:00:00.000,3896.2,0.0,16.028244565665645,8.237270805957257
2035-09-08T00:00:00.000,3896.2,15.000000000000002,16.028244565665645,8.237270805957259
2035-09-08T00:00:00.000,3896.2,29.999999999999996,16.028244565665645,8.237270805957259
2035-09-08T00:00:00.000,4951.7555555555555,-29.999999999999996,12.983241101665932,8.237270805957257
2035-09-08T00:00:00.000,4951.7555555555555,-14.999999999999998,12.983241101665932,8.237270805957257
2035-09-08T00:00:00.000,4951.7555555555555,0.0,12.983241101665932,8.237270805957257
2035-09-08T00:00:00.000,4951.7555555555555,15.000000000000002,12.983241101665932,8.237270805957257
2035-09-08T00:00:00.000,4951.7555555555555,29.999999999999996,12.983241101665932,8.237270805957257
2035-09-08T00:00:00.000,6007.311111111111,-29.999999999999996,10.911979715210691,8.237270805957257
2035-09-08T00:00:00.000,6007.311111111111,-14.999999999999998,10.911979715210691,8.237270805957257
2035-09-08T00:00:00.000,6007.311111111111,0.0,10.911979715210691,8.237270805957257
2035-09-08T00:00:00.000,6007.311111111111,15.000000000000002,10.911979715210691,8.237270805957257
2035-09-08T00:00:00.000,6007.311111111111,29.999999999999996,10.911979715210691,8.237270805957257
2035-09-08T00:00:00.000,7062.866666666667,-29.999999999999996,9.411309584395754,8.237270805957257
2035-09-08T00:00:00.000,7062.866666666667,-14.999999999999998,9.411309584395754,8.237270805957257
2035-09-08T00:00:00.000,7062.866666666667,0.0,9.411309584395754,8.237270805957257
2035-09-08T00:00:00.000,7062.866666666667,15.000000000000002,9.411309584395754,8.237270805957257
2035-09-08T00:00:00.000,7062.866666666667,29.999999999999996,9.411309584395754,8.237270805957257
2035-09-08T00:00:00.000,8118.422222222222,-29.999999999999996,8.273813914872068,8.237270805957257
2035-09-08T00:00:00.000,8118.422222222222,-14.999999999999998,8.273813914872068,8.237270805957257
2035-09-08T00:00:00.000,8118.422222222222,0.0,8.273813914872068,8.237270805957259
2035-09-08T00:00:00.000,8118.422222222222,15.000000000000002,8.273813914872068,8.237270805957257
2035-09-08T00:00:00.000,8118.422222222222,29.999999999999996,8.273813914872068,8.237270805957257
2035-09-08T00:00:00.000,9173.977777777778,-29.999999999999996,7.3818048571809705,8.237270805957257
2035-09-08T00:00:00.000,9173.977777777778,-14.999999999999998,7.3818048571809705,8.237270805957255
2035-09-08T00:00:00.000,9173.977777777778,0.0,7.3818048571809705,8.237270805957257
2035-09-08T00:00:00.000,9173.977777777778,15.000000000000002,7.3818048571809705,8.237270805957257
2035-09-08T00:00:00.000,9173.977777777778,29.999999999999996,7.3818048571809705,8.237270805957257
2035-09-08T00:00:00.000,10229.533333333333,-29.999999999999996,6.663512913487047,8.237270805957257
2035-09-08T00:00:00.000,10229.533333333333,-14.999999999999998,6.663512913487047,8.237270805957259
2035-09-08T00:00:00.000,10229.533333333333,0.0,6.663512913487047,8.237270805957257
2035-09-08T00:00:00.000,10229.533333333333,15.000000000000002,6.663512913487047,8.237270805957257
2035-09-08T00:00:00.000,10229.533333333333,29.999999999999996,6.663512913487047,8.237270805957257
2035-09-08T00:00:00.000,11285.08888888889,-29.999999999999996,6.072672656829109,8.237270805957257
2035-09-08T00:00:00.000,11285.08888888889,-14.999999999999998,6.072672656829109,8.237270805957257
2035-09-08T00:00:00.000,11285.08888888889,0.0,6.072672656829109,8.237270805957257
2035-09-08T00:00:00.000,11285.08888888889,15.000000000000002,6.072672656829109,8.237270805957257
2035-09-08T00:00:00.000,11285.08888888889,29.999999999999996,6.072672656829109,8.237270805957257
2035-09-08T00:00:00.000,12340.644444444446,-29.999999999999996,5.578114010739771,8.237270805957257
2035-09-08T00:00:00.000,12340.644444444446,-14.999999999999998,5.578114010739771,8.237270805957257
2035-09-08T00:00:00.000,12340.644444444446,0.0,5.578114010739771,8.237270805957257
2035-09-08T00:00:00.000,12340.644444444446,15.000000000000002,5.578114010739771,8.237270805957257
2035-09-08T00:00:00.000,12340.644444444446,29.999999999999996,5.578114010739771,8.237270805957257
2035-09-08T00:00:00.000,13396.2,-29.999999999999996,5.158068048629973,8.237270805957257
2035-09-08T00:00:00.000,13396.2,-14.999999999999998,5.158068048629973,8.237270805957257
2035-09-08T00:00:00.000,13396.2,0.0,5.158068048629973,8.237270805957255
2035-09-08T00:00:00.000,13396.2,15.000000000000002,5.158068048629973,8.237270805957257
2035-09-08T00:00:00.000,13396.2,29.999999999999996,5.158068048629973,8.237270805957257
2035-10-28T00:00:00.000,3896.2,-29.999999999999996,9.761669255182822,10.872084331099222
2035-10-28T00:00:00.000,3896.2,-14.999999999999998,9.761669255182822,10.872084331099222
2035-10-28T00:00:00.000,3896.2,0.0,9.761669255182822,10.872084331099222
2035-10-28T00:00:00.000,3896.2,15.000000000000002,9.761669255182822,10.872084331099222
2035-10-28T00:00:00.000,3896.2,29.999999999999996,9.761669255182822,10.872084331099222
2035-10-28T00:00:00.000,4951.7555555555555,-29.999999999999996,7.81928374661273,10.87208433109922
2035-10-28T00:00:00.000,4951.7555555555555,-14.999999999999998,7.81928374661273,10.872084331099222
2035-10-28T00:00:00.000,4951.7555555555555,0.0,7.81928374661273,10.87208433109922
2035-10-28T00:00:00.000,4951.7555555555555,15.000000000000002,7.81928374661273,10.87208433109922
2035-10-28T00:00:00.000,4951.7555555555555,29.999999999999996,7.81928374661273,10.87208433109922
2035-10-28T00:00:00.000,6007.311111111111,-29.999999999999996,6.521957835790921,10.872084331099222
2035-10-28T00:00:00.000,6007.311111111111,-14.999999999999998,6.521957835790921,10.872084331099222
2035-10-28T00:00:00.000,6007.311111111111,0.0,6.521957835790921,10.872084331099222
2035-10-28T00:00:00.000,6007.311111111111,15.000000000000002,6.521957835790921,10.872084331099222
2035-10-28T00:00:00.000,6007.311111111111,29.999999999999996,6.521957835790921,10.872084331099222
2035-10-28T00:00:00.000,7062.866666666667,-29.999999999999996,5.594007140600775,10.872084331099222
2035-10-28T00:00:00.000,7062.866666666667,-14.999999999999998,5.594007140600775,10.872084331099222
2035-10-28T00:00:00.000,7062.866666666667,0.0,5.594007140600775,10.872084331099222
2035-10-28T00:00:00.000,7062.866666666667,15.000000000000002,5.594007140600775,10.872084331099222
2035-10-28T00:00:00.000,7062.866666666667,29.999999999999996,5.594007140600775,10.872084331099222
2035-10-28T00:00:00.000,8118.422222222222,-29.999999999999996,4.897295564673353,10.872084331099222
2035-10-28T00:00:00.000,8118.422222222222,-14.999999999999998,4.897295564673353,10.872084331099222
2035-10-28T00:00:00.000,8118.422222222222,0.0,4.897295564673353,10.872084331099222
2035-10-28T00:00:00.000,8118.422222222222,15.000000000000002,4.897295564673353,10.872084331099222
2035-10-28T00:00:00.000,8118.422222222222,29.999999999999996,4.897295564673353,10.872084331099222
2035-10-28T00:00:00.000,9173.977777777778,-29.999999999999996,4.35494601586935,10.872084331099222
2035-10-28T00:00:00.000,9173.977777777778,-14.999999999999998,4.35494601586935,10.872084331099222
2035-10-28T00:00:00.000,9173.977777777778,0.0,4.35494601586935,10.872084331099222
2035-10-28T00:00:00.000,9173.977777777778,15.000000000000002,4.35494601586935,10.872084331099222
2035-10-28T00:00:00.000,9173.977777777778,29.999999999999996,4.35494601586935,10.872084331099222
2035-10-28T00:00:00.000,10229.533333333333,-29.999999999999996,3.9207654700019514,10.872084331099222
2035-10-28T00:00:00.000,10229.533333333333,-14.999999999999998,3.9207654700019514,10.872084331099222
2035-10-28T00:00:00.000,10229.533333333333,0.0,3.9207654700019514,10.872084331099222
2035-10-28T00:00:00.000,10229.533333333333,15.000000000000002,3.9207654700019514,10.872084331099222
2035-10-28T00:00:00.000,10229.533333333333,29.999999999999996,3.9207654700019514,10.872084331099222
2035-10-28T00:00:00.000,11285.08888888889,-29.999999999999996,3.5653229523252845,10.872084331099222
2035-10-28T00:00:00.000,11285.08888888889,-14.999999999999998,3.5653229523252845,10.872084331099222
2035-10-28T00:00:00.000,11285.08888888889,0.0,3.5653229523252845,10.872084331099222
2035-10-28T00:00:00.000,11285.08888888889,15.000000000000002,3.5653229523252845,10.872084331099222
2035-10-28T00:00:00.000,11285.08888888889,29.999999999999996,3.5653229523252845,10.872084331099222
2035-10-28T00:00:00.000,12340.644444444446,-29.999999999999996,3.2689779030846764,10.872084331099222
2035-10-28T00:00:00.000,12340.644444444446,-14.999999999999998,3.2689779030846764,10.872084331099222
2035-10-28T00:00:00.000,12340.644444444446,0.0,3.2689779030846764,10.872084331099222
2035-10-28T00:00:00.000,12340.644444444446,15.000000000000002,3.2689779030846764,10.872084331099222
2035-10-28T00:00:00.000,12340.644444444446,29.999999999999996,3.2689779030846764,10.872084331099222
2035-10-28T00:00:00.000,13396.2,-29.999999999999996,3.018121253464998,10.872084331099222
2035-10-28T00:00:00.000,13396.2,-14.999999999999998,3.018121253464998,10.872084331099222
2035-10-28T00:00:00.000,13396.2,0.0,3.018121253464998,10.872084331099222
2035-10-28T00:00:00.000,13396.2,15.000000000000002,3.018121253464998,10.872084331099222
2035-10-28T00:00:00.000,13396.2,29.999999999999996,3.018121253464998,10.872084331099222
2035-12-17T00:00:00.000,3896.2,-29.999999999999996,62.00529948907006,3.2169539397708093
2035-12-17T00:00:00.000,3896.2,-14.999999999999998,62.00529948907006,3.2169539397708093
2035-12-17T00:00:00.000,3896.2,0.0,62.00529948907006,3.216953939770809
2035-12-17T00:00:00.000,3896.2,15.000000000000002,62.00529948907006,3.2169539397708093
2035-12-17T00:00:00.000,3896.2,29.999999999999996,62.00529948907006,3.2169539397708093
2035-12-17T00:00:00.000,4951.7555555555555,-29.999999999999996,54.164242596563014,3.216953939770809
2035-12-17T00:00:00.000,4951.7555555555555,-14.999999999999998,54.164242596563014,3.216953939770809
2035-12-17T00:00:00.000,4951.7555555555555,0.0,54.164242596563014,3.2169539397708085
2035-12-17T00:00:00.000,4951.7555555555555,15.000000000000002,54.164242596563014,3.216953939770809
2035-12-17T00:00:00.000,4951.7555555555555,29.999999999999996,54.164242596563014,3.2169539397708093
2035-12-17T00:00:00.000,6007.311111111111,-29.999999999999996,48.146184182517786,3.2169539397708093
2035-12-17T00:00:00.000,6007.311111111111,-14.999999999999998,48.146184182517786,3.2169539397708093
2035-12-17T00:00:00.000,6007.311111111111,0.0,48.146184182517786,3.2169539397708093
2035-12-17T00:00:00.000,6007.311111111111,15.000000000000002,48.146184182517786,3.2169539397708093
2035-12-17T00:00:00.000,6007.311111111111,29.999999999999996,48.146184182517786,3.216953939770809
2035-12-17T00:00:00.000,7062.866666666667,-29.999999999999996,43.365037365444344,3.216953939770809
2035-12-17T00:00:00.000,7062.866666666667,-14.999999999999998,43.365037365444344,3.216953939770809
2035-12-17T00:00:00.000,7062.866666666667,0.0,43.365037365444344,3.2169539397708093
2035-12-17T00:00:00.000,7062.866666666667,15.000000000000002,43.365037365444344,3.216953939770809
2035-12-17T00:00:00.000,7062.866666666667,29.999999999999996,43.365037365444344,3.216953939770809
2035-12-17T00:00:00.000,8118.422222222222,-29.999999999999996,39.46696435671127,3.216953939770809
2035-12-17T00:00:00.000,8118.422222222222,-14.999999999999998,39.46696435671127,3.216953939770809
2035-12-17T00:00:00.000,8118.422222222222,0.0,39.46696435671127,3.216953939770809
2035-12-17T00:00:00.000,8118.422222222222,15.000000000000002,39.46696435671127,3.2169539397708093
2035-12-17T00:00:00.000,8118.422222222222,29.999999999999996,39.46696435671127,3.216953939770809
2035-12-17T00:00:00.000,9173.977777777778,-29.999999999999996,36.22372485247325,3.216953939770809
2035-12-17T00:00:00.000,9173.977777777778,-14.999999999999998,36.22372485247325,3.2169539397708093
2035-12-17T00:00:00.000,9173.977777777778,0.0,36.22372485247325,3.216953939770809
2035-12-17T00:00:00.000,9173.977777777778,15.000000000000002,36.22372485247325,3.2169539397708093
2035-12-17T00:00:00.000,9173.977777777778,29.999999999999996,36.22372485247325,3.216953939770809
2035-12-17T00:00:00.000,10229.533333333333,-29.999999999999996,33.48066890604216,3.216953939770809
2035-12-17T00:00:00.000,10229.533333333333,-14.999999999999998,33.48066890604216,3.216953939770809
2035-12-17T00:00:00.000,10229.533333333333,0.0,33.48066890604216,3.2169539397708093
2035-12-17T00:00:00.000,10229.533333333333,15.000000000000002,33.48066890604216,3.216953939770809
2035-12-17T00:00:00.000,10229.533333333333,29.999999999999996,33.48066890604216,3.216953939770809
2035-12-17T00:00:00.000,11285.08888888889,-29.999999999999996,31.12891265763031,3.216953939770809
2035-12-17T00:00:00.000,11285.08888888889,-14.999999999999998,31.12891265763031,3.2169539397708093
2035-12-17T00:00:00.000,11285.08888888889,0.0,31.12891265763031,3.2169539397708093
2035-12-17T00:00:00.000,11285.08888888889,15.000000000000002,31.12891265763031,3.216953939770809
2035-12-17T00:00:00.000,11285.08888888889,29.999999999999996,31.12891265763031,3.216953939770809
2035-12-17T00:00:00.000,12340.644444444446,-29.999999999999996,29.089387519973254,3.216953939770809
2035-12-17T00:00:00.000,12340.644444444446,-14.999999999999998,29.089387519973254,3.2169539397708093
2035-12-17T00:00:00.000,12340.644444444446,0.0,29.089387519973254,3.216953939770809
2035-12-17T00:00:00.000,12340.644444444446,15.000000000000002,29.089387519973254,3.2169539397708093
2035-12-17T00:00:00.000,12340.644444444446,29.999999999999996,29.089387519973254,3.2169539397708093
2035-12-17T00:00:00.000,13396.2,-29.999999999999996,27.303189700579605,3.2169539397708093
2035-12-17T00:00:00.000,13396.2,-14.999999999999998,27.303189700579605,3.216953939770809
2035-12-17T00:00:00.000,13396.2,0.0,27.303189700579605,3.216953939770809
2035-12-17T00:00:00.000,13396.2,15.000000000000002,27.303189700579605,3.216953939770809
2035-12-17T00:00:00.000,13396.2,29.999999999999996,27.303189700579605,3.216953939770809
2036-02-05T00:00:00.000,3896.2,-29.999999999999996,48.14955185263488,3.9942952081148637
2036-02-05T00:00:00.000,3896.2,-14.999999999999998,48.14955185263488,3.9942952081148633
2036-02-05T00:00:00.000,3896.2,0.0,48.14955185263488,3.994295208114863
2036-02-05T00:00:00.000,3896.2,15.000000000000002,48.14955185263488,3.9942952081148633
2036-02-05T00:00:00.000,3896.2,29.999999999999996,48.14955185263488,3.9942952081148633
2036-02-05T00:00:00.000,4951.7555555555555,-29.999999999999996,41.16310512667584,3.9942952081148633
2036-02-05T00:00:00.000,4951.7555555555555,-14.999999999999998,41.16310512667584,3.994295208114863
2036-02-05T00:00:00.000,4951.7555555555555,0.0,41.16310512667584,3.994295208114863
2036-02-05T00:00:00.000,4951.7555555555555,15.000000000000002,41.16310512667584,3.9942952081148624
2036-02-05T00:00:00.000,4951.7555555555555,29.999999999999996,41.16310512667584,3.9942952081148633
2036-02-05T00:00:00.000,6007.311111111111,-29.999999999999996,35.979631509234444,3.9942952081148633
2036-02-05T00:00:00.000,6007.311111111111,-14.999999999999998,35.979631509234444,3.994295208114863
2036-02-05T00:00:00.000,6007.311111111111,0.0,35.979631509234444,3.9942952081148633
2036-02-05T00:00:00.000,6007.311111111111,15.000000000000002,35.979631509234444,3.994295208114863
2036-02-05T00:00:00.000,6007.311111111111,29.999999999999996,35.979631509234444,3.9942952081148633
2036-02-05T00:00:00.000,7062.866666666667,-29.999999999999996,31.97195861144401,3.994295208114863
2036-02-05T00:00:00.000,7062.866666666667,-14.999999999999998,31.97195861144401,3.9942952081148633
2036-02-05T00:00:00.000,7062.866666666667,0.0,31.97195861144401,3.9942952081148624
2036-02-05T00:00:00.000,7062.866666666667,15.000000000000002,31.97195861144401,3.994295208114863
2036-02-05T00:00:00.000,7062.866666666667,29.999999999999996,31.97195861144401,3.994295208114863
2036-02-05T00:00:00.000,8118.422222222222,-29.999999999999996,28.776629059008343,3.9942952081148637
2036-02-05T00:00:00.000,8118.422222222222,-14.999999999999998,28.776629059008343,3.9942952081148633
2036-02-05T00:00:00.000,8118.422222222222,0.0,28.776629059008343,3.9942952081148633
2036-02-05T00:00:00.000,8118.422222222222,15.000000000000002,28.776629059008343,3.9942952081148633
2036-02-05T00:00:00.000,8118.422222222222,29.999999999999996,28.776629059008343,3.9942952081148633
2036-02-05T00:00:00.000,9173.977777777778,-29.999999999999996,26.167282688857174,3.9942952081148633
2036-02-05T00:00:00.000,9173.977777777778,-14.999999999999998,26.167282688857174,3.994295208114863
2036-02-05T00:00:00.000,9173.977777777778,0.0,26.167282688857174,3.9942952081148633
2036-02-05T00:00:00.000,9173.977777777778,15.000000000000002,26.167282688857174,3.9942952081148633
2036-02-05T00:00:00.000,9173.977777777778,29.999999999999996,26.167282688857174,3.9942952081148633
2036-02-05T00:00:00.000,10229.533333333333,-29.999999999999996,23.995118135631525,3.9942952081148637
2036-02-05T00:00:00.000,10229.533333333333,-14.999999999999998,23.995118135631525,3.9942952081148633
2036-02-05T00:00:00.000,10229.533333333333,0.0,23.995118135631525,3.994295208114863
2036-02-05T00:00:00.000,10229.533333333333,15.000000000000002,23.995118135631525,3.9942952081148633
2036-02-05T00:00:00.000,10229.533333333333,29.999999999999996,23.995118135631525,3.9942952081148637
2036-02-05T00:00:00.000,11285.08888888889,-29.999999999999996,22.158091690529123,3.9942952081148637
2036-02-05T00:00:00.000,11285.08888888889,-14.999999999999998,22.158091690529123,3.9942952081148633
2036-02-05T00:00:00.000,11285.08888888889,0.0,22.158091690529123,3.9942952081148633
2036-02-05T00:00:00.000,11285.08888888889,15.000000000000002,22.158091690529123,3.9942952081148633
2036-02-05T00:00:00.000,11285.08888888889,29.999999999999996,22.158091690529123,3.9942952081148633
2036-02-05T00:00:00.000,12340.644444444446,-29.999999999999996,20.583792064289796,3.9942952081148637
2036-02-05T00:00:00.000,12340.644444444446,-14.999999999999998,20.583792064289796,3.9942952081148633
2036-02-05T00:00:00.000,12340.644444444446,0.0,20.583792064289796,3.9942952081148633
2036-02-05T00:00:00.000,12340.644444444446,15.000000000000002,20.583792064289796,3.9942952081148633
2036-02-05T00:00:00.000,12340.644444444446,29.999999999999996,20.583792064289796,3.9942952081148633
2036-02-05T00:00:00.000,13396.2,-29.999999999999996,19.219362709480084,3.9942952081148637
2036-02-05T00:00:00.000,13396.2,-14.999999999999998,19.219362709480084,3.9942952081148633
2036-02-05T00:00:00.000,13396.2,0.0,19.219362709480084,3.9942952081148633
2036-02-05T00:00:00.000,13396.2,15.000000000000002,19.219362709480084,3.9942952081148633
2036-02-05T00:00:00.000,13396.2,29.999999999999996,19.219362709480084,3.9942952081148633
2036-03-26T00:00:00.000,3896.2,-29.999999999999996,32.32602970024938,5.33814008377397
2036-03-26T00:00:00.000,3896.2,-14.999999999999998,32.32602970024938,5.33814008377397
2036-03-26T00:00:00.000,3896.2,0.0,32.32602970024938,5.33814008377397
2036-03-26T00:00:00.000,3896.2,15.000000000000002,32.32602970024938,5.33814008377397
2036-03-26T00:00:00.000,3896.2,29.999999999999996,32.32602970024938,5.338140083773971
2036-03-26T00:00:00.000,4951.7555555555555,-29.999999999999996,26.929671459267954,5.33814008377397
2036-03-26T00:00:00.000,4951.7555555555555,-14.999999999999998,26.929671459267954,5.33814008377397
2036-03-26T00:00:00.000,4951.7555555555555,0.0,26.929671459267954,5.33814008377397
2036-03-26T00:00:00.000,4951.7555555555555,15.000000000000002,26.929671459267954,5.33814008377397
2036-03-26T00:00:00.000,4951.7555555555555,29.999999999999996,26.929671459267954,5.33814008377397
2036-03-26T00:00:00.000,6007.311111111111,-29.999999999999996,23.088204225962585,5.33814008377397
2036-03-26T00:00:00.000,6007.311111111111,-14.999999999999998,23.088204225962585,5.33814008377397
2036-03-26T00:00:00.000,6007.311111111111,0.0,23.088204225962585,5.33814008377397
2036-03-26T00:00:00.000,6007.311111111111,15.000000000000002,23.088204225962585,5.33814008377397
2036-03-26T00:00:00.000,6007.311111111111,29.999999999999996,23.088204225962585,5.33814008377397
2036-03-26T00:00:00.000,7062.866666666667,-29.999999999999996,20.211019957111382,5.33814008377397
2036-03-26T00:00:00.000,7062.866666666667,-14.999999999999998,20.211019957111382,5.338140083773969
2036-03-26T00:00:00.000,7062.866666666667,0.0,20.211019957111382,5.33814008377397
2036-03-26T00:00:00.000,7062.866666666667,15.000000000000002,20.211019957111382,5.338140083773969
2036-03-26T00:00:00.000,7062.866666666667,29.999999999999996,20.211019957111382,5.33814008377397
2036-03-26T00:00:00.000,8118.422222222222,-29.999999999999996,17.974152429611802,5.33814008377397
2036-03-26T00:00:00.000,8118.422222222222,-14.999999999999998,17.974152429611802,5.33814008377397
2036-03-26T00:00:00.000,8118.422222222222,0.0,17.974152429611802,5.338140083773971
2036-03-26T00:00:00.000,8118.422222222222,15.000000000000002,17.974152429611802,5.33814008377397
2036-03-26T00:00:00.000,8118.422222222222,29.999999999999996,17.974152429611802,5.338140083773971
2036-03-26T00:00:00.000,9173.977777777778,-29.999999999999996,16.18459297098408,5.33814008377397
2036-03-26T00:00:00.000,9173.977777777778,-14.999999999999998,16.18459297098408,5.338140083773969
2036-03-26T00:00:00.000,9173.977777777778,0.0,16.18459297098408,5.338140083773969
2036-03-26T00:00:00.000,9173.977777777778,15.000000000000002,16.18459297098408,5.338140083773969
2036-03-26T00:00:00.000,9173.977777777778,29.999999999999996,16.18459297098408,5.338140083773969
2036-03-26T00:00:00.000,10229.533333333333,-29.999999999999996,14.720021076566285,5.33814008377397
2036-03-26T00:00:00.000,10229.533333333333,-14.999999999999998,14.720021076566285,5.33814008377397
2036-03-26T00:00:00.000,10229.533333333333,0.0,14.720021076566285,5.33814008377397
2036-03-26T00:00:00.000,10229.533333333333,15.000000000000002,14.720021076566285,5.33814008377397
2036-03-26T00:00:00.000,10229.533333333333,29.999999999999996,14.720021076566285,5.33814008377397
2036-03-26T00:00:00.000,11285.08888888889,-29.999999999999996,13.499086958183051,5.33814008377397
2036-03-26T00:00:00.000,11285.08888888889,-14.999999999999998,13.499086958183051,5.338140083773971
2036-03-26T00:00:00.000,11285.08888888889,0.0,13.499086958183051,5.338140083773971
2036-03-26T00:00:00.000,11285.08888888889,15.000000000000002,13.499086958183051,5.33814008377397
2036-03-26T00:00:00.000,11285.08888888889,29.999999999999996,13.499086958183051,5.338140083773971
2036-03-26T00:00:00.000,12340.644444444446,-29.999999999999996,12.465551260366972,5.33814008377397
2036-03-26T00:00:00.000,12340.644444444446,-14.999999999999998,12.465551260366972,5.33814008377397
2036-03-26T00:00:00.000,12340.644444444446,0.0,12.465551260366972,5.33814008377397
2036-03-26T00:00:00.000,12340.644444444446,15.000000000000002,12.465551260366972,5.33814008377397
2036-03-26T00:00:00.000,12340.644444444446,29.999999999999996,12.465551260366972,5.33814008377397
2036-03-26T00:00:00.000,13396.2,-29.999999999999996,11.579274903985297,5.33814008377397
2036-03-26T00:00:00.000,13396.2,-14.999999999999998,11.579274903985297,5.33814008377397
2036-03-26T00:00:00.000,13396.2,0.0,11.579274903985297,5.33814008377397
2036-03-26T00:00:00.000,13396.2,15.000000000000002,11.579274903985297,5.33814008377397
2036-03-26T00:00:00.000,13396.2,29.999999999999996,11.579274903985297,5.338140083773971
2035-09-13T00:00:00.000,3896.2,-29.999999999999996,17.208642058727452,7.904493819758987
2035-09-13T00:00:00.000,3896.2,-14.999999999999998,17.208642058727452,7.904493819758987
2035-09-13T00:00:00.000,3896.2,0.0,17.208642058727452,7.904493819758987
2035-09-13T00:00:00.000,3896.2,15.000000000000002,17.208642058727452,7.904493819758987
2035-09-13T00:00:00.000,3896.2,29.999999999999996,17.208642058727452,7.9044938197589865
2035-09-13T00:00:00.000,4951.7555555555555,-29.999999999999996,13.968420765739099,7.9044938197589865
2035-09-13T00:00:00.000,4951.7555555555555,-14.999999999999998,13.968420765739099,7.9044938197589865
2035-09-13T00:00:00.000,4951.7555555555555,0.0,13.968420765739099,7.904493819758987
2035-09-13T00:00:00.000,4951.7555555555555,15.000000000000002,13.968420765739099,7.9044938197589865
2035-09-13T00:00:00.000,4951.7555555555555,29.999999999999996,13.968420765739099,7.9044938197589865
2035-09-13T00:00:00.000,6007.311111111111,-29.999999999999996,11.756881257897597,7.904493819758988
2035-09-13T00:00:00.000,6007.311111111111,-14.999999999999998,11.756881257897597,7.9044938197589865
2035-09-13T00:00:00.000,6007.311111111111,0.0,11.756881257897597,7.904493819758987
2035-09-13T00:00:00.000,6007.311111111111,15.000000000000002,11.756881257897597,7.9044938197589865
2035-09-13T00:00:00.000,6007.311111111111,29.999999999999996,11.756881257897597,7.904493819758987
2035-09-13T00:00:00.000,7062.866666666667,-29.999999999999996,10.150702977904471,7.904493819758987
2035-09-13T00:00:00.000,7062.866666666667,-14.999999999999998,10.150702977904471,7.9044938197589865
2035-09-13T00:00:00.000,7062.866666666667,0.0,10.150702977904471,7.9044938197589865
2035-09-13T00:00:00.000,7062.866666666667,15.000000000000002,10.150702977904471,7.904493819758987
2035-09-13T00:00:00.000,7062.866666666667,29.999999999999996,10.150702977904471,7.904493819758987
2035-09-13T00:00:00.000,8118.422222222222,-29.999999999999996,8.931028666651898,7.9044938197589865
2035-09-13T00:00:00.000,8118.422222222222,-14.999999999999998,8.931028666651898,7.904493819758987
2035-09-13T00:00:00.000,8118.422222222222,0.0,8.931028666651898,7.904493819758987
2035-09-13T00:00:00.000,8118.422222222222,15.000000000000002,8.931028666651898,7.9044938197589865
2035-09-13T00:00:00.000,8118.422222222222,29.999999999999996,8.931028666651898,7.904493819758987
2035-09-13T00:00:00.000,9173.977777777778,-29.999999999999996,7.973229908641776,7.904493819758987
2035-09-13T00:00:00.000,9173.977777777778,-14.999999999999998,7.973229908641776,7.904493819758987
2035-09-13T00:00:00.000,9173.977777777778,0.0,7.973229908641776,7.904493819758987
2035-09-13T00:00:00.000,9173.977777777778,15.000000000000002,7.973229908641776,7.904493819758987
2035-09-13T00:00:00.000,9173.977777777778,29.999999999999996,7.973229908641776,7.904493819758987
2035-09-13T00:00:00.000,10229.533333333333,-29.999999999999996,7.201092137416169,7.9044938197589865
2035-09-13T00:00:00.000,10229.533333333333,-14.999999999999998,7.201092137416169,7.9044938197589865
2035-09-13T00:00:00.000,10229.533333333333,0.0,7.201092137416169,7.904493819758987
2035-09-13T00:00:00.000,10229.533333333333,15.000000000000002,7.201092137416169,7.9044938197589865
2035-09-13T00:00:00.000,10229.533333333333,29.999999999999996,7.201092137416169,7.9044938197589865
2035-09-13T00:00:00.000,11285.08888888889,-29.999999999999996,6.5653749323033885,7.9044938197589865
2035-09-13T00:00:00.000,11285.08888888889,-14.999999999999998,6.5653749323033885,7.904493819758986
2035-09-13T00:00:00.000,11285.08888888889,0.0,6.5653749323033885,7.904493819758986
2035-09-13T00:00:00.000,11285.08888888889,15.000000000000002,6.5653749323033885,7.9044938197589865
2035-09-13T00:00:00.000,11285.08888888889,29.999999999999996,6.5653749323033885,7.904493819758986
2035-09-13T00:00:00.000,12340.644444444446,-29.999999999999996,6.032843489237024,7.904493819758987
2035-09-13T00:00:00.000,12340.644444444446,-14.999999999999998,6.032843489237024,7.9044938197589865
2035-09-13T00:00:00.000,12340.644444444446,0.0,6.032843489237024,7.9044938197589865
2035-09-13T00:00:00.000,12340.644444444446,15.000000000000002,6.032843489237024,7.904493819758987
2035-09-13T00:00:00.000,12340.644444444446,29.999999999999996,6.032843489237024,7.9044938197589865
2035-09-13T00:00:00.000,13396.2,-29.999999999999996,5.580251698771294,7.904493819758988
2035-09-13T00:00:00.000,13396.2,-14.999999999999998,5.580251698771294,7.904493819758987
2035-09-13T00:00:00.000,13396.2,0.0,5.580251698771294,7.904493819758987
2035-09-13T00:00:00.000,13396.2,15.000000000000002,5.580251698771294,7.904493819758987
2035-09-13T00:00:00.000,13396.2,29.999999999999996,5.580251698771294,7.904493819758987
2035-11-02T00:00:00.000,3896.2,-29.999999999999996,26.486718791499857,6.082006892181083
2035-11-02T00:00:00.000,3896.2,-14.999999999999998,26.486718791499857,6.082006892181083
2035-11-02T00:00:00.000,3896.2,0.0,26.486718791499857,6.082006892181083
2035-11-02T00:00:00.000,3896.2,15.000000000000002,26.486718791499857,6.082006892181082
2035-11-02T00:00:00.000,3896.2,29.999999999999996,26.486718791499857,6.082006892181082
2035-11-02T00:00:00.000,4951.7555555555555,-29.999999999999996,21.848134391835046,6.082006892181083
2035-11-02T00:00:00.000,4951.7555555555555,-14.999999999999998,21.848134391835046,6.082006892181083
2035-11-02T00:00:00.000,4951.7555555555555,0.0,21.848134391835046,6.082006892181083
2035-11-02T00:00:00.000,4951.7555555555555,15.000000000000002,21.848134391835046,6.082006892181083
2035-11-02T00:00:00.000,4951.7555555555555,29.999999999999996,21.848134391835046,6.082006892181083
2035-11-02T00:00:00.000,6007.311111111111,-29.999999999999996,18.598379717333607,6.082006892181083
2035-11-02T00:00:00.000,6007.311111111111,-14.999999999999998,18.598379717333607,6.082006892181083
2035-11-02T00:00:00.000,6007.311111111111,0.0,18.598379717333607,6.082006892181083
2035-11-02T00:00:00.000,6007.311111111111,15.000000000000002,18.598379717333607,6.082006892181083
2035-11-02T00:00:00.000,6007.311111111111,29.999999999999996,18.598379717333607,6.082006892181082
2035-11-02T00:00:00.000,7062.866666666667,-29.999999999999996,16.19306601688932,6.082006892181082
2035-11-02T00:00:00.000,7062.866666666667,-14.999999999999998,16.19306601688932,6.082006892181083
2035-11-02T00:00:00.000,7062.866666666667,0.0,16.19306601688932,6.082006892181083
2035-11-02T00:00:00.000,7062.866666666667,15.000000000000002,16.19306601688932,6.082006892181083
2035-11-02T00:00:00.000,7062.866666666667,29.999999999999996,16.19306601688932,6.082006892181083
2035-11-02T00:00:00.000,8118.422222222222,-29.999999999999996,14.340120974081803,6.082006892181083
2035-11-02T00:00:00.000,8118.422222222222,-14.999999999999998,14.340120974081803,6.082006892181083
2035-11-02T00:00:00.000,8118.422222222222,0.0,14.340120974081803,6.082006892181083
2035-11-02T00:00:00.000,8118.422222222222,15.000000000000002,14.340120974081803,6.082006892181083
2035-11-02T00:00:00.000,8118.422222222222,29.999999999999996,14.340120974081803,6.082006892181083
2035-11-02T00:00:00.000,9173.977777777778,-29.999999999999996,12.868503173123747,6.082006892181082
2035-11-02T00:00:00.000,9173.977777777778,-14.999999999999998,12.868503173123747,6.082006892181083
2035-11-02T00:00:00.000,9173.977777777778,0.0,12.868503173123747,6.082006892181083
2035-11-02T00:00:00.000,9173.977777777778,15.000000000000002,12.868503173123747,6.082006892181083
2035-11-02T00:00:00.000,9173.977777777778,29.999999999999996,12.868503173123747,6.082006892181083
2035-11-02T00:00:00.000,10229.533333333333,-29.999999999999996,11.671294581870578,6.082006892181083
2035-11-02T00:00:00.000,10229.533333333333,-14.999999999999998,11.671294581870578,6.082006892181083
2035-11-02T00:00:00.000,10229.533333333333,0.0,11.671294581870578,6.082006892181083
2035-11-02T00:00:00.000,10229.533333333333,15.000000000000002,11.671294581870578,6.082006892181083
2035-11-02T00:00:00.000,10229.533333333333,29.999999999999996,11.671294581870578,6.082006892181083
2035-11-02T00:00:00.000,11285.08888888889,-29.999999999999996,10.678185299480889,6.082006892181083
2035-11-02T00:00:00.000,11285.08888888889,-14.999999999999998,10.678185299480889,6.082006892181083
2035-11-02T00:00:00.000,11285.08888888889,0.0,10.678185299480889,6.082006892181083
2035-11-02T00:00:00.000,11285.08888888889,15.000000000000002,10.678185299480889,6.082006892181083
2035-11-02T00:00:00.000,11285.08888888889,29.999999999999996,10.678185299480889,6.082006892181083
2035-11-02T00:00:00.000,12340.644444444446,-29.999999999999996,9.84102292590464,6.082006892181083
2035-11-02T00:00:00.000,12340.644444444446,-14.999999999999998,9.84102292590464,6.082006892181083
2035-11-02T00:00:00.000,12340.644444444446,0.0,9.84102292590464,6.082006892181083
2035-11-02T00:00:00.000,12340.644444444446,15.000000000000002,9.84102292590464,6.082006892181082
2035-11-02T00:00:00.000,12340.644444444446,29.999999999999996,9.84102292590464,6.082006892181083
2035-11-02T00:00:00.000,13396.2,-29.999999999999996,9.125712935561534,6.082006892181083
2035-11-02T00:00:00.000,13396.2,-14.999999999999998,9.125712935561534,6.082006892181083
2035-11-02T00:00:00.000,13396.2,0.0,9.125712935561534,6.082006892181083
2035-11-02T00:00:00.000,13396.2,15.000000000000002,9.125712935561534,6.082006892181083
2035-11-02T00:00:00.000,13396.2,29.999999999999996,9.125712935561534,6.082006892181083
2035-12-22T00:00:00.000,3896.2,-29.999999999999996,63.731584404762856,3.1351547834683307
2035-12-22T00:00:00.000,3896.2,-14.999999999999998,63.731584404762856,3.135154783468331
2035-12-22T00:00:00.000,3896.2,0.0,63.731584404762856,3.135154783468331
2035-12-22T00:00:00.000,3896.2,15.000000000000002,63.731584404762856,3.1351547834683315
2035-12-22T00:00:00.000,3896.2,29.999999999999996,63.731584404762856,3.1351547834683307
2035-12-22T00:00:00.000,4951.7555555555555,-29.999999999999996,55.818032848972486,3.1351547834683307
2035-12-22T00:00:00.000,4951.7555555555555,-14.999999999999998,55.818032848972486,3.1351547834683307
2035-12-22T00:00:00.000,4951.7555555555555,0.0,55.818032848972486,3.1351547834683307
2035-12-22T00:00:00.000,4951.7555555555555,15.000000000000002,55.818032848972486,3.1351547834683307
2035-12-22T00:00:00.000,4951.7555555555555,29.999999999999996,55.818032848972486,3.13515478346833
2035-12-22T00:00:00.000,6007.311111111111,-29.999999999999996,49.71962493015834,3.1351547834683307
2035-12-22T00:00:00.000,6007.311111111111,-14.999999999999998,49.71962493015834,3.1351547834683307
2035-12-22T00:00:00.000,6007.311111111111,0.0,49.71962493015834,3.1351547834683307
2035-12-22T00:00:00.000,6007.311111111111,15.000000000000002,49.71962493015834,3.1351547834683307
2035-12-22T00:00:00.000,6007.311111111111,29.999999999999996,49.71962493015834,3.13515478346833
2035-12-22T00:00:00.000,7062.866666666667,-29.999999999999996,44.85848944979947,3.13515478346833
2035-12-22T00:00:00.000,7062.866666666667,-14.999999999999998,44.85848944979947,3.1351547834683307
2035-12-22T00:00:00.000,7062.866666666667,0.0,44.85848944979947,3.1351547834683307
2035-12-22T00:00:00.000,7062.866666666667,15.000000000000002,44.85848944979947,3.1351547834683307
2035-12-22T00:00:00.000,7062.866666666667,29.999999999999996,44.85848944979947,3.1351547834683307
2035-12-22T00:00:00.000,8118.422222222222,-29.999999999999996,40.884158017943456,3.1351547834683307
2035-12-22T00:00:00.000,8118.422222222222,-14.999999999999998,40.884158017943456,3.135154783468331
2035-12-22T00:00:00.000,8118.422222222222,0.0,40.884158017943456,3.1351547834683307
2035-12-22T00:00:00.000,8118.422222222222,15.000000000000002,40.884158017943456,3.1351547834683315
2035-12-22T00:00:00.000,8118.422222222222,29.999999999999996,40.884158017943456,3.1351547834683307
2035-12-22T00:00:00.000,9173.977777777778,-29.999999999999996,37.56964697431622,3.135154783468331
2035-12-22T00:00:00.000,9173.977777777778,-14.999999999999998,37.56964697431622,3.135154783468331
2035-12-22T00:00:00.000,9173.977777777778,0.0,37.56964697431622,3.1351547834683307
2035-12-22T00:00:00.000,9173.977777777778,15.000000000000002,37.56964697431622,3.1351547834683307
2035-12-22T00:00:00.000,9173.977777777778,29.999999999999996,37.56964697431622,3.1351547834683307
2035-12-22T00:00:00.000,10229.533333333333,-29.999999999999996,34.760604750346936,3.1351547834683307
2035-12-22T00:00:00.000,10229.533333333333,-14.999999999999998,34.760604750346936,3.135154783468331
2035-12-22T00:00:00.000,10229.533333333333,0.0,34.760604750346936,3.1351547834683307
2035-12-22T00:00:00.000,10229.533333333333,15.000000000000002,34.760604750346936,3.1351547834683307
2035-12-22T00:00:00.000,10229.533333333333,29.999999999999996,34.760604750346936,3.135154783468331
2035-12-22T00:00:00.000,11285.08888888889,-29.999999999999996,32.34801036291088,3.1351547834683307
2035-12-22T00:00:00.000,11285.08888888889,-14.999999999999998,32.34801036291088,3.135154783468331
2035-12-22T00:00:00.000,11285.08888888889,0.0,32.34801036291088,3.1351547834683307
2035-12-22T00:00:00.000,11285.08888888889,15.000000000000002,32.34801036291088,3.1351547834683307
2035-12-22T00:00:00.000,11285.08888888889,29.999999999999996,32.34801036291088,3.1351547834683307
2035-12-22T00:00:00.000,12340.644444444446,-29.999999999999996,30.252470096289272,3.1351547834683307
2035-12-22T00:00:00.000,12340.644444444446,-14.999999999999998,30.252470096289272,3.1351547834683307
2035-12-22T00:00:00.000,12340.644444444446,0.0,30.252470096289272,3.1351547834683307
2035-12-22T00:00:00.000,12340.644444444446,15.000000000000002,30.252470096289272,3.13515478346833
2035-12-22T00:00:00.000,12340.644444444446,29.999999999999996,30.252470096289272,3.1351547834683307
2035-12-22T00:00:00.000,13396.2,-29.999999999999996,28.41468700397982,3.1351547834683307
2035-12-22T00:00:00.000,13396.2,-14.999999999999998,28.41468700397982,3.135154783468331
2035-12-22T00:00:00.000,13396.2,0.0,28.41468700397982,3.1351547834683307
2035-12-22T00:00:00.000,13396.2,15.000000000000002,28.41468700397982,3.135154783468331
2035-12-22T00:00:00.000,13396.2,29.999999999999996,28.41468700397982,3.1351547834683307
2036-02-10T00:00:00.000,3896.2,-29.999999999999996,49.69635850412403,3.8944185189265488
2036-02-10T00:00:00.000,3896.2,-14.999999999999998,49.69635850412403,3.8944185189265488
2036-02-10T00:00:00.000,3896.2,0.0,49.69635850412403,3.8944185189265483
2036-02-10T00:00:00.000,3896.2,15.000000000000002,49.69635850412403,3.8944185189265483
2036-02-10T00:00:00.000,3896.2,29.999999999999996,49.69635850412403,3.8944185189265488
2036-02-10T00:00:00.000,4951.7555555555555,-29.999999999999996,42.5900521573901,3.8944185189265483
2036-02-10T00:00:00.000,4951.7555555555555,-14.999999999999998,42.5900521573901,3.8944185189265488
2036-02-10T00:00:00.000,4951.7555555555555,0.0,42.5900521573901,3.8944185189265483
2036-02-10T00:00:00.000,4951.7555555555555,15.000000000000002,42.5900521573901,3.8944185189265488
2036-02-10T00:00:00.000,4951.7555555555555,29.999999999999996,42.5900521573901,3.8944185189265488
2036-02-10T00:00:00.000,6007.311111111111,-29.999999999999996,37.29707761756417,3.8944185189265488
2036-02-10T00:00:00.000,6007.311111111111,-14.999999999999998,37.29707761756417,3.8944185189265488
2036-02-10T00:00:00.000,6007.311111111111,0.0,37.29707761756417,3.8944185189265483
2036-02-10T00:00:00.000,6007.311111111111,15.000000000000002,37.29707761756417,3.8944185189265483
2036-02-10T00:00:00.000,6007.311111111111,29.999999999999996,37.29707761756417,3.8944185189265488
2036-02-10T00:00:00.000,7062.866666666667,-29.999999999999996,33.19216028103351,3.8944185189265488
2036-02-10T00:00:00.000,7062.866666666667,-14.999999999999998,33.19216028103351,3.8944185189265488
2036-02-10T00:00:00.000,7062.866666666667,0.0,33.19216028103351,3.8944185189265483
2036-02-10T00:00:00.000,7062.866666666667,15.000000000000002,33.19216028103351,3.8944185189265488
2036-02-10T00:00:00.000,7062.866666666667,29.999999999999996,33.19216028103351,3.8944185189265488
2036-02-10T00:00:00.000,8118.422222222222,-29.999999999999996,29.911151176532286,3.8944185189265488
2036-02-10T00:00:00.000,8118.422222222222,-14.999999999999998,29.911151176532286,3.8944185189265483
2036-02-10T00:00:00.000,8118.422222222222,0.0,29.911151176532286,3.8944185189265483
2036-02-10T00:00:00.000,8118.422222222222,15.000000000000002,29.911151176532286,3.8944185189265483
2036-02-10T00:00:00.000,8118.422222222222,29.999999999999996,29.911151176532286,3.8944185189265483
2036-02-10T00:00:00.000,9173.977777777778,-29.999999999999996,27.22632297520659,3.8944185189265483
2036-02-10T00:00:00.000,9173.977777777778,-14.999999999999998,27.22632297520659,3.8944185189265483
2036-02-10T00:00:00.000,9173.977777777778,0.0,27.22632297520659,3.8944185189265483
2036-02-10T00:00:00.000,9173.977777777778,15.000000000000002,27.22632297520659,3.8944185189265483
2036-02-10T00:00:00.000,9173.977777777778,29.999999999999996,27.22632297520659,3.8944185189265483
2036-02-10T00:00:00.000,10229.533333333333,-29.999999999999996,24.98745287937665,3.8944185189265483
2036-02-10T00:00:00.000,10229.533333333333,-14.999999999999998,24.98745287937665,3.8944185189265488
2036-02-10T00:00:00.000,10229.533333333333,0.0,24.98745287937665,3.8944185189265483
2036-02-10T00:00:00.000,10229.533333333333,15.000000000000002,24.98745287937665,3.8944185189265483
2036-02-10T00:00:00.000,10229.533333333333,29.999999999999996,24.98745287937665,3.8944185189265488
2036-02-10T00:00:00.000,11285.08888888889,-29.999999999999996,23.091214607838232,3.8944185189265488
2036-02-10T00:00:00.000,11285.08888888889,-14.999999999999998,23.091214607838232,3.8944185189265488
2036-02-10T00:00:00.000,11285.08888888889,0.0,23.091214607838232,3.8944185189265483
2036-02-10T00:00:00.000,11285.08888888889,15.000000000000002,23.091214607838232,3.8944185189265488
2036-02-10T00:00:00.000,11285.08888888889,29.999999999999996,23.091214607838232,3.8944185189265483
2036-02-10T00:00:00.000,12340.644444444446,-29.999999999999996,21.46409727515616,3.8944185189265483
2036-02-10T00:00:00.000,12340.644444444446,-14.999999999999998,21.46409727515616,3.8944185189265483
2036-02-10T00:00:00.000,12340.644444444446,0.0,21.46409727515616,3.8944185189265483
2036-02-10T00:00:00.000,12340.644444444446,15.000000000000002,21.46409727515616,3.8944185189265483
2036-02-10T00:00:00.000,12340.644444444446,29.999999999999996,21.46409727515616,3.8944185189265483
2036-02-10T00:00:00.000,13396.2,-29.999999999999996,20.052320608611115,3.8944185189265488
2036-02-10T00:00:00.000,13396.2,-14.999999999999998,20.052320608611115,3.8944185189265483
2036-02-10T00:00:00.000,13396.2,0.0,20.052320608611115,3.8944185189265488
2036-02-10T00:00:00.000,13396.2,15.000000000000002,20.052320608611115,3.8944185189265488
2036-02-10T00:00:00.000,13396.2,29.999999999999996,20.052320608611115,3.8944185189265483
2036-03-31T00:00:00.000,3896.2,-29.999999999999996,33.951693363665264,5.163015115338853
2036-03-31T00:00:00.000,3896.2,-14.999999999999998,33.951693363665264,5.163015115338853
2036-03-31T00:00:00.000,3896.2,0.0,33.951693363665264,5.163015115338854
2036-03-31T00:00:00.000,3896.2,15.000000000000002,33.951693363665264,5.163015115338853
2036-03-31T00:00:00.000,3896.2,29.999999999999996,33.951693363665264,5.163015115338853
2036-03-31T00:00:00.000,4951.7555555555555,-29.999999999999996,28.360970407332132,5.163015115338854
2036-03-31T00:00:00.000,4951.7555555555555,-14.999999999999998,28.360970407332132,5.163015115338854
2036-03-31T00:00:00.000,4951.7555555555555,0.0,28.360970407332132,5.163015115338853
2036-03-31T00:00:00.000,4951.7555555555555,15.000000000000002,28.360970407332132,5.163015115338853
2036-03-31T00:00:00.000,4951.7555555555555,29.999999999999996,28.360970407332132,5.163015115338853
2036-03-31T00:00:00.000,6007.311111111111,-29.999999999999996,24.36368304520651,5.163015115338853
2036-03-31T00:00:00.000,6007.311111111111,-14.999999999999998,24.36368304520651,5.163015115338853
2036-03-31T00:00:00.000,6007.311111111111,0.0,24.36368304520651,5.163015115338853
2036-03-31T00:00:00.000,6007.311111111111,15.000000000000002,24.36368304520651,5.163015115338852
2036-03-31T00:00:00.000,6007.311111111111,29.999999999999996,24.36368304520651,5.163015115338852
2036-03-31T00:00:00.000,7062.866666666667,-29.999999999999996,21.35992424413484,5.163015115338853
2036-03-31T00:00:00.000,7062.866666666667,-14.999999999999998,21.35992424413484,5.163015115338853
2036-03-31T00:00:00.000,7062.866666666667,0.0,21.35992424413484,5.163015115338854
2036-03-31T00:00:00.000,7062.866666666667,15.000000000000002,21.35992424413484,5.163015115338853
2036-03-31T00:00:00.000,7062.866666666667,29.999999999999996,21.35992424413484,5.163015115338853
2036-03-31T00:00:00.000,8118.422222222222,-29.999999999999996,19.018647574350393,5.163015115338853
2036-03-31T00:00:00.000,8118.422222222222,-14.999999999999998,19.018647574350393,5.163015115338853
2036-03-31T00:00:00.000,8118.422222222222,0.0,19.018647574350393,5.163015115338854
2036-03-31T00:00:00.000,8118.422222222222,15.000000000000002,19.018647574350393,5.163015115338853
2036-03-31T00:00:00.000,8118.422222222222,29.999999999999996,19.018647574350393,5.163015115338853
2036-03-31T00:00:00.000,9173.977777777778,-29.999999999999996,17.141693446354708,5.163015115338854
2036-03-31T00:00:00.000,9173.977777777778,-14.999999999999998,17.141693446354708,5.163015115338853
2036-03-31T00:00:00.000,9173.977777777778,0.0,17.141693446354708,5.163015115338853
2036-03-31T00:00:00.000,9173.977777777778,15.000000000000002,17.141693446354708,5.163015115338854
2036-03-31T00:00:00.000,9173.977777777778,29.999999999999996,17.141693446354708,5.163015115338852
2036-03-31T00:00:00.000,10229.533333333333,-29.999999999999996,15.602997163348325,5.163015115338853
2036-03-31T00:00:00.000,10229.533333333333,-14.999999999999998,15.602997163348325,5.163015115338853
2036-03-31T00:00:00.000,10229.533333333333,0.0,15.602997163348325,5.163015115338853
2036-03-31T00:00:00.000,10229.533333333333,15.000000000000002,15.602997163348325,5.163015115338854
2036-03-31T00:00:00.000,10229.533333333333,29.999999999999996,15.602997163348325,5.163015115338854
2036-03-31T00:00:00.000,11285.08888888889,-29.999999999999996,14.318454521503469,5.163015115338853
2036-03-31T00:00:00.000,11285.08888888889,-14.999999999999998,14.318454521503469,5.163015115338852
2036-03-31T00:00:00.000,11285.08888888889,0.0,14.318454521503469,5.163015115338852
2036-03-31T00:00:00.000,11285.08888888889,15.000000000000002,14.318454521503469,5.163015115338853
2036-03-31T00:00:00.000,11285.08888888889,29.999999999999996,14.318454521503469,5.163015115338853
2036-03-31T00:00:00.000,12340.644444444446,-29.999999999999996,13.229768022888639,5.163015115338853
2036-03-31T00:00:00.000,12340.644444444446,-14.999999999999998,13.229768022888639,5.163015115338853
2036-03-31T00:00:00.000,12340.644444444446,0.0,13.229768022888639,5.163015115338852
2036-03-31T00:00:00.000,12340.644444444446,15.000000000000002,13.229768022888639,5.163015115338852
2036-03-31T00:00:00.000,12340.644444444446,29.999999999999996,13.229768022888639,5.163015115338853
2036-03-31T00:00:00.000,13396.2,-29.999999999999996,12.29523579810508,5.163015115338853
2036-03-31T00:00:00.000,13396.2,-14.999999999999998,12.29523579810508,5.163015115338853
2036-03-31T00:00:00.000,13396.2,0.0,12.29523579810508,5.163015115338853
2036-03-31T00:00:00.000,13396.2,15.000000000000002,12.29523579810508,5.163015115338853
2036-03-31T00:00:00.000,13396.2,29.999999999999996,12.29523579810508,5.163015115338852
2035-09-18T00:00:00.000,3896.2,-29.999999999999996,18.484257734828113,7.579588559027454
2035-09-18T00:00:00.000,3896.2,-14.999999999999998,18.484257734828113,7.579588559027454
2035-09-18T00:00:00.000,3896.2,0.0,18.484257734828113,7.579588559027454
2035-09-18T00:00:00.000,3896.2,15.000000000000002,18.484257734828113,7.579588559027454
2035-09-18T00:00:00.000,3896.2,29.999999999999996,18.484257734828113,7.579588559027454
2035-09-18T00:00:00.000,4951.7555555555555,-29.999999999999996,15.03748997319594,7.579588559027455
2035-09-18T00:00:00.000,4951.7555555555555,-14.999999999999998,15.03748997319594,7.579588559027455
2035-09-18T00:00:00.000,4951.7555555555555,0.0,15.03748997319594,7.579588559027455
2035-09-18T00:00:00.000,4951.7555555555555,15.000000000000002,15.03748997319594,7.579588559027455
2035-09-18T00:00:00.000,4951.7555555555555,29.999999999999996,15.03748997319594,7.579588559027455
2035-09-18T00:00:00.000,6007.311111111111,-29.999999999999996,12.676379961954838,7.579588559027455
2035-09-18T00:00:00.000,6007.311111111111,-14.999999999999998,12.676379961954838,7.579588559027455
2035-09-18T00:00:00.000,6007.311111111111,0.0,12.676379961954838,7.579588559027455
2035-09-18T00:00:00.000,6007.311111111111,15.000000000000002,12.676379961954838,7.579588559027455
2035-09-18T00:00:00.000,6007.311111111111,29.999999999999996,12.676379961954838,7.579588559027455
2035-09-18T00:00:00.000,7062.866666666667,-29.999999999999996,10.95709443336828,7.579588559027455
2035-09-18T00:00:00.000,7062.866666666667,-14.999999999999998,10.95709443336828,7.579588559027455
2035-09-18T00:00:00.000,7062.866666666667,0.0,10.95709443336828,7.579588559027455
2035-09-18T00:00:00.000,7062.866666666667,15.000000000000002,10.95709443336828,7.579588559027455
2035-09-18T00:00:00.000,7062.866666666667,29.999999999999996,10.95709443336828,7.579588559027455
2035-09-18T00:00:00.000,8118.422222222222,-29.999999999999996,9.648969165692078,7.579588559027454
2035-09-18T00:00:00.000,8118.422222222222,-14.999999999999998,9.648969165692078,7.579588559027454
2035-09-18T00:00:00.000,8118.422222222222,0.0,9.648969165692078,7.579588559027455
2035-09-18T00:00:00.000,8118.422222222222,15.000000000000002,9.648969165692078,7.579588559027455
2035-09-18T00:00:00.000,8118.422222222222,29.999999999999996,9.648969165692078,7.579588559027455
2035-09-18T00:00:00.000,9173.977777777778,-29.999999999999996,8.620140204327061,7.579588559027455
2035-09-18T00:00:00.000,9173.977777777778,-14.999999999999998,8.620140204327061,7.579588559027456
2035-09-18T00:00:00.000,9173.977777777778,0.0,8.620140204327061,7.579588559027455
2035-09-18T00:00:00.000,9173.977777777778,15.000000000000002,8.620140204327061,7.579588559027455
2035-09-18T00:00:00.000,9173.977777777778,29.999999999999996,8.620140204327061,7.579588559027455
2035-09-18T00:00:00.000,10229.533333333333,-29.999999999999996,7.789724463300814,7.579588559027456
2035-09-18T00:00:00.000,10229.533333333333,-14.999999999999998,7.789724463300814,7.579588559027456
2035-09-18T00:00:00.000,10229.533333333333,0.0,7.789724463300814,7.579588559027455
2035-09-18T00:00:00.000,10229.533333333333,15.000000000000002,7.789724463300814,7.579588559027455
2035-09-18T00:00:00.000,10229.533333333333,29.999999999999996,7.789724463300814,7.579588559027456
2035-09-18T00:00:00.000,11285.08888888889,-29.999999999999996,7.105339054659171,7.579588559027455
2035-09-18T00:00:00.000,11285.08888888889,-14.999999999999998,7.105339054659171,7.579588559027455
2035-09-18T00:00:00.000,11285.08888888889,0.0,7.105339054659171,7.579588559027454
2035-09-18T00:00:00.000,11285.08888888889,15.000000000000002,7.105339054659171,7.579588559027454
2035-09-18T00:00:00.000,11285.08888888889,29.999999999999996,7.105339054659171,7.579588559027455
2035-09-18T00:00:00.000,12340.644444444446,-29.999999999999996,6.531558261400587,7.579588559027456
2035-09-18T00:00:00.000,12340.644444444446,-14.999999999999998,6.531558261400587,7.579588559027455
2035-09-18T00:00:00.000,12340.644444444446,0.0,6.531558261400587,7.579588559027456
2035-09-18T00:00:00.000,12340.644444444446,15.000000000000002,6.531558261400587,7.579588559027456
2035-09-18T00:00:00.000,12340.644444444446,29.999999999999996,6.531558261400587,7.579588559027456
2035-09-18T00:00:00.000,13396.2,-29.999999999999996,6.043562675204012,7.579588559027455
2035-09-18T00:00:00.000,13396.2,-14.999999999999998,6.043562675204012,7.579588559027455
2035-09-18T00:00:00.000,13396.2,0.0,6.043562675204012,7.579588559027456
2035-09-18T00:00:00.000,13396.2,15.000000000000002,6.043562675204012,7.579588559027456
2035-09-18T00:00:00.000,13396.2,29.999999999999996,6.043562675204012,7.579588559027455
2035-11-07T00:00:00.000,3896.2,-29.999999999999996,40.34849186250895,4.569567690275522
2035-11-07T00:00:00.000,3896.2,-14.999999999999998,40.34849186250895,4.569567690275521
2035-11-07T00:00:00.000,3896.2,0.0,40.34849186250895,4.569567690275521
2035-11-07T00:00:00.000,3896.2,15.000000000000002,40.34849186250895,4.569567690275521
2035-11-07T00:00:00.000,3896.2,29.999999999999996,40.34849186250895,4.569567690275521
2035-11-07T00:00:00.000,4951.7555555555555,-29.999999999999996,34.06237139218197,4.569567690275521
2035-11-07T00:00:00.000,4951.7555555555555,-14.999999999999998,34.06237139218197,4.569567690275521
2035-11-07T00:00:00.000,4951.7555555555555,0.0,34.06237139218197,4.569567690275522
2035-11-07T00:00:00.000,4951.7555555555555,15.000000000000002,34.06237139218197,4.569567690275521
2035-11-07T00:00:00.000,4951.7555555555555,29.999999999999996,34.06237139218197,4.569567690275521
2035-11-07T00:00:00.000,6007.311111111111,-29.999999999999996,29.491080246800706,4.569567690275521
2035-11-07T00:00:00.000,6007.311111111111,-14.999999999999998,29.491080246800706,4.569567690275521
2035-11-07T00:00:00.000,6007.311111111111,0.0,29.491080246800706,4.569567690275521
2035-11-07T00:00:00.000,6007.311111111111,15.000000000000002,29.491080246800706,4.569567690275521
2035-11-07T00:00:00.000,6007.311111111111,29.999999999999996,29.491080246800706,4.569567690275521
2035-11-07T00:00:00.000,7062.866666666667,-29.999999999999996,26.01139932435313,4.569567690275522
2035-11-07T00:00:00.000,7062.866666666667,-14.999999999999998,26.01139932435313,4.569567690275522
2035-11-07T00:00:00.000,7062.866666666667,0.0,26.01139932435313,4.569567690275522
2035-11-07T00:00:00.000,7062.866666666667,15.000000000000002,26.01139932435313,4.569567690275522
2035-11-07T00:00:00.000,7062.866666666667,29.999999999999996,26.01139932435313,4.569567690275521
2035-11-07T00:00:00.000,8118.422222222222,-29.999999999999996,23.27147099927066,4.569567690275521
2035-11-07T00:00:00.000,8118.422222222222,-14.999999999999998,23.27147099927066,4.569567690275521
2035-11-07T00:00:00.000,8118.422222222222,0.0,23.27147099927066,4.569567690275521
2035-11-07T00:00:00.000,8118.422222222222,15.000000000000002,23.27147099927066,4.569567690275521
2035-11-07T00:00:00.000,8118.422222222222,29.999999999999996,23.27147099927066,4.569567690275521
2035-11-07T00:00:00.000,9173.977777777778,-29.999999999999996,21.056802057158567,4.569567690275521
2035-11-07T00:00:00.000,9173.977777777778,-14.999999999999998,21.056802057158567,4.569567690275522
2035-11-07T00:00:00.000,9173.977777777778,0.0,21.056802057158567,4.569567690275521
2035-11-07T00:00:00.000,9173.977777777778,15.000000000000002,21.056802057158567,4.569567690275521
2035-11-07T00:00:00.000,9173.977777777778,29.999999999999996,21.056802057158567,4.569567690275521
2035-11-07T00:00:00.000,10229.533333333333,-29.999999999999996,19.228887891349597,4.569567690275522
2035-11-07T00:00:00.000,10229.533333333333,-14.999999999999998,19.228887891349597,4.569567690275521
2035-11-07T00:00:00.000,10229.533333333333,0.0,19.228887891349597,4.569567690275522
2035-11-07T00:00:00.000,10229.533333333333,15.000000000000002,19.228887891349597,4.569567690275521
2035-11-07T00:00:00.000,10229.533333333333,29.999999999999996,19.228887891349597,4.569567690275521
2035-11-07T00:00:00.000,11285.08888888889,-29.999999999999996,17.69417097752912,4.569567690275521
2035-11-07T00:00:00.000,11285.08888888889,-14.999999999999998,17.69417097752912,4.569567690275522
2035-11-07T00:00:00.000,11285.08888888889,0.0,17.69417097752912,4.569567690275521
2035-11-07T00:00:00.000,11285.08888888889,15.000000000000002,17.69417097752912,4.569567690275521
2035-11-07T00:00:00.000,11285.08888888889,29.999999999999996,17.69417097752912,4.569567690275521
2035-11-07T00:00:00.000,12340.644444444446,-29.999999999999996,16.387116635559952,4.569567690275522
2035-11-07T00:00:00.000,12340.644444444446,-14.999999999999998,16.387116635559952,4.569567690275522
2035-11-07T00:00:00.000,12340.644444444446,0.0,16.387116635559952,4.569567690275522
2035-11-07T00:00:00.000,12340.644444444446,15.000000000000002,16.387116635559952,4.569567690275521
2035-11-07T00:00:00.000,12340.644444444446,29.999999999999996,16.387116635559952,4.569567690275521
2035-11-07T00:00:00.000,13396.2,-29.999999999999996,15.260422147935248,4.569567690275522
2035-11-07T00:00:00.000,13396.2,-14.999999999999998,15.260422147935248,4.569567690275522
2035-11-07T00:00:00.000,13396.2,0.0,15.260422147935248,4.569567690275521
2035-11-07T00:00:00.000,13396.2,15.000000000000002,15.260422147935248,4.569567690275522
2035-11-07T00:00:00.000,13396.2,29.999999999999996,15.260422147935248,4.569567690275522
2035-12-27T00:00:00.000,3896.2,-29.999999999999996,65.51928282005136,3.0531731287753576
2035-12-27T00:00:00.000,3896.2,-14.999999999999998,65.51928282005136,3.0531731287753576
2035-12-27T00:00:00.000,3896.2,0.0,65.51928282005136,3.0531731287753576
2035-12-27T00:00:00.000,3896.2,15.000000000000002,65.51928282005136,3.0531731287753576
2035-12-27T00:00:00.000,3896.2,29.999999999999996,65.51928282005136,3.053173128775357
2035-12-27T00:00:00.000,4951.7555555555555,-29.999999999999996,57.53841898805632,3.0531731287753576
2035-12-27T00:00:00.000,4951.7555555555555,-14.999999999999998,57.53841898805632,3.0531731287753576
2035-12-27T00:00:00.000,4951.7555555555555,0.0,57.53841898805632,3.0531731287753576
2035-12-27T00:00:00.000,4951.7555555555555,15.000000000000002,57.53841898805632,3.0531731287753576
2035-12-27T00:00:00.000,4951.7555555555555,29.999999999999996,57.53841898805632,3.0531731287753576
2035-12-27T00:00:00.000,6007.311111111111,-29.999999999999996,51.362468673316414,3.0531731287753576
2035-12-27T00:00:00.000,6007.311111111111,-14.999999999999998,51.362468673316414,3.0531731287753576
2035-12-27T00:00:00.000,6007.311111111111,0.0,51.362468673316414,3.0531731287753576
2035-12-27T00:00:00.000,6007.311111111111,15.000000000000002,51.362468673316414,3.0531731287753576
2035-12-27T00:00:00.000,6007.311111111111,29.999999999999996,51.362468673316414,3.0531731287753576
2035-12-27T00:00:00.000,7062.866666666667,-29.999999999999996,46.42260287801668,3.0531731287753576
2035-12-27T00:00:00.000,7062.866666666667,-14.999999999999998,46.42260287801668,3.0531731287753576
2035-12-27T00:00:00.000,7062.866666666667,0.0,46.42260287801668,3.0531731287753576
2035-12-27T00:00:00.000,7062.866666666667,15.000000000000002,46.42260287801668,3.053173128775357
2035-12-27T00:00:00.000,7062.866666666667,29.999999999999996,46.42260287801668,3.053173128775357
2035-12-27T00:00:00.000,8118.422222222222,-29.999999999999996,42.372256743909055,3.0531731287753576
2035-12-27T00:00:00.000,8118.422222222222,-14.999999999999998,42.372256743909055,3.0531731287753576
2035-12-27T00:00:00.000,8118.422222222222,0.0,42.372256743909055,3.0531731287753576
2035-12-27T00:00:00.000,8118.422222222222,15.000000000000002,42.372256743909055,3.0531731287753576
2035-12-27T00:00:00.000,8118.422222222222,29.999999999999996,42.372256743909055,3.0531731287753576
2035-12-27T00:00:00.000,9173.977777777778,-29.999999999999996,38.986051952461715,3.0531731287753576
2035-12-27T00:00:00.000,9173.977777777778,-14.999999999999998,38.986051952461715,3.0531731287753576
2035-12-27T00:00:00.000,9173.977777777778,0.0,38.986051952461715,3.0531731287753576
2035-12-27T00:00:00.000,9173.977777777778,15.000000000000002,38.986051952461715,3.0531731287753576
2035-12-27T00:00:00.000,9173.977777777778,29.999999999999996,38.986051952461715,3.0531731287753576
2035-12-27T00:00:00.000,10229.533333333333,-29.999999999999996,36.11016602802426,3.0531731287753576
2035-12-27T00:00:00.000,10229.533333333333,-14.999999999999998,36.11016602802426,3.0531731287753576
2035-12-27T00:00:00.000,10229.533333333333,0.0,36.11016602802426,3.0531731287753576
2035-12-27T00:00:00.000,10229.533333333333,15.000000000000002,36.11016602802426,3.0531731287753576
2035-12-27T00:00:00.000,10229.533333333333,29.999999999999996,36.11016602802426,3.0531731287753576
2035-12-27T00:00:00.000,11285.08888888889,-29.999999999999996,33.635595511467855,3.0531731287753576
2035-12-27T00:00:00.000,11285.08888888889,-14.999999999999998,33.635595511467855,3.053173128775357
2035-12-27T00:00:00.000,11285.08888888889,0.0,33.635595511467855,3.0531731287753576
2035-12-27T00:00:00.000,11285.08888888889,15.000000000000002,33.635595511467855,3.0531731287753576
2035-12-27T00:00:00.000,11285.08888888889,29.999999999999996,33.635595511467855,3.0531731287753576
2035-12-27T00:00:00.000,12340.644444444446,-29.999999999999996,31.482726380055716,3.0531731287753576
2035-12-27T00:00:00.000,12340.644444444446,-14.999999999999998,31.482726380055716,3.0531731287753576
2035-12-27T00:00:00.000,12340.644444444446,0.0,31.482726380055716,3.053173128775357
2035-12-27T00:00:00.000,12340.644444444446,15.000000000000002,31.482726380055716,3.053173128775358
2035-12-27T00:00:00.000,12340.644444444446,29.999999999999996,31.482726380055716,3.0531731287753576
2035-12-27T00:00:00.000,13396.2,-29.999999999999996,29.59194019969455,3.0531731287753576
2035-12-27T00:00:00.000,13396.2,-14.999999999999998,29.59194019969455,3.0531731287753576
2035-12-27T00:00:00.000,13396.2,0.0,29.59194019969455,3.0531731287753576
2035-12-27T00:00:00.000,13396.2,15.000000000000002,29.59194019969455,3.0531731287753576
2035-12-27T00:00:00.000,13396.2,29.999999999999996,29.59194019969455,3.053173128775357
2036-02-15T00:00:00.000,3896.2,-29.999999999999996,51.26445272181753,3.79710688358034
2036-02-15T00:00:00.000,3896.2,-14.999999999999998,51.26445272181753,3.7971068835803394
2036-02-15T00:00:00.000,3896.2,0.0,51.26445272181753,3.79710688358034
2036-02-15T00:00:00.000,3896.2,15.000000000000002,51.26445272181753,3.79710688358034
2036-02-15T00:00:00.000,3896.2,29.999999999999996,51.26445272181753,3.79710688358034
2036-02-15T00:00:00.000,4951.7555555555555,-29.999999999999996,44.04298582523083,3.7971068835803403
2036-02-15T00:00:00.000,4951.7555555555555,-14.999999999999998,44.04298582523083,3.7971068835803394
2036-02-15T00:00:00.000,4951.7555555555555,0.0,44.04298582523083,3.7971068835803394
2036-02-15T00:00:00.000,4951.7555555555555,15.000000000000002,44.04298582523083,3.79710688358034
2036-02-15T00:00:00.000,4951.7555555555555,29.999999999999996,44.04298582523083,3.7971068835803394
2036-02-15T00:00:00.000,6007.311111111111,-29.999999999999996,38.64311004516362,3.79710688358034
2036-02-15T00:00:00.000,6007.311111111111,-14.999999999999998,38.64311004516362,3.79710688358034
2036-02-15T00:00:00.000,6007.311111111111,0.0,38.64311004516362,3.79710688358034
2036-02-15T00:00:00.000,6007.311111111111,15.000000000000002,38.64311004516362,3.7971068835803394
2036-02-15T00:00:00.000,6007.311111111111,29.999999999999996,38.64311004516362,3.7971068835803394
2036-02-15T00:00:00.000,7062.866666666667,-29.999999999999996,34.44226721778936,3.79710688358034
2036-02-15T00:00:00.000,7062.866666666667,-14.999999999999998,34.44226721778936,3.79710688358034
2036-02-15T00:00:00.000,7062.866666666667,0.0,34.44226721778936,3.79710688358034
2036-02-15T00:00:00.000,7062.866666666667,15.000000000000002,34.44226721778936,3.7971068835803394
2036-02-15T00:00:00.000,7062.866666666667,29.999999999999996,34.44226721778936,3.79710688358034
2036-02-15T00:00:00.000,8118.422222222222,-29.999999999999996,31.076105206835344,3.7971068835803394
2036-02-15T00:00:00.000,8118.422222222222,-14.999999999999998,31.076105206835344,3.7971068835803394
2036-02-15T00:00:00.000,8118.422222222222,0.0,31.076105206835344,3.7971068835803394
2036-02-15T00:00:00.000,8118.422222222222,15.000000000000002,31.076105206835344,3.7971068835803394
2036-02-15T00:00:00.000,8118.422222222222,29.999999999999996,31.076105206835344,3.7971068835803394
2036-02-15T00:00:00.000,9173.977777777778,-29.999999999999996,28.315826556437553,3.7971068835803394
2036-02-15T00:00:00.000,9173.977777777778,-14.999999999999998,28.315826556437553,3.7971068835803394
2036-02-15T00:00:00.000,9173.977777777778,0.0,28.315826556437553,3.7971068835803394
2036-02-15T00:00:00.000,9173.977777777778,15.000000000000002,28.315826556437553,3.79710688358034
2036-02-15T00:00:00.000,9173.977777777778,29.999999999999996,28.315826556437553,3.7971068835803394
2036-02-15T00:00:00.000,10229.533333333333,-29.999999999999996,26.00997171331701,3.79710688358034
2036-02-15T00:00:00.000,10229.533333333333,-14.999999999999998,26.00997171331701,3.79710688358034
2036-02-15T00:00:00.000,10229.533333333333,0.0,26.00997171331701,3.79710688358034
2036-02-15T00:00:00.000,10229.533333333333,15.000000000000002,26.00997171331701,3.79710688358034
2036-02-15T00:00:00.000,10229.533333333333,29.999999999999996,26.00997171331701,3.79710688358034
2036-02-15T00:00:00.000,11285.08888888889,-29.999999999999996,24.054048993834154,3.7971068835803394
2036-02-15T00:00:00.000,11285.08888888889,-14.999999999999998,24.054048993834154,3.7971068835803394
2036-02-15T00:00:00.000,11285.08888888889,0.0,24.054048993834154,3.79710688358034
2036-02-15T00:00:00.000,11285.08888888889,15.000000000000002,24.054048993834154,3.7971068835803394
2036-02-15T00:00:00.000,11285.08888888889,29.999999999999996,24.054048993834154,3.7971068835803394
2036-02-15T00:00:00.000,12340.644444444446,-29.999999999999996,22.373523531225832,3.79710688358034
2036-02-15T00:00:00.000,12340.644444444446,-14.999999999999998,22.373523531225832,3.79710688358034
2036-02-15T00:00:00.000,12340.644444444446,0.0,22.373523531225832,3.79710688358034
2036-02-15T00:00:00.000,12340.644444444446,15.000000000000002,22.373523531225832,3.79710688358034
2036-02-15T00:00:00.000,12340.644444444446,29.999999999999996,22.373523531225832,3.7971068835803403
2036-02-15T00:00:00.000,13396.2,-29.999999999999996,20.91374077518814,3.79710688358034
2036-02-15T00:00:00.000,13396.2,-14.999999999999998,20.91374077518814,3.7971068835803394
2036-02-15T00:00:00.000,13396.2,0.0,20.91374077518814,3.7971068835803394
2036-02-15T00:00:00.000,13396.2,15.000000000000002,20.91374077518814,3.7971068835803394
2036-02-15T00:00:00.000,13396.2,29.999999999999996,20.91374077518814,3.7971068835803394
2036-04-05T00:00:00.000,3896.2,-29.999999999999996,35.61720271369195,4.994932283315334
2036-04-05T00:00:00.000,3896.2,-14.999999999999998,35.61720271369195,4.994932283315334
2036-04-05T00:00:00.000,3896.2,0.0,35.61720271369195,4.994932283315334
2036-04-05T00:00:00.000,3896.2,15.000000000000002,35.61720271369195,4.994932283315335
2036-04-05T00:00:00.000,3896.2,29.999999999999996,35.61720271369195,4.994932283315334
2036-04-05T00:00:00.000,4951.7555555555555,-29.999999999999996,29.834793970682824,4.994932283315334
2036-04-05T00:00:00.000,4951.7555555555555,-14.999999999999998,29.834793970682824,4.994932283315335
2036-04-05T00:00:00.000,4951.7555555555555,0.0,29.834793970682824,4.994932283315335
2036-04-05T00:00:00.000,4951.7555555555555,15.000000000000002,29.834793970682824,4.994932283315334
2036-04-05T00:00:00.000,4951.7555555555555,29.999999999999996,29.834793970682824,4.994932283315334
2036-04-05T00:00:00.000,6007.311111111111,-29.999999999999996,25.681995394809878,4.994932283315334
2036-04-05T00:00:00.000,6007.311111111111,-14.999999999999998,25.681995394809878,4.994932283315335
2036-04-05T00:00:00.000,6007.311111111111,0.0,25.681995394809878,4.994932283315334
2036-04-05T00:00:00.000,6007.311111111111,15.000000000000002,25.681995394809878,4.994932283315334
2036-04-05T00:00:00.000,6007.311111111111,29.999999999999996,25.681995394809878,4.994932283315334
2036-04-05T00:00:00.000,7062.866666666667,-29.999999999999996,22.550855651776878,4.994932283315334
2036-04-05T00:00:00.000,7062.866666666667,-14.999999999999998,22.550855651776878,4.994932283315334
2036-04-05T00:00:00.000,7062.866666666667,0.0,22.550855651776878,4.994932283315334
2036-04-05T00:00:00.000,7062.866666666667,15.000000000000002,22.550855651776878,4.994932283315334
2036-04-05T00:00:00.000,7062.866666666667,29.999999999999996,22.550855651776878,4.994932283315334
2036-04-05T00:00:00.000,8118.422222222222,-29.999999999999996,20.103848223339444,4.994932283315334
2036-04-05T00:00:00.000,8118.422222222222,-14.999999999999998,20.103848223339444,4.994932283315334
2036-04-05T00:00:00.000,8118.422222222222,0.0,20.103848223339444,4.994932283315334
2036-04-05T00:00:00.000,8118.422222222222,15.000000000000002,20.103848223339444,4.994932283315334
2036-04-05T00:00:00.000,8118.422222222222,29.999999999999996,20.103848223339444,4.994932283315334
2036-04-05T00:00:00.000,9173.977777777778,-29.999999999999996,18.137962435596314,4.994932283315334
2036-04-05T00:00:00.000,9173.977777777778,-14.999999999999998,18.137962435596314,4.994932283315335
2036-04-05T00:00:00.000,9173.977777777778,0.0,18.137962435596314,4.994932283315334
2036-04-05T00:00:00.000,9173.977777777778,15.000000000000002,18.137962435596314,4.994932283315334
2036-04-05T00:00:00.000,9173.977777777778,29.999999999999996,18.137962435596314,4.994932283315334
2036-04-05T00:00:00.000,10229.533333333333,-29.999999999999996,16.523543158919008,4.994932283315333
2036-04-05T00:00:00.000,10229.533333333333,-14.999999999999998,16.523543158919008,4.994932283315333
2036-04-05T00:00:00.000,10229.533333333333,0.0,16.523543158919008,4.994932283315334
2036-04-05T00:00:00.000,10229.533333333333,15.000000000000002,16.523543158919008,4.994932283315333
2036-04-05T00:00:00.000,10229.533333333333,29.999999999999996,16.523543158919008,4.994932283315333
2036-04-05T00:00:00.000,11285.08888888889,-29.999999999999996,15.173811100809242,4.994932283315334
2036-04-05T00:00:00.000,11285.08888888889,-14.999999999999998,15.173811100809242,4.994932283315334
2036-04-05T00:00:00.000,11285.08888888889,0.0,15.173811100809242,4.994932283315334
2036-04-05T00:00:00.000,11285.08888888889,15.000000000000002,15.173811100809242,4.994932283315334
2036-04-05T00:00:00.000,11285.08888888889,29.999999999999996,15.173811100809242,4.994932283315334
2036-04-05T00:00:00.000,12340.644444444446,-29.999999999999996,14.028450676247262,4.994932283315334
2036-04-05T00:00:00.000,12340.644444444446,-14.999999999999998,14.028450676247262,4.994932283315334
2036-04-05T00:00:00.000,12340.644444444446,0.0,14.028450676247262,4.994932283315334
2036-04-05T00:00:00.000,12340.644444444446,15.000000000000002,14.028450676247262,4.994932283315334
2036-04-05T00:00:00.000,12340.644444444446,29.999999999999996,14.028450676247262,4.994932283315334
2036-04-05T00:00:00.000,13396.2,-29.999999999999996,13.044216061084386,4.994932283315334
2036-04-05T00:00:00.000,13396.2,-14.999999999999998,13.044216061084386,4.994932283315335
2036-04-05T00:00:00.000,13396.2,0.0,13.044216061084386,4.994932283315334
2036-04-05T00:00:00.000,13396.2,15.000000000000002,13.044216061084386,4.994932283315335
2036-04-05T00:00:00.000,13396.2,29.999999999999996,13.044216061084386,4.994932283315335
2035-09-23T00:00:00.000,3896.2,-29.999999999999996,19.861894762993792,7.2626260761501635
2035-09-23T00:00:00.000,3896.2,-14.999999999999998,19.861894762993792,7.262626076150164
2035-09-23T00:00:00.000,3896.2,0.0,19.861894762993792,7.262626076150164
2035-09-23T00:00:00.000,3896.2,15.000000000000002,19.861894762993792,7.2626260761501635
2035-09-23T00:00:00.000,3896.2,29.999999999999996,19.861894762993792,7.2626260761501635
2035-09-23T00:00:00.000,4951.7555555555555,-29.999999999999996,16.197202679842597,7.262626076150163
2035-09-23T00:00:00.000,4951.7555555555555,-14.999999999999998,16.197202679842597,7.2626260761501635
2035-09-23T00:00:00.000,4951.7555555555555,0.0,16.197202679842597,7.262626076150163
2035-09-23T00:00:00.000,4951.7555555555555,15.000000000000002,16.197202679842597,7.2626260761501635
2035-09-23T00:00:00.000,4951.7555555555555,29.999999999999996,16.197202679842597,7.2626260761501635
2035-09-23T00:00:00.000,6007.311111111111,-29.999999999999996,13.676951763168802,7.2626260761501635
2035-09-23T00:00:00.000,6007.311111111111,-14.999999999999998,13.676951763168802,7.2626260761501635
2035-09-23T00:00:00.000,6007.311111111111,0.0,13.676951763168802,7.2626260761501635
2035-09-23T00:00:00.000,6007.311111111111,15.000000000000002,13.676951763168802,7.262626076150164
2035-09-23T00:00:00.000,6007.311111111111,29.999999999999996,13.676951763168802,7.2626260761501635
2035-09-23T00:00:00.000,7062.866666666667,-29.999999999999996,11.836611305188475,7.2626260761501635
2035-09-23T00:00:00.000,7062.866666666667,-14.999999999999998,11.836611305188475,7.262626076150164
2035-09-23T00:00:00.000,7062.866666666667,0.0,11.836611305188475,7.262626076150164
2035-09-23T00:00:00.000,7062.866666666667,15.000000000000002,11.836611305188475,7.2626260761501635
2035-09-23T00:00:00.000,7062.866666666667,29.999999999999996,11.836611305188475,7.2626260761501635
2035-09-23T00:00:00.000,8118.422222222222,-29.999999999999996,10.433405711926053,7.2626260761501635
2035-09-23T00:00:00.000,8118.422222222222,-14.999999999999998,10.433405711926053,7.2626260761501635
2035-09-23T00:00:00.000,8118.422222222222,0.0,10.433405711926053,7.2626260761501635
2035-09-23T00:00:00.000,8118.422222222222,15.000000000000002,10.433405711926053,7.2626260761501635
2035-09-23T00:00:00.000,8118.422222222222,29.999999999999996,10.433405711926053,7.2626260761501635
2035-09-23T00:00:00.000,9173.977777777778,-29.999999999999996,9.32796491706044,7.2626260761501635
2035-09-23T00:00:00.000,9173.977777777778,-14.999999999999998,9.32796491706044,7.2626260761501635
2035-09-23T00:00:00.000,9173.977777777778,0.0,9.32796491706044,7.2626260761501635
2035-09-23T00:00:00.000,9173.977777777778,15.000000000000002,9.32796491706044,7.2626260761501635
2035-09-23T00:00:00.000,9173.977777777778,29.999999999999996,9.32796491706044,7.2626260761501635
2035-09-23T00:00:00.000,10229.533333333333,-29.999999999999996,8.434522600561813,7.2626260761501635
2035-09-23T00:00:00.000,10229.533333333333,-14.999999999999998,8.434522600561813,7.2626260761501635
2035-09-23T00:00:00.000,10229.533333333333,0.0,8.434522600561813,7.2626260761501635
2035-09-23T00:00:00.000,10229.533333333333,15.000000000000002,8.434522600561813,7.2626260761501635
2035-09-23T00:00:00.000,10229.533333333333,29.999999999999996,8.434522600561813,7.2626260761501635
2035-09-23T00:00:00.000,11285.08888888889,-29.999999999999996,7.697387963486292,7.2626260761501635
2035-09-23T00:00:00.000,11285.08888888889,-14.999999999999998,7.697387963486292,7.2626260761501635
2035-09-23T00:00:00.000,11285.08888888889,0.0,7.697387963486292,7.2626260761501635
2035-09-23T00:00:00.000,11285.08888888889,15.000000000000002,7.697387963486292,7.2626260761501635
2035-09-23T00:00:00.000,11285.08888888889,29.999999999999996,7.697387963486292,7.2626260761501635
2035-09-23T00:00:00.000,12340.644444444446,-29.999999999999996,7.078817369908606,7.2626260761501635
2035-09-23T00:00:00.000,12340.644444444446,-14.999999999999998,7.078817369908606,7.2626260761501635
2035-09-23T00:00:00.000,12340.644444444446,0.0,7.078817369908606,7.262626076150163
2035-09-23T00:00:00.000,12340.644444444446,15.000000000000002,7.078817369908606,7.2626260761501635
2035-09-23T00:00:00.000,12340.644444444446,29.999999999999996,7.078817369908606,7.262626076150163
2035-09-23T00:00:00.000,13396.2,-29.999999999999996,6.552320048479192,7.2626260761501635
2035-09-23T00:00:00.000,13396.2,-14.999999999999998,6.552320048479192,7.2626260761501635
2035-09-23T00:00:00.000,13396.2,0.0,6.552320048479192,7.2626260761501635
2035-09-23T00:00:00.000,13396.2,15.000000000000002,6.552320048479192,7.2626260761501635
2035-09-23T00:00:00.000,13396.2,29.999999999999996,6.552320048479192,7.2626260761501635
2035-11-12T00:00:00.000,3896.2,-29.999999999999996,49.06955797743131,3.9344085316567687
2035-11-12T00:00:00.000,3896.2,-14.999999999999998,49.06955797743131,3.934408531656769
2035-11-12T00:00:00.000,3896.2,0.0,49.06955797743131,3.9344085316567687
2035-11-12T00:00:00.000,3896.2,15.000000000000002,49.06955797743131,3.934408531656769
2035-11-12T00:00:00.000,3896.2,29.999999999999996,49.06955797743131,3.9344085316567687
2035-11-12T00:00:00.000,4951.7555555555555,-29.999999999999996,42.011070176519446,3.9344085316567687
2035-11-12T00:00:00.000,4951.7555555555555,-14.999999999999998,42.011070176519446,3.9344085316567687
2035-11-12T00:00:00.000,4951.7555555555555,0.0,42.011070176519446,3.934408531656769
2035-11-12T00:00:00.000,4951.7555555555555,15.000000000000002,42.011070176519446,3.934408531656769
2035-11-12T00:00:00.000,4951.7555555555555,29.999999999999996,42.011070176519446,3.934408531656769
2035-11-12T00:00:00.000,6007.311111111111,-29.999999999999996,36.76198513686441,3.9344085316567683
2035-11-12T00:00:00.000,6007.311111111111,-14.999999999999998,36.76198513686441,3.9344085316567687
2035-11-12T00:00:00.000,6007.311111111111,0.0,36.76198513686441,3.934408531656769
2035-11-12T00:00:00.000,6007.311111111111,15.000000000000002,36.76198513686441,3.9344085316567687
2035-11-12T00:00:00.000,6007.311111111111,29.999999999999996,36.76198513686441,3.9344085316567687
2035-11-12T00:00:00.000,7062.866666666667,-29.999999999999996,32.6961630566743,3.9344085316567683
2035-11-12T00:00:00.000,7062.866666666667,-14.999999999999998,32.6961630566743,3.9344085316567683
2035-11-12T00:00:00.000,7062.866666666667,0.0,32.6961630566743,3.9344085316567687
2035-11-12T00:00:00.000,7062.866666666667,15.000000000000002,32.6961630566743,3.9344085316567687
2035-11-12T00:00:00.000,7062.866666666667,29.999999999999996,32.6961630566743,3.9344085316567683
2035-11-12T00:00:00.000,8118.422222222222,-29.999999999999996,29.449675343484678,3.9344085316567683
2035-11-12T00:00:00.000,8118.422222222222,-14.999999999999998,29.449675343484678,3.9344085316567683
2035-11-12T00:00:00.000,8118.422222222222,0.0,29.449675343484678,3.9344085316567683
2035-11-12T00:00:00.000,8118.422222222222,15.000000000000002,29.449675343484678,3.9344085316567687
2035-11-12T00:00:00.000,8118.422222222222,29.999999999999996,29.449675343484678,3.9344085316567683
2035-11-12T00:00:00.000,9173.977777777778,-29.999999999999996,26.795310955956115,3.9344085316567687
2035-11-12T00:00:00.000,9173.977777777778,-14.999999999999998,26.795310955956115,3.9344085316567683
2035-11-12T00:00:00.000,9173.977777777778,0.0,26.795310955956115,3.9344085316567687
2035-11-12T00:00:00.000,9173.977777777778,15.000000000000002,26.795310955956115,3.9344085316567687
2035-11-12T00:00:00.000,9173.977777777778,29.999999999999996,26.795310955956115,3.9344085316567687
2035-11-12T00:00:00.000,10229.533333333333,-29.999999999999996,24.583398836368122,3.9344085316567687
2035-11-12T00:00:00.000,10229.533333333333,-14.999999999999998,24.583398836368122,3.9344085316567687
2035-11-12T00:00:00.000,10229.533333333333,0.0,24.583398836368122,3.934408531656769
2035-11-12T00:00:00.000,10229.533333333333,15.000000000000002,24.583398836368122,3.9344085316567687
2035-11-12T00:00:00.000,10229.533333333333,29.999999999999996,24.583398836368122,3.934408531656769
2035-11-12T00:00:00.000,11285.08888888889,-29.999999999999996,22.711116492881303,3.9344085316567687
2035-11-12T00:00:00.000,11285.08888888889,-14.999999999999998,22.711116492881303,3.9344085316567687
2035-11-12T00:00:00.000,11285.08888888889,0.0,22.711116492881303,3.9344085316567687
2035-11-12T00:00:00.000,11285.08888888889,15.000000000000002,22.711116492881303,3.934408531656769
2035-11-12T00:00:00.000,11285.08888888889,29.999999999999996,22.711116492881303,3.9344085316567687
2035-11-12T00:00:00.000,12340.644444444446,-29.999999999999996,21.105387937136808,3.9344085316567687
2035-11-12T00:00:00.000,12340.644444444446,-14.999999999999998,21.105387937136808,3.9344085316567683
2035-11-12T00:00:00.000,12340.644444444446,0.0,21.105387937136808,3.9344085316567687
2035-11-12T00:00:00.000,12340.644444444446,15.000000000000002,21.105387937136808,3.9344085316567687
2035-11-12T00:00:00.000,12340.644444444446,29.999999999999996,21.105387937136808,3.934408531656769
2035-11-12T00:00:00.000,13396.2,-29.999999999999996,19.712799919386786,3.9344085316567683
2035-11-12T00:00:00.000,13396.2,-14.999999999999998,19.712799919386786,3.9344085316567687
2035-11-12T00:00:00.000,13396.2,0.0,19.712799919386786,3.9344085316567687
2035-11-12T00:00:00.000,13396.2,15.000000000000002,19.712799919386786,3.9344085316567687
2035-11-12T00:00:00.000,13396.2,29.999999999999996,19.712799919386786,3.9344085316567687
2036-01-01T00:00:00.000,3896.2,-29.999999999999996,67.35502524598981,2.9716833500499753
2036-01-01T00:00:00.000,3896.2,-14.999999999999998,67.35502524598981,2.971683350049975
2036-01-01T00:00:00.000,3896.2,0.0,67.35502524598981,2.9716833500499753
2036-01-01T00:00:00.000,3896.2,15.000000000000002,67.35502524598981,2.9716833500499753
2036-01-01T00:00:00.000,3896.2,29.999999999999996,67.35502524598981,2.9716833500499753
2036-01-01T00:00:00.000,4951.7555555555555,-29.999999999999996,59.31319710296877,2.9716833500499753
2036-01-01T00:00:00.000,4951.7555555555555,-14.999999999999998,59.31319710296877,2.9716833500499753
2036-01-01T00:00:00.000,4951.7555555555555,0.0,59.31319710296877,2.9716833500499753
2036-01-01T00:00:00.000,4951.7555555555555,15.000000000000002,59.31319710296877,2.9716833500499753
2036-01-01T00:00:00.000,4951.7555555555555,29.999999999999996,59.31319710296877,2.9716833500499753
2036-01-01T00:00:00.000,6007.311111111111,-29.999999999999996,53.06366098599891,2.9716833500499753
2036-01-01T00:00:00.000,6007.311111111111,-14.999999999999998,53.06366098599891,2.9716833500499753
2036-01-01T00:00:00.000,6007.311111111111,0.0,53.06366098599891,2.971683350049975
2036-01-01T00:00:00.000,6007.311111111111,15.000000000000002,53.06366098599891,2.9716833500499753
2036-01-01T00:00:00.000,6007.311111111111,29.999999999999996,53.06366098599891,2.971683350049975
2036-01-01T00:00:00.000,7062.866666666667,-29.999999999999996,48.04738275630829,2.9716833500499753
2036-01-01T00:00:00.000,7062.866666666667,-14.999999999999998,48.04738275630829,2.9716833500499753
2036-01-01T00:00:00.000,7062.866666666667,0.0,48.04738275630829,2.9716833500499753
2036-01-01T00:00:00.000,7062.866666666667,15.000000000000002,48.04738275630829,2.9716833500499753
2036-01-01T00:00:00.000,7062.866666666667,29.999999999999996,48.04738275630829,2.971683350049975
2036-01-01T00:00:00.000,8118.422222222222,-29.999999999999996,43.92221496199757,2.971683350049975
2036-01-01T00:00:00.000,8118.422222222222,-14.999999999999998,43.92221496199757,2.9716833500499753
2036-01-01T00:00:00.000,8118.422222222222,0.0,43.92221496199757,2.9716833500499753
2036-01-01T00:00:00.000,8118.422222222222,15.000000000000002,43.92221496199757,2.9716833500499753
2036-01-01T00:00:00.000,8118.422222222222,29.999999999999996,43.92221496199757,2.9716833500499753
2036-01-01T00:00:00.000,9173.977777777778,-29.999999999999996,40.46473438537502,2.9716833500499753
2036-01-01T00:00:00.000,9173.977777777778,-14.999999999999998,40.46473438537502,2.9716833500499753
2036-01-01T00:00:00.000,9173.977777777778,0.0,40.46473438537502,2.971683350049975
2036-01-01T00:00:00.000,9173.977777777778,15.000000000000002,40.46473438537502,2.9716833500499753
2036-01-01T00:00:00.000,9173.977777777778,29.999999999999996,40.46473438537502,2.9716833500499753
2036-01-01T00:00:00.000,10229.533333333333,-29.999999999999996,37.52188741228367,2.9716833500499753
2036-01-01T00:00:00.000,10229.533333333333,-14.999999999999998,37.52188741228367,2.9716833500499753
2036-01-01T00:00:00.000,10229.533333333333,0.0,37.52188741228367,2.9716833500499753
2036-01-01T00:00:00.000,10229.533333333333,15.000000000000002,37.52188741228367,2.9716833500499753
2036-01-01T00:00:00.000,10229.533333333333,29.999999999999996,37.52188741228367,2.971683350049975
2036-01-01T00:00:00.000,11285.08888888889,-29.999999999999996,34.984854150165795,2.971683350049975
2036-01-01T00:00:00.000,11285.08888888889,-14.999999999999998,34.984854150165795,2.9716833500499753
2036-01-01T00:00:00.000,11285.08888888889,0.0,34.984854150165795,2.9716833500499753
2036-01-01T00:00:00.000,11285.08888888889,15.000000000000002,34.984854150165795,2.9716833500499753
2036-01-01T00:00:00.000,11285.08888888889,29.999999999999996,34.984854150165795,2.9716833500499753
2036-01-01T00:00:00.000,12340.644444444446,-29.999999999999996,32.7739164546135,2.9716833500499753
2036-01-01T00:00:00.000,12340.644444444446,-14.999999999999998,32.7739164546135,2.9716833500499753
2036-01-01T00:00:00.000,12340.644444444446,0.0,32.7739164546135,2.9716833500499753
2036-01-01T00:00:00.000,12340.644444444446,15.000000000000002,32.7739164546135,2.9716833500499753
2036-01-01T00:00:00.000,12340.644444444446,29.999999999999996,32.7739164546135,2.9716833500499753
2036-01-01T00:00:00.000,13396.2,-29.999999999999996,30.829216474394293,2.9716833500499753
2036-01-01T00:00:00.000,13396.2,-14.999999999999998,30.829216474394293,2.971683350049975
2036-01-01T00:00:00.000,13396.2,0.0,30.829216474394293,2.9716833500499753
2036-01-01T00:00:00.000,13396.2,15.000000000000002,30.829216474394293,2.9716833500499753
2036-01-01T00:00:00.000,13396.2,29.999999999999996,30.829216474394293,2.9716833500499753
2036-02-20T00:00:00.000,3896.2,-29.999999999999996,52.84584849839321,3.7026898405177455
2036-02-20T00:00:00.000,3896.2,-14.999999999999998,52.84584849839321,3.702689840517746
2036-02-20T00:00:00.000,3896.2,0.0,52.84584849839321,3.702689840517746
2036-02-20T00:00:00.000,3896.2,15.000000000000002,52.84584849839321,3.702689840517746
2036-02-20T00:00:00.000,3896.2,29.999999999999996,52.84584849839321,3.7026898405177464
2036-02-20T00:00:00.000,4951.7555555555555,-29.999999999999996,45.514685417313956,3.702689840517746
2036-02-20T00:00:00.000,4951.7555555555555,-14.999999999999998,45.514685417313956,3.702689840517746
2036-02-20T00:00:00.000,4951.7555555555555,0.0,45.514685417313956,3.702689840517746
2036-02-20T00:00:00.000,4951.7555555555555,15.000000000000002,45.514685417313956,3.7026898405177464
2036-02-20T00:00:00.000,4951.7555555555555,29.999999999999996,45.514685417313956,3.7026898405177464
2036-02-20T00:00:00.000,6007.311111111111,-29.999999999999996,40.01122764042419,3.7026898405177464
2036-02-20T00:00:00.000,6007.311111111111,-14.999999999999998,40.01122764042419,3.7026898405177464
2036-02-20T00:00:00.000,6007.311111111111,0.0,40.01122764042419,3.7026898405177464
2036-02-20T00:00:00.000,6007.311111111111,15.000000000000002,40.01122764042419,3.702689840517746
2036-02-20T00:00:00.000,6007.311111111111,29.999999999999996,40.01122764042419,3.7026898405177464
2036-02-20T00:00:00.000,7062.866666666667,-29.999999999999996,35.716417140842616,3.702689840517746
2036-02-20T00:00:00.000,7062.866666666667,-14.999999999999998,35.716417140842616,3.7026898405177464
2036-02-20T00:00:00.000,7062.866666666667,0.0,35.716417140842616,3.7026898405177464
2036-02-20T00:00:00.000,7062.866666666667,15.000000000000002,35.716417140842616,3.7026898405177464
2036-02-20T00:00:00.000,7062.866666666667,29.999999999999996,35.716417140842616,3.702689840517746
2036-02-20T00:00:00.000,8118.422222222222,-29.999999999999996,32.26618458882946,3.702689840517746
2036-02-20T00:00:00.000,8118.422222222222,-14.999999999999998,32.26618458882946,3.702689840517746
2036-02-20T00:00:00.000,8118.422222222222,0.0,32.26618458882946,3.702689840517746
2036-02-20T00:00:00.000,8118.422222222222,15.000000000000002,32.26618458882946,3.7026898405177464
2036-02-20T00:00:00.000,8118.422222222222,29.999999999999996,32.26618458882946,3.7026898405177464
2036-02-20T00:00:00.000,9173.977777777778,-29.999999999999996,29.430967309531926,3.702689840517746
2036-02-20T00:00:00.000,9173.977777777778,-14.999999999999998,29.430967309531926,3.702689840517746
2036-02-20T00:00:00.000,9173.977777777778,0.0,29.430967309531926,3.702689840517746
2036-02-20T00:00:00.000,9173.977777777778,15.000000000000002,29.430967309531926,3.702689840517746
2036-02-20T00:00:00.000,9173.977777777778,29.999999999999996,29.430967309531926,3.702689840517746
2036-02-20T00:00:00.000,10229.533333333333,-29.999999999999996,27.05826396048028,3.702689840517746
2036-02-20T00:00:00.000,10229.533333333333,-14.999999999999998,27.05826396048028,3.7026898405177464
2036-02-20T00:00:00.000,10229.533333333333,0.0,27.05826396048028,3.702689840517746
2036-02-20T00:00:00.000,10229.533333333333,15.000000000000002,27.05826396048028,3.702689840517746
2036-02-20T00:00:00.000,10229.533333333333,29.999999999999996,27.05826396048028,3.702689840517746
2036-02-20T00:00:00.000,11285.08888888889,-29.999999999999996,25.042544558793924,3.702689840517746
2036-02-20T00:00:00.000,11285.08888888889,-14.999999999999998,25.042544558793924,3.7026898405177464
2036-02-20T00:00:00.000,11285.08888888889,0.0,25.042544558793924,3.702689840517746
2036-02-20T00:00:00.000,11285.08888888889,15.000000000000002,25.042544558793924,3.702689840517746
2036-02-20T00:00:00.000,11285.08888888889,29.999999999999996,25.042544558793924,3.702689840517746
2036-02-20T00:00:00.000,12340.644444444446,-29.999999999999996,23.30833458787398,3.702689840517746
2036-02-20T00:00:00.000,12340.644444444446,-14.999999999999998,23.30833458787398,3.702689840517746
2036-02-20T00:00:00.000,12340.644444444446,0.0,23.30833458787398,3.702689840517746
2036-02-20T00:00:00.000,12340.644444444446,15.000000000000002,23.30833458787398,3.702689840517746
2036-02-20T00:00:00.000,12340.644444444446,29.999999999999996,23.30833458787398,3.702689840517746
2036-02-20T00:00:00.000,13396.2,-29.999999999999996,21.800162024297496,3.7026898405177464
2036-02-20T00:00:00.000,13396.2,-14.999999999999998,21.800162024297496,3.7026898405177464
2036-02-20T00:00:00.000,13396.2,0.0,21.800162024297496,3.7026898405177464
2036-02-20T00:00:00.000,13396.2,15.000000000000002,21.800162024297496,3.7026898405177464
2036-02-20T00:00:00.000,13396.2,29.999999999999996,21.800162024297496,3.7026898405177464
2036-04-10T00:00:00.000,3896.2,-29.999999999999996,37.318361688989974,4.833774696679734
2036-04-10T00:00:00.000,3896.2,-14.999999999999998,37.318361688989974,4.833774696679734
2036-04-10T00:00:00.000,3896.2,0.0,37.318361688989974,4.833774696679734
2036-04-10T00:00:00.000,3896.2,15.000000000000002,37.318361688989974,4.833774696679734
2036-04-10T00:00:00.000,3896.2,29.999999999999996,37.318361688989974,4.833774696679734
2036-04-10T00:00:00.000,4951.7555555555555,-29.999999999999996,31.34790857456158,4.833774696679734
2036-04-10T00:00:00.000,4951.7555555555555,-14.999999999999998,31.34790857456158,4.833774696679734
2036-04-10T00:00:00.000,4951.7555555555555,0.0,31.34790857456158,4.833774696679734
2036-04-10T00:00:00.000,4951.7555555555555,15.000000000000002,31.34790857456158,4.833774696679734
2036-04-10T00:00:00.000,4951.7555555555555,29.999999999999996,31.34790857456158,4.8337746966797335
2036-04-10T00:00:00.000,6007.311111111111,-29.999999999999996,27.040640549152148,4.8337746966797335
2036-04-10T00:00:00.000,6007.311111111111,-14.999999999999998,27.040640549152148,4.833774696679734
2036-04-10T00:00:00.000,6007.311111111111,0.0,27.040640549152148,4.833774696679734
2036-04-10T00:00:00.000,6007.311111111111,15.000000000000002,27.040640549152148,4.833774696679734
2036-04-10T00:00:00.000,6007.311111111111,29.999999999999996,27.040640549152148,4.833774696679734
2036-04-10T00:00:00.000,7062.866666666667,-29.999999999999996,23.781867348016856,4.8337746966797335
2036-04-10T00:00:00.000,7062.866666666667,-14.999999999999998,23.781867348016856,4.833774696679734
2036-04-10T00:00:00.000,7062.866666666667,0.0,23.781867348016856,4.833774696679734
2036-04-10T00:00:00.000,7062.866666666667,15.000000000000002,23.781867348016856,4.8337746966797335
2036-04-10T00:00:00.000,7062.866666666667,29.999999999999996,23.781867348016856,4.8337746966797335
2036-04-10T00:00:00.000,8118.422222222222,-29.999999999999996,21.228229234656762,4.8337746966797335
2036-04-10T00:00:00.000,8118.422222222222,-14.999999999999998,21.228229234656762,4.8337746966797335
2036-04-10T00:00:00.000,8118.422222222222,0.0,21.228229234656762,4.833774696679734
2036-04-10T00:00:00.000,8118.422222222222,15.000000000000002,21.228229234656762,4.8337746966797335
2036-04-10T00:00:00.000,8118.422222222222,29.999999999999996,21.228229234656762,4.833774696679734
2036-04-10T00:00:00.000,9173.977777777778,-29.999999999999996,19.1721995849177,4.833774696679734
2036-04-10T00:00:00.000,9173.977777777778,-14.999999999999998,19.1721995849177,4.833774696679734
2036-04-10T00:00:00.000,9173.977777777778,0.0,19.1721995849177,4.833774696679734
2036-04-10T00:00:00.000,9173.977777777778,15.000000000000002,19.1721995849177,4.833774696679734
2036-04-10T00:00:00.000,9173.977777777778,29.999999999999996,19.1721995849177,4.833774696679734
2036-04-10T00:00:00.000,10229.533333333333,-29.999999999999996,17.48071199365773,4.8337746966797335
2036-04-10T00:00:00.000,10229.533333333333,-14.999999999999998,17.48071199365773,4.833774696679734
2036-04-10T00:00:00.000,10229.533333333333,0.0,17.48071199365773,4.8337746966797335
2036-04-10T00:00:00.000,10229.533333333333,15.000000000000002,17.48071199365773,4.833774696679734
2036-04-10T00:00:00.000,10229.533333333333,29.999999999999996,17.48071199365773,4.8337746966797335
2036-04-10T00:00:00.000,11285.08888888889,-29.999999999999996,16.0644095302937,4.833774696679734
2036-04-10T00:00:00.000,11285.08888888889,-14.999999999999998,16.0644095302937,4.8337746966797335
2036-04-10T00:00:00.000,11285.08888888889,0.0,16.0644095302937,4.833774696679734
2036-04-10T00:00:00.000,11285.08888888889,15.000000000000002,16.0644095302937,4.8337746966797335
2036-04-10T00:00:00.000,11285.08888888889,29.999999999999996,16.0644095302937,4.8337746966797335
2036-04-10T00:00:00.000,12340.644444444446,-29.999999999999996,14.861011585666446,4.833774696679734
2036-04-10T00:00:00.000,12340.644444444446,-14.999999999999998,14.861011585666446,4.833774696679734
2036-04-10T00:00:00.000,12340.644444444446,0.0,14.861011585666446,4.833774696679734
2036-04-10T00:00:00.000,12340.644444444446,15.000000000000002,14.861011585666446,4.833774696679734
2036-04-10T00:00:00.000,12340.644444444446,29.999999999999996,14.861011585666446,4.833774696679734
2036-04-10T00:00:00.000,13396.2,-29.999999999999996,13.825756655420975,4.8337746966797335
2036-04-10T00:00:00.000,13396.2,-14.999999999999998,13.825756655420975,4.8337746966797335
2036-04-10T00:00:00.000,13396.2,0.0,13.825756655420975,4.8337746966797335
2036-04-10T00:00:00.000,13396.2,15.000000000000002,13.825756655420975,4.833774696679734
2036-04-10T00:00:00.000,13396.2,29.999999999999996,13.825756655420975,4.833774696679734
2035-09-28T00:00:00.000,3896.2,-29.999999999999996,21.350215093141067,6.95333337747728
2035-09-28T00:00:00.000,3896.2,-14.999999999999998,21.350215093141067,6.95333337747728
2035-09-28T00:00:00.000,3896.2,0.0,21.350215093141067,6.95333337747728
2035-09-28T00:00:00.000,3896.2,15.000000000000002,21.350215093141067,6.95333337747728
2035-09-28T00:00:00.000,3896.2,29.999999999999996,21.350215093141067,6.95333337747728
2035-09-28T00:00:00.000,4951.7555555555555,-29.999999999999996,17.456071825900228,6.953333377477279
2035-09-28T00:00:00.000,4951.7555555555555,-14.999999999999998,17.456071825900228,6.95333337747728
2035-09-28T00:00:00.000,4951.7555555555555,0.0,17.456071825900228,6.953333377477279
2035-09-28T00:00:00.000,4951.7555555555555,15.000000000000002,17.456071825900228,6.953333377477279
2035-09-28T00:00:00.000,4951.7555555555555,29.999999999999996,17.456071825900228,6.953333377477279
2035-09-28T00:00:00.000,6007.311111111111,-29.999999999999996,14.766724718875164,6.95333337747728
2035-09-28T00:00:00.000,6007.311111111111,-14.999999999999998,14.766724718875164,6.95333337747728
2035-09-28T00:00:00.000,6007.311111111111,0.0,14.766724718875164,6.95333337747728
2035-09-28T00:00:00.000,6007.311111111111,15.000000000000002,14.766724718875164,6.95333337747728
2035-09-28T00:00:00.000,6007.311111111111,29.999999999999996,14.766724718875164,6.953333377477281
2035-09-28T00:00:00.000,7062.866666666667,-29.999999999999996,12.79692909330301,6.95333337747728
2035-09-28T00:00:00.000,7062.866666666667,-14.999999999999998,12.79692909330301,6.953333377477279
2035-09-28T00:00:00.000,7062.866666666667,0.0,12.79692909330301,6.95333337747728
2035-09-28T00:00:00.000,7062.866666666667,15.000000000000002,12.79692909330301,6.95333337747728
2035-09-28T00:00:00.000,7062.866666666667,29.999999999999996,12.79692909330301,6.95333337747728
2035-09-28T00:00:00.000,8118.422222222222,-29.999999999999996,11.291559783353526,6.953333377477279
2035-09-28T00:00:00.000,8118.422222222222,-14.999999999999998,11.291559783353526,6.953333377477279
2035-09-28T00:00:00.000,8118.422222222222,0.0,11.291559783353526,6.95333337747728
2035-09-28T00:00:00.000,8118.422222222222,15.000000000000002,11.291559783353526,6.95333337747728
2035-09-28T00:00:00.000,8118.422222222222,29.999999999999996,11.291559783353526,6.95333337747728
2035-09-28T00:00:00.000,9173.977777777778,-29.999999999999996,10.103495701785446,6.95333337747728
2035-09-28T00:00:00.000,9173.977777777778,-14.999999999999998,10.103495701785446,6.953333377477281
2035-09-28T00:00:00.000,9173.977777777778,0.0,10.103495701785446,6.95333337747728
2035-09-28T00:00:00.000,9173.977777777778,15.000000000000002,10.103495701785446,6.95333337747728
2035-09-28T00:00:00.000,9173.977777777778,29.999999999999996,10.103495701785446,6.95333337747728
2035-09-28T00:00:00.000,10229.533333333333,-29.999999999999996,9.141881294080076,6.95333337747728
2035-09-28T00:00:00.000,10229.533333333333,-14.999999999999998,9.141881294080076,6.953333377477279
2035-09-28T00:00:00.000,10229.533333333333,0.0,9.141881294080076,6.953333377477279
2035-09-28T00:00:00.000,10229.533333333333,15.000000000000002,9.141881294080076,6.953333377477279
2035-09-28T00:00:00.000,10229.533333333333,29.999999999999996,9.141881294080076,6.953333377477279
2035-09-28T00:00:00.000,11285.08888888889,-29.999999999999996,8.34755388226172,6.95333337747728
2035-09-28T00:00:00.000,11285.08888888889,-14.999999999999998,8.34755388226172,6.95333337747728
2035-09-28T00:00:00.000,11285.08888888889,0.0,8.34755388226172,6.95333337747728
2035-09-28T00:00:00.000,11285.08888888889,15.000000000000002,8.34755388226172,6.95333337747728
2035-09-28T00:00:00.000,11285.08888888889,29.999999999999996,8.34755388226172,6.95333337747728
2035-09-28T00:00:00.000,12340.644444444446,-29.999999999999996,7.680323348966191,6.95333337747728
2035-09-28T00:00:00.000,12340.644444444446,-14.999999999999998,7.680323348966191,6.95333337747728
2035-09-28T00:00:00.000,12340.644444444446,0.0,7.680323348966191,6.95333337747728
2035-09-28T00:00:00.000,12340.644444444446,15.000000000000002,7.680323348966191,6.95333337747728
2035-09-28T00:00:00.000,12340.644444444446,29.999999999999996,7.680323348966191,6.95333337747728
2035-09-28T00:00:00.000,13396.2,-29.999999999999996,7.111926788712549,6.953333377477279
2035-09-28T00:00:00.000,13396.2,-14.999999999999998,7.111926788712549,6.953333377477279
2035-09-28T00:00:00.000,13396.2,0.0,7.111926788712549,6.95333337747728
2035-09-28T00:00:00.000,13396.2,15.000000000000002,7.111926788712549,6.953333377477279
2035-09-28T00:00:00.000,13396.2,29.999999999999996,7.111926788712549,6.95333337747728
2035-11-17T00:00:00.000,3896.2,-29.999999999999996,54.49143468342926,3.6081159514358805
2035-11-17T00:00:00.000,3896.2,-14.999999999999998,54.49143468342926,3.6081159514358805
2035-11-17T00:00:00.000,3896.2,0.0,54.49143468342926,3.60811595143588
2035-11-17T00:00:00.000,3896.2,15.000000000000002,54.49143468342926,3.6081159514358805
2035-11-17T00:00:00.000,3896.2,29.999999999999996,54.49143468342926,3.6081159514358805
2035-11-17T00:00:00.000,4951.7555555555555,-29.999999999999996,47.05295430229896,3.608115951435881
2035-11-17T00:00:00.000,4951.7555555555555,-14.999999999999998,47.05295430229896,3.608115951435881
2035-11-17T00:00:00.000,4951.7555555555555,0.0,47.05295430229896,3.6081159514358805
2035-11-17T00:00:00.000,4951.7555555555555,15.000000000000002,47.05295430229896,3.6081159514358805
2035-11-17T00:00:00.000,4951.7555555555555,29.999999999999996,47.05295430229896,3.608115951435881
2035-11-17T00:00:00.000,6007.311111111111,-29.999999999999996,41.44625663954799,3.6081159514358805
2035-11-17T00:00:00.000,6007.311111111111,-14.999999999999998,41.44625663954799,3.6081159514358805
2035-11-17T00:00:00.000,6007.311111111111,0.0,41.44625663954799,3.60811595143588
2035-11-17T00:00:00.000,6007.311111111111,15.000000000000002,41.44625663954799,3.6081159514358805
2035-11-17T00:00:00.000,6007.311111111111,29.999999999999996,41.44625663954799,3.608115951435881
2035-11-17T00:00:00.000,7062.866666666667,-29.999999999999996,37.056686452245266,3.608115951435881
2035-11-17T00:00:00.000,7062.866666666667,-14.999999999999998,37.056686452245266,3.6081159514358814
2035-11-17T00:00:00.000,7062.866666666667,0.0,37.056686452245266,3.6081159514358805
2035-11-17T00:00:00.000,7062.866666666667,15.000000000000002,37.056686452245266,3.6081159514358805
2035-11-17T00:00:00.000,7062.866666666667,29.999999999999996,37.056686452245266,3.6081159514358805
2035-11-17T00:00:00.000,8118.422222222222,-29.999999999999996,33.52096680327195,3.6081159514358805
2035-11-17T00:00:00.000,8118.422222222222,-14.999999999999998,33.52096680327195,3.6081159514358805
2035-11-17T00:00:00.000,8118.422222222222,0.0,33.52096680327195,3.608115951435881
2035-11-17T00:00:00.000,8118.422222222222,15.000000000000002,33.52096680327195,3.608115951435881
2035-11-17T00:00:00.000,8118.422222222222,29.999999999999996,33.52096680327195,3.6081159514358805
2035-11-17T00:00:00.000,9173.977777777778,-29.999999999999996,30.609064416239534,3.6081159514358805
2035-11-17T00:00:00.000,9173.977777777778,-14.999999999999998,30.609064416239534,3.6081159514358805
2035-11-17T00:00:00.000,9173.977777777778,0.0,30.609064416239534,3.6081159514358805
2035-11-17T00:00:00.000,9173.977777777778,15.000000000000002,30.609064416239534,3.6081159514358805
2035-11-17T00:00:00.000,9173.977777777778,29.999999999999996,30.609064416239534,3.608115951435881
2035-11-17T00:00:00.000,10229.533333333333,-29.999999999999996,28.167609610959925,3.608115951435881
2035-11-17T00:00:00.000,10229.533333333333,-14.999999999999998,28.167609610959925,3.6081159514358805
2035-11-17T00:00:00.000,10229.533333333333,0.0,28.167609610959925,3.6081159514358805
2035-11-17T00:00:00.000,10229.533333333333,15.000000000000002,28.167609610959925,3.608115951435881
2035-11-17T00:00:00.000,10229.533333333333,29.999999999999996,28.167609610959925,3.608115951435881
2035-11-17T00:00:00.000,11285.08888888889,-29.999999999999996,26.090137291164545,3.6081159514358805
2035-11-17T00:00:00.000,11285.08888888889,-14.999999999999998,26.090137291164545,3.6081159514358805
2035-11-17T00:00:00.000,11285.08888888889,0.0,26.090137291164545,3.608115951435881
2035-11-17T00:00:00.000,11285.08888888889,15.000000000000002,26.090137291164545,3.6081159514358805
2035-11-17T00:00:00.000,11285.08888888889,29.999999999999996,26.090137291164545,3.6081159514358805
2035-11-17T00:00:00.000,12340.644444444446,-29.999999999999996,24.300294720703466,3.6081159514358805
2035-11-17T00:00:00.000,12340.644444444446,-14.999999999999998,24.300294720703466,3.608115951435881
2035-11-17T00:00:00.000,12340.644444444446,0.0,24.300294720703466,3.6081159514358805
2035-11-17T00:00:00.000,12340.644444444446,15.000000000000002,24.300294720703466,3.6081159514358805
2035-11-17T00:00:00.000,12340.644444444446,29.999999999999996,24.300294720703466,3.6081159514358805
2035-11-17T00:00:00.000,13396.2,-29.999999999999996,22.741828523845538,3.608115951435881
2035-11-17T00:00:00.000,13396.2,-14.999999999999998,22.741828523845538,3.6081159514358805
2035-11-17T00:00:00.000,13396.2,0.0,22.741828523845538,3.608115951435881
2035-11-17T00:00:00.000,13396.2,15.000000000000002,22.741828523845538,3.608115951435881
2035-11-17T00:00:00.000,13396.2,29.999999999999996,22.741828523845538,3.6081159514358805
2036-01-06T00:00:00.000,3896.2,-29.999999999999996,69.19768661811352,2.8924498316569753
2036-01-06T00:00:00.000,3896.2,-14.999999999999998,69.19768661811352,2.8924498316569753
2036-01-06T00:00:00.000,3896.2,0.0,69.19768661811352,2.8924498316569753
2036-01-06T00:00:00.000,3896.2,15.000000000000002,69.19768661811352,2.892449831656976
2036-01-06T00:00:00.000,3896.2,29.999999999999996,69.19768661811352,2.892449831656976
2036-01-06T00:00:00.000,4951.7555555555555,-29.999999999999996,61.102910629255106,2.8924498316569753
2036-01-06T00:00:00.000,4951.7555555555555,-14.999999999999998,61.102910629255106,2.8924498316569753
2036-01-06T00:00:00.000,4951.7555555555555,0.0,61.102910629255106,2.8924498316569753
2036-01-06T00:00:00.000,4951.7555555555555,15.000000000000002,61.102910629255106,2.892449831656976
2036-01-06T00:00:00.000,4951.7555555555555,29.999999999999996,61.102910629255106,2.892449831656975
2036-01-06T00:00:00.000,6007.311111111111,-29.999999999999996,54.785707034807814,2.8924498316569753
2036-01-06T00:00:00.000,6007.311111111111,-14.999999999999998,54.785707034807814,2.8924498316569753
2036-01-06T00:00:00.000,6007.311111111111,0.0,54.785707034807814,2.892449831656975
2036-01-06T00:00:00.000,6007.311111111111,15.000000000000002,54.785707034807814,2.892449831656976
2036-01-06T00:00:00.000,6007.311111111111,29.999999999999996,54.785707034807814,2.8924498316569753
2036-01-06T00:00:00.000,7062.866666666667,-29.999999999999996,49.69733668850214,2.8924498316569753
2036-01-06T00:00:00.000,7062.866666666667,-14.999999999999998,49.69733668850214,2.8924498316569753
2036-01-06T00:00:00.000,7062.866666666667,0.0,49.69733668850214,2.8924498316569753
2036-01-06T00:00:00.000,7062.866666666667,15.000000000000002,49.69733668850214,2.8924498316569753
2036-01-06T00:00:00.000,7062.866666666667,29.999999999999996,49.69733668850214,2.8924498316569753
2036-01-06T00:00:00.000,8118.422222222222,-29.999999999999996,45.50047237196546,2.8924498316569753
2036-01-06T00:00:00.000,8118.422222222222,-14.999999999999998,45.50047237196546,2.8924498316569753
2036-01-06T00:00:00.000,8118.422222222222,0.0,45.50047237196546,2.8924498316569753
2036-01-06T00:00:00.000,8118.422222222222,15.000000000000002,45.50047237196546,2.8924498316569753
2036-01-06T00:00:00.000,8118.422222222222,29.999999999999996,45.50047237196546,2.892449831656976
2036-01-06T00:00:00.000,9173.977777777778,-29.999999999999996,41.97394962025957,2.8924498316569753
2036-01-06T00:00:00.000,9173.977777777778,-14.999999999999998,41.97394962025957,2.892449831656975
2036-01-06T00:00:00.000,9173.977777777778,0.0,41.97394962025957,2.892449831656975
2036-01-06T00:00:00.000,9173.977777777778,15.000000000000002,41.97394962025957,2.892449831656975
2036-01-06T00:00:00.000,9173.977777777778,29.999999999999996,41.97394962025957,2.8924498316569753
2036-01-06T00:00:00.000,10229.533333333333,-29.999999999999996,38.96570820993107,2.8924498316569753
2036-01-06T00:00:00.000,10229.533333333333,-14.999999999999998,38.96570820993107,2.892449831656975
2036-01-06T00:00:00.000,10229.533333333333,0.0,38.96570820993107,2.8924498316569753
2036-01-06T00:00:00.000,10229.533333333333,15.000000000000002,38.96570820993107,2.8924498316569753
2036-01-06T00:00:00.000,10229.533333333333,29.999999999999996,38.96570820993107,2.8924498316569753
2036-01-06T00:00:00.000,11285.08888888889,-29.999999999999996,36.36727738603897,2.8924498316569753
2036-01-06T00:00:00.000,11285.08888888889,-14.999999999999998,36.36727738603897,2.8924498316569753
2036-01-06T00:00:00.000,11285.08888888889,0.0,36.36727738603897,2.892449831656975
2036-01-06T00:00:00.000,11285.08888888889,15.000000000000002,36.36727738603897,2.892449831656975
2036-01-06T00:00:00.000,11285.08888888889,29.999999999999996,36.36727738603897,2.8924498316569753
2036-01-06T00:00:00.000,12340.644444444446,-29.999999999999996,34.09895745373937,2.8924498316569753
2036-01-06T00:00:00.000,12340.644444444446,-14.999999999999998,34.09895745373937,2.892449831656975
2036-01-06T00:00:00.000,12340.644444444446,0.0,34.09895745373937,2.8924498316569753
2036-01-06T00:00:00.000,12340.644444444446,15.000000000000002,34.09895745373937,2.892449831656975
2036-01-06T00:00:00.000,12340.644444444446,29.999999999999996,34.09895745373937,2.892449831656976
2036-01-06T00:00:00.000,13396.2,-29.999999999999996,32.10074248346354,2.892449831656975
2036-01-06T00:00:00.000,13396.2,-14.999999999999998,32.10074248346354,2.892449831656975
2036-01-06T00:00:00.000,13396.2,0.0,32.10074248346354,2.892449831656975
2036-01-06T00:00:00.000,13396.2,15.000000000000002,32.10074248346354,2.892449831656975
2036-01-06T00:00:00.000,13396.2,29.999999999999996,32.10074248346354,2.8924498316569753
2036-02-25T00:00:00.000,3896.2,-29.999999999999996,54.42294279754018,3.6119810996521644
2036-02-25T00:00:00.000,3896.2,-14.999999999999998,54.42294279754018,3.611981099652164
2036-02-25T00:00:00.000,3896.2,0.0,54.42294279754018,3.6119810996521644
2036-02-25T00:00:00.000,3896.2,15.000000000000002,54.42294279754018,3.611981099652165
2036-02-25T00:00:00.000,3896.2,29.999999999999996,54.42294279754018,3.611981099652165
2036-02-25T00:00:00.000,4951.7555555555555,-29.999999999999996,46.9887906597883,3.6119810996521644
2036-02-25T00:00:00.000,4951.7555555555555,-14.999999999999998,46.9887906597883,3.6119810996521644
2036-02-25T00:00:00.000,4951.7555555555555,0.0,46.9887906597883,3.6119810996521644
2036-02-25T00:00:00.000,4951.7555555555555,15.000000000000002,46.9887906597883,3.611981099652165
2036-02-25T00:00:00.000,4951.7555555555555,29.999999999999996,46.9887906597883,3.611981099652165
2036-02-25T00:00:00.000,6007.311111111111,-29.999999999999996,41.38629698448674,3.6119810996521644
2036-02-25T00:00:00.000,6007.311111111111,-14.999999999999998,41.38629698448674,3.6119810996521644
2036-02-25T00:00:00.000,6007.311111111111,0.0,41.38629698448674,3.611981099652165
2036-02-25T00:00:00.000,6007.311111111111,15.000000000000002,41.38629698448674,3.6119810996521644
2036-02-25T00:00:00.000,6007.311111111111,29.999999999999996,41.38629698448674,3.611981099652165
2036-02-25T00:00:00.000,7062.866666666667,-29.999999999999996,37.00060846995038,3.6119810996521644
2036-02-25T00:00:00.000,7062.866666666667,-14.999999999999998,37.00060846995038,3.6119810996521644
2036-02-25T00:00:00.000,7062.866666666667,0.0,37.00060846995038,3.6119810996521644
2036-02-25T00:00:00.000,7062.866666666667,15.000000000000002,37.00060846995038,3.6119810996521644
2036-02-25T00:00:00.000,7062.866666666667,29.999999999999996,37.00060846995038,3.611981099652165
2036-02-25T00:00:00.000,8118.422222222222,-29.999999999999996,33.468405359502626,3.611981099652165
2036-02-25T00:00:00.000,8118.422222222222,-14.999999999999998,33.468405359502626,3.611981099652165
2036-02-25T00:00:00.000,8118.422222222222,0.0,33.468405359502626,3.611981099652165
2036-02-25T00:00:00.000,8118.422222222222,15.000000000000002,33.468405359502626,3.611981099652165
2036-02-25T00:00:00.000,8118.422222222222,29.999999999999996,33.468405359502626,3.611981099652165
2036-02-25T00:00:00.000,9173.977777777778,-29.999999999999996,30.559667463812694,3.6119810996521644
2036-02-25T00:00:00.000,9173.977777777778,-14.999999999999998,30.559667463812694,3.6119810996521644
2036-02-25T00:00:00.000,9173.977777777778,0.0,30.559667463812694,3.6119810996521644
2036-02-25T00:00:00.000,9173.977777777778,15.000000000000002,30.559667463812694,3.611981099652165
2036-02-25T00:00:00.000,9173.977777777778,29.999999999999996,30.559667463812694,3.611981099652165
2036-02-25T00:00:00.000,10229.533333333333,-29.999999999999996,28.12105690301159,3.6119810996521644
2036-02-25T00:00:00.000,10229.533333333333,-14.999999999999998,28.12105690301159,3.6119810996521644
2036-02-25T00:00:00.000,10229.533333333333,0.0,28.12105690301159,3.6119810996521644
2036-02-25T00:00:00.000,10229.533333333333,15.000000000000002,28.12105690301159,3.611981099652165
2036-02-25T00:00:00.000,10229.533333333333,29.999999999999996,28.12105690301159,3.611981099652165
2036-02-25T00:00:00.000,11285.08888888889,-29.999999999999996,26.046144557198744,3.611981099652164
2036-02-25T00:00:00.000,11285.08888888889,-14.999999999999998,26.046144557198744,3.611981099652164
2036-02-25T00:00:00.000,11285.08888888889,0.0,26.046144557198744,3.611981099652165
2036-02-25T00:00:00.000,11285.08888888889,15.000000000000002,26.046144557198744,3.6119810996521644
2036-02-25T00:00:00.000,11285.08888888889,29.999999999999996,26.046144557198744,3.6119810996521644
2036-02-25T00:00:00.000,12340.644444444446,-29.999999999999996,24.258612213705607,3.6119810996521644
2036-02-25T00:00:00.000,12340.644444444446,-14.999999999999998,24.258612213705607,3.611981099652164
2036-02-25T00:00:00.000,12340.644444444446,0.0,24.258612213705607,3.6119810996521644
2036-02-25T00:00:00.000,12340.644444444446,15.000000000000002,24.258612213705607,3.6119810996521644
2036-02-25T00:00:00.000,12340.644444444446,29.999999999999996,24.258612213705607,3.611981099652164
2036-02-25T00:00:00.000,13396.2,-29.999999999999996,22.702237597903643,3.6119810996521644
2036-02-25T00:00:00.000,13396.2,-14.999999999999998,22.702237597903643,3.611981099652164
2036-02-25T00:00:00.000,13396.2,0.0,22.702237597903643,3.6119810996521644
2036-02-25T00:00:00.000,13396.2,15.000000000000002,22.702237597903643,3.611981099652165
2036-02-25T00:00:00.000,13396.2,29.999999999999996,22.702237597903643,3.6119810996521644
2036-04-15T00:00:00.000,3896.2,-29.999999999999996,39.044912813741334,4.679904197657022
2036-04-15T00:00:00.000,3896.2,-14.999999999999998,39.044912813741334,4.679904197657022
2036-04-15T00:00:00.000,3896.2,0.0,39.044912813741334,4.679904197657023
2036-04-15T00:00:00.000,3896.2,15.000000000000002,39.044912813741334,4.679904197657022
2036-04-15T00:00:00.000,3896.2,29.999999999999996,39.044912813741334,4.679904197657023
2036-04-15T00:00:00.000,4951.7555555555555,-29.999999999999996,32.89157641426057,4.679904197657022
2036-04-15T00:00:00.000,4951.7555555555555,-14.999999999999998,32.89157641426057,4.679904197657023
2036-04-15T00:00:00.000,4951.7555555555555,0.0,32.89157641426057,4.679904197657022
2036-04-15T00:00:00.000,4951.7555555555555,15.000000000000002,32.89157641426057,4.679904197657022
2036-04-15T00:00:00.000,4951.7555555555555,29.999999999999996,32.89157641426057,4.679904197657022
2036-04-15T00:00:00.000,6007.311111111111,-29.999999999999996,28.432108753625997,4.679904197657022
2036-04-15T00:00:00.000,6007.311111111111,-14.999999999999998,28.432108753625997,4.679904197657023
2036-04-15T00:00:00.000,6007.311111111111,0.0,28.432108753625997,4.679904197657022
2036-04-15T00:00:00.000,6007.311111111111,15.000000000000002,28.432108753625997,4.679904197657022
2036-04-15T00:00:00.000,6007.311111111111,29.999999999999996,28.432108753625997,4.679904197657023
2036-04-15T00:00:00.000,7062.866666666667,-29.999999999999996,25.046432943668208,4.679904197657022
2036-04-15T00:00:00.000,7062.866666666667,-14.999999999999998,25.046432943668208,4.679904197657022
2036-04-15T00:00:00.000,7062.866666666667,0.0,25.046432943668208,4.679904197657023
2036-04-15T00:00:00.000,7062.866666666667,15.000000000000002,25.046432943668208,4.679904197657022
2036-04-15T00:00:00.000,7062.866666666667,29.999999999999996,25.046432943668208,4.679904197657022
2036-04-15T00:00:00.000,8118.422222222222,-29.999999999999996,22.386056409249708,4.679904197657022
2036-04-15T00:00:00.000,8118.422222222222,-14.999999999999998,22.386056409249708,4.679904197657022
2036-04-15T00:00:00.000,8118.422222222222,0.0,22.386056409249708,4.679904197657022
2036-04-15T00:00:00.000,8118.422222222222,15.000000000000002,22.386056409249708,4.679904197657022
2036-04-15T00:00:00.000,8118.422222222222,29.999999999999996,22.386056409249708,4.679904197657022
2036-04-15T00:00:00.000,9173.977777777778,-29.999999999999996,20.239315773992026,4.679904197657022
2036-04-15T00:00:00.000,9173.977777777778,-14.999999999999998,20.239315773992026,4.679904197657022
2036-04-15T00:00:00.000,9173.977777777778,0.0,20.239315773992026,4.679904197657022
2036-04-15T00:00:00.000,9173.977777777778,15.000000000000002,20.239315773992026,4.679904197657022
2036-04-15T00:00:00.000,9173.977777777778,29.999999999999996,20.239315773992026,4.679904197657022
2036-04-15T00:00:00.000,10229.533333333333,-29.999999999999996,18.46994611233658,4.679904197657023
2036-04-15T00:00:00.000,10229.533333333333,-14.999999999999998,18.46994611233658,4.679904197657023
2036-04-15T00:00:00.000,10229.533333333333,0.0,18.46994611233658,4.679904197657023
2036-04-15T00:00:00.000,10229.533333333333,15.000000000000002,18.46994611233658,4.679904197657023
2036-04-15T00:00:00.000,10229.533333333333,29.999999999999996,18.46994611233658,4.679904197657022
2036-04-15T00:00:00.000,11285.08888888889,-29.999999999999996,16.986135422338386,4.679904197657023
2036-04-15T00:00:00.000,11285.08888888889,-14.999999999999998,16.986135422338386,4.679904197657022
2036-04-15T00:00:00.000,11285.08888888889,0.0,16.986135422338386,4.679904197657023
2036-04-15T00:00:00.000,11285.08888888889,15.000000000000002,16.986135422338386,4.679904197657022
2036-04-15T00:00:00.000,11285.08888888889,29.999999999999996,16.986135422338386,4.679904197657023
2036-04-15T00:00:00.000,12340.644444444446,-29.999999999999996,15.723709904702439,4.679904197657022
2036-04-15T00:00:00.000,12340.644444444446,-14.999999999999998,15.723709904702439,4.679904197657022
2036-04-15T00:00:00.000,12340.644444444446,0.0,15.723709904702439,4.679904197657022
2036-04-15T00:00:00.000,12340.644444444446,15.000000000000002,15.723709904702439,4.679904197657022
2036-04-15T00:00:00.000,12340.644444444446,29.999999999999996,15.723709904702439,4.679904197657023
2036-04-15T00:00:00.000,13396.2,-29.999999999999996,14.636434782379142,4.679904197657022
2036-04-15T00:00:00.000,13396.2,-14.999999999999998,14.636434782379142,4.679904197657022
2036-04-15T00:00:00.000,13396.2,0.0,14.636434782379142,4.679904197657022
2036-04-15T00:00:00.000,13396.2,15.000000000000002,14.636434782379142,4.679904197657022
2036-04-15T00:00:00.000,13396.2,29.999999999999996,14.636434782379142,4.679904197657022
