dep_tdb,tof_days,c3,vinf_in_x,vinf_in_y,vinf_in_z,vinf_out_x,vinf_out_y,vinf_out_z,arr_tdb,dep_idx,tof_idx
2035-01-01T00:00:00.000,100.0,637.3235781998847,-7.456842305448912,-26.434447040289168,-10.268822179808609,-1.7292352752012157,-22.543086083701102,-11.23132197854403,2035-04-11T00:00:00.000,0,0
2035-01-01T00:00:00.000,110.0,483.71391809848575,-5.006193007836863,-23.52951031212675,-8.574886416545674,-0.9950737823705715,-19.28983706763512,-10.517886297646244,2035-04-21T00:00:00.000,0,1
2035-01-01T00:00:00.000,120.0,377.92091349732664,-3.112100646545393,-21.177366315958572,-6.686107006629335,-0.40081380635858466,-16.324979319133003,-10.547763365749095,2035-05-01T00:00:00.000,0,2
2035-01-01T00:00:00.000,130.0,324.99726334274095,-1.8906668685714578,-19.738531274462055,-3.680989712977805,0.4207510884400243,-12.908369554631467,-12.577528664462703,2035-05-11T00:00:00.000,0,3
2035-01-01T00:00:00.000,140.0,1265.4083558597108,-11.81008968187936,-25.723355418052485,10.501878488857068,16.93593825476406,0.4588299172069421,-31.278935825849413,2035-05-21T00:00:00.000,0,4
2035-01-01T00:00:00.000,150.0,265.5296227899639,-0.37120657719885486,-11.440003310490363,-11.774898213532483,1.6225961943282847,-15.903335216177098,3.159229871664395,2035-05-31T00:00:00.000,0,5
2035-01-01T00:00:00.000,160.0,170.45371360006345,0.9394710926466594,-10.901819699122612,-8.144610011369094,0.7600611784037454,-13.021282927568915,-0.5676367899891916,2035-06-10T00:00:00.000,0,6
2035-01-01T00:00:00.000,170.0,133.68296700018692,1.4662919450247394,-9.775744280600879,-6.56555525155054,0.6757387432976181,-11.446040284090255,-1.4881216233818222,2035-06-20T00:00:00.000,0,7
2035-01-01T00:00:00.000,180.0,110.14742667982317,1.724074519615364,-8.62969713937285,-5.529472136395266,0.6789126581872438,-10.318143131472496,-1.7951118630389717,2035-06-30T00:00:00.000,0,8
2035-01-01T00:00:00.000,190.0,93.35778535441959,1.7974720462068703,-7.573191755003849,-4.747199167756779,0.6958876012468842,-9.447994170053512,-1.8997189169677946,2035-07-10T00:00:00.000,0,9
2035-01-01T00:00:00.000,200.0,81.03078657011922,1.725852279643199,-6.639749935242872,-4.124540494528762,0.7133526662453669,-8.763215079440858,-1.9307967306633302,2035-07-20T00:00:00.000,0,10
2035-01-01T00:00:00.000,210.0,71.98001634214052,1.5377762155883392,-5.842062308010991,-3.6216343102674227,0.7300440987397465,-8.226996332935347,-1.9399956943004155,2035-07-30T00:00:00.000,0,11
2035-01-01T00:00:00.000,220.0,65.47778064486519,1.2577905194632741,-5.185234255854711,-3.21864299693019,0.7479635108732658,-7.817338497073547,-1.9512944558521217,2035-08-09T00:00:00.000,0,12
2035-01-01T00:00:00.000,230.0,61.05107575324673,0.9083947426669461,-4.670918334423828,-2.904442067261061,0.7701908667752662,-7.519914841003568,-1.9770590699412547,2035-08-19T00:00:00.000,0,13
2035-01-01T00:00:00.000,240.0,58.3951291755919,0.5107537642162665,-4.298830506163522,-2.67211037241095,0.8002898457246772,-7.3250826994557245,-2.024309458693583,2035-08-29T00:00:00.000,0,14
2035-01-01T00:00:00.000,250.0,57.33048675221192,0.08497830703551568,-4.067403475009289,-2.5168913304803926,0.8422020857686832,-7.226454636849772,-2.0975070394378235,2035-09-08T00:00:00.000,0,15
2035-01-01T00:00:00.000,260.0,57.78099946984869,-0.34974975482766624,-3.974156657403533,-2.4352061606499635,0.9003301251844853,-7.220160048471162,-2.1999304557178365,2035-09-18T00:00:00.000,0,16
2035-01-01T00:00:00.000,270.0,59.7644875997188,-0.7750781330848888,-4.015990326584237,-2.424175497403711,0.9797219078079209,-7.304457917487167,-2.3344222228935023,2035-09-28T00:00:00.000,0,17
2035-01-01T00:00:00.000,280.0,63.393038102452216,-1.1733393574010573,-4.189481687624621,-2.481412624759672,1.0863396422673262,-7.4795523088153155,-2.503837363685228,2035-10-08T00:00:00.000,0,18
2035-01-01T00:00:00.000,290.0,68.88234238798702,-1.5272987107590392,-4.491213357244508,-2.604978401389097,1.2274261122042205,-7.747539339123088,-2.711346845353144,2035-10-18T00:00:00.000,0,19
2035-01-01T00:00:00.000,300.0,76.57109551166502,-1.819727396072012,-4.918105728797865,-2.793424275154779,1.4120010857232543,-8.11244588746889,-2.9606705606113066,2035-10-28T00:00:00.000,0,20
2035-01-01T00:00:00.000,310.0,86.95300639809432,-2.032779686459854,-5.467728468916729,-3.04587590948998,1.6515398394345802,-8.580331478099474,-3.256276137367656,2035-11-07T00:00:00.000,0,21
2035-01-01T00:00:00.000,320.0,100.725803835288,-2.1470754603133724,-6.1385786218094065,-3.362140286355131,1.9609109460947778,-9.159421790686721,-3.603557208796183,2035-11-17T00:00:00.000,0,22
2035-01-01T00:00:00.000,330.0,118.86392916224573,-2.140384370439836,-6.930223567926449,-3.7427795188223376,2.359681399468265,-9.86021772815344,-4.0089823158325135,2035-11-27T00:00:00.000,0,23
2035-01-01T00:00:00.000,340.0,142.72461787601466,-1.985802622979108,-7.843178728904517,-4.18908322258122,2.873935070165018,-10.695473249155778,-4.480174892242868,2035-12-07T00:00:00.000,0,24
2035-01-01T00:00:00.000,350.0,174.20049739938392,-1.649268839274562,-8.878282933350642,-4.702825035478149,3.5387862046449,-11.679833318109967,-5.025831598687642,2035-12-17T00:00:00.000,0,25
2035-01-01T00:00:00.000,360.0,215.93420524758056,-1.08627768252736,-10.035131364282028,-5.285588271255053,4.401770692995882,-12.828730673743266,-5.655288614599767,2035-12-27T00:00:00.000,0,26
2035-01-01T00:00:00.000,370.0,271.6071855451305,-0.23778992405781452,-11.308794088574151,-5.93727738986974,5.527174595005711,-14.155799389974579,-6.377371729188232,2036-01-06T00:00:00.000,0,27
2035-01-01T00:00:00.000,380.0,346.29326264614537,0.9741960311071303,-12.683533334640488,-6.653165761443358,7.0008928902812215,-15.667521558763763,-7.197883688323111,2036-01-16T00:00:00.000,0,28
2035-01-01T00:00:00.000,390.0,446.799185502583,2.64965204260616,-14.12161352380994,-7.418480440291232,8.934136799949357,-17.353150221694776,-8.114712719848322,2036-01-26T00:00:00.000,0,29
2035-01-01T00:00:00.000,400.0,581.747544113201,4.907492701357413,-15.545334478923305,-8.199451112963228,11.46147679709804,-19.167726527674247,-9.109355273732453,2036-02-05T00:00:00.000,0,30
2035-01-01T00:00:00.000,410.0,760.8458652818961,7.867289728215779,-16.813002688729103,-8.930888542686592,14.723921690107085,-21.008150137996957,-10.134575626283944,2036-02-15T00:00:00.000,0,31
2035-01-01T00:00:00.000,420.0,992.4493712423027,11.602784556869333,-17.69852820805238,-9.504666037413992,18.823751982231435,-22.69058299648832,-11.101944687000374,2036-02-25T00:00:00.000,0,32
2035-01-01T00:00:00.000,430.0,1278.8255806402583,16.063067287707952,-17.901122974293692,-9.772033094443527,23.746080076619478,-23.953775342024006,-11.88132604126646,2036-03-06T00:00:00.000,0,33
2035-01-01T00:00:00.000,440.0,1610.6373366086173,20.994940581798193,-17.119604705929664,-9.577789518889194,29.279229870857524,-24.52213605473602,-12.329999111561905,2036-03-16T00:00:00.000,0,34
2035-01-01T00:00:00.000,450.0,1965.461715900053,25.947514360945796,-15.185228908637061,-8.825743666814736,35.01407519871376,-24.225924629944494,-12.352361300703581,2036-03-26T00:00:00.000,0,35
2035-01-01T00:00:00.000,460.0,1980.6801755337065,26.99124223934829,-14.952243988007657,-7.308139207656613,22.801746808594075,34.89140928868698,15.599681915340593,2036-04-05T00:00:00.000,0,36
2035-01-01T00:00:00.000,470.0,1908.0802685467117,27.318095473290793,-13.063838938900957,-6.452627832226807,21.475799269027238,34.71476276315065,15.548490621321731,2036-04-15T00:00:00.000,0,37
2035-01-01T00:00:00.000,480.0,1837.080766447745,27.5047481176616,-11.216213271705358,-5.611490296844933,20.18675283546858,34.49707705405694,15.476674421008688,2036-04-25T00:00:00.000,0,38
2035-01-01T00:00:00.000,490.0,1767.7123555554033,27.560323726404903,-9.415123863177778,-4.787622204298907,18.9347943436955,34.24133888051629,15.38559814849601,2036-05-05T00:00:00.000,0,39
2035-01-01T00:00:00.000,500.0,1699.9949027356756,27.493661209491,-7.665333497846939,-3.983449384505536,17.71992344723298,33.950354026435846,15.276540093867782,2036-05-15T00:00:00.000,0,40
2035-01-01T00:00:00.000,510.0,1633.9388345173566,27.31324442180334,-5.970739274476076,-3.200984850905149,16.541979703721676,33.62674932491356,15.150692124072814,2036-05-25T00:00:00.000,0,41
2035-01-01T00:00:00.000,520.0,1569.5463986107295,27.027153775009076,-4.334492563330171,-2.4418825774378927,15.400667051801515,33.272976358792185,15.0091604427943,2036-06-04T00:00:00.000,0,42
2035-01-01T00:00:00.000,530.0,1506.8128101120574,26.643036198699455,-2.7591088774368124,-1.7074868170425486,14.295575798945336,32.89131648750968,14.852966788057527,2036-06-14T00:00:00.000,0,43
2035-01-01T00:00:00.000,540.0,1445.7272871851785,26.16808809662652,-1.24656891173575,-0.998877001300567,13.22620227667634,32.483886876642245,14.683049884377898,2036-06-24T00:00:00.000,0,44
2035-01-01T00:00:00.000,550.0,1386.2739914018284,25.60904910228114,0.20158467371376432,-0.3169115290914952,12.191966477407167,32.052647339265135,14.500267009965986,2036-07-04T00:00:00.000,0,45
2035-01-01T00:00:00.000,560.0,1328.4328807867778,24.97222005197036,1.5841589344063607,0.3377309079664963,11.19222782244546,31.599407810238933,14.305395597447353,2036-07-14T00:00:00.000,0,46
2035-01-01T00:00:00.000,570.0,1272.1804377891563,24.26348168742515,2.9002509433492776,0.9645256088649568,10.226298541917334,31.125835908378527,14.09913454526303,2036-07-24T00:00:00.000,0,47
2035-01-01T00:00:00.000,580.0,1217.490315085841,23.48830350519365,4.149180054440739,1.563072674914891,9.293455481069266,30.633464702547183,13.882105050208368,2036-08-03T00:00:00.000,0,48
2035-01-01T00:00:00.000,590.0,1164.3339294700056,22.651771347849838,5.330424349323678,2.1330687669389725,8.392950788229605,30.12370082909105,13.654850965711079,2036-08-13T00:00:00.000,0,49
2035-01-01T00:00:00.000,600.0,1112.680986523571,21.758618988968045,6.443568796795205,2.674285035082992,7.524021245316828,29.597832742414518,13.417838416661871,2036-08-23T00:00:00.000,0,50
2035-01-11T00:00:00.000,100.0,573.8403202205527,-4.2466862501667855,-26.003048289092284,-10.19935479935221,1.8391759386769593,-21.33862428017339,-10.72943921725358,2035-04-21T00:00:00.000,1,0
2035-01-11T00:00:00.000,110.0,434.5522926844545,-2.2386922631214894,-22.93883491233393,-8.530147495911663,2.105178404276046,-18.216695922668812,-9.913249024999109,2035-05-01T00:00:00.000,1,1
2035-01-11T00:00:00.000,120.0,337.2808852177286,-0.7037892160580874,-20.39475557175119,-6.831796326312908,2.277082074806227,-15.478626204580374,-9.618103412898124,2035-05-11T00:00:00.000,1,2
2035-01-11T00:00:00.000,130.0,274.67102504983416,0.3816947148144294,-18.45558878199146,-4.750504614757675,2.4811649463431777,-12.776910926489942,-10.259892432935834,2035-05-21T00:00:00.000,1,3
2035-01-11T00:00:00.000,140.0,289.279039589267,0.5422522994621453,-18.025595556928693,-0.6044120763987446,3.528983700540472,-8.664338855267706,-14.20403273129448,2035-05-31T00:00:00.000,1,4
2035-01-11T00:00:00.000,150.0,1153.8315150755452,-8.708500248691232,-8.661970454011177,-25.05550768780105,17.584717863714168,-17.76869012793982,22.997453421332786,2035-06-10T00:00:00.000,1,5
2035-01-11T00:00:00.000,160.0,190.48733936028935,1.7926814744910367,-9.447055052193676,-9.926905077717148,3.0220876875743343,-13.20997314541666,2.617429056588093,2035-06-20T00:00:00.000,1,6
2035-01-11T00:00:00.000,170.0,129.03737309358303,2.4153202966198144,-8.760319894287097,-7.106360773961229,2.3552635482228403,-11.111945013118062,-0.12159250567544966,2035-06-30T00:00:00.000,1,7
2035-01-11T00:00:00.000,180.0,102.65718810489568,2.551697004961632,-7.785875185692664,-5.719349988772521,2.148114497340263,-9.853468741857514,-0.9756771824989965,2035-07-10T00:00:00.000,1,8
2035-01-11T00:00:00.000,190.0,86.0051020696503,2.4917974986974656,-6.840529337133647,-4.798597141113236,2.0313618913218114,-8.950319356692487,-1.3305842135511572,2035-07-20T00:00:00.000,1,9
2035-01-11T00:00:00.000,200.0,74.39663957018615,2.301785094742824,-6.0007428324110315,-4.116698499015044,1.9509001685344103,-8.266035855513477,-1.5044199340490474,2035-07-30T00:00:00.000,1,10
2035-01-11T00:00:00.000,210.0,66.1235428533799,2.0164137117060488,-5.291109574243061,-3.5919790402528893,1.8943432621657088,-7.7429776357222675,-1.6066436416243945,2035-08-09T00:00:00.000,1,11
2035-01-11T00:00:00.000,220.0,60.319828406369794,1.661990279324188,-4.7198120141054645,-3.1872958984132014,1.8590887829159897,-7.350403914923183,-1.6837991540227382,2035-08-19T00:00:00.000,1,12
2035-01-11T00:00:00.000,230.0,56.47673004635708,1.261348342699284,-4.288354769561998,-2.8827593651309913,1.8456986922658132,-7.06950094815212,-1.7584887624894359,2035-08-29T00:00:00.000,1,13
2035-01-11T00:00:00.000,240.0,54.28343330822844,0.8353019564976867,-3.9949195393168004,-2.666213206879985,1.8560964445676689,-6.887841967971996,-1.8428164099918813,2035-09-08T00:00:00.000,1,14
2035-01-11T00:00:00.000,250.0,53.56079031564415,0.40314770258662147,-3.8357539061619406,-2.5293202124513954,1.8930338244664213,-6.796955957612804,-1.9438628977739132,2035-09-18T00:00:00.000,1,15
2035-01-11T00:00:00.000,260.0,54.23007441736517,-0.017124879432864115,-3.8058752671263925,-2.4657769271324383,1.9599809450403143,-6.791124372182216,-2.066199137062241,2035-09-28T00:00:00.000,1,16
2035-01-11T00:00:00.000,270.0,56.29863598118056,-0.4086955424997256,-3.8995245687603592,-2.4704552307640935,2.061195829057457,-6.866735744878865,-2.213153394019403,2035-10-08T00:00:00.000,1,17
2035-01-11T00:00:00.000,280.0,59.85596475827389,-0.7557465868974322,-4.110535237554814,-2.5389963641019904,2.201899826500238,-7.021924488097175,-2.3875046378579743,2035-10-18T00:00:00.000,1,18
2035-01-11T00:00:00.000,290.0,65.077913198555,-1.0431991547656256,-4.432646948219709,-2.6676316623679215,2.3885432446613493,-7.256367323311258,-2.5918926744983555,2035-10-28T00:00:00.000,1,19
2035-01-11T00:00:00.000,300.0,72.23886576466522,-1.2563520756890938,-4.859771725757383,-2.8531156488741036,2.629171271212744,-7.571171047813744,-2.829079913336086,2035-11-07T00:00:00.000,1,20
2035-01-11T00:00:00.000,310.0,81.7330190835778,-1.3803633706559122,-5.38622919113144,-3.092727693198733,2.9339177561849823,-7.968810178593452,-3.102129916858038,2035-11-17T00:00:00.000,1,21
2035-01-11T00:00:00.000,320.0,94.10716492576877,-1.3995294826078428,-6.006893423741015,-3.3842849374065294,3.315668462994328,-8.453075678091425,-3.4145305899541736,2035-11-27T00:00:00.000,1,22
2035-01-11T00:00:00.000,330.0,110.10881381123949,-1.296333858376446,-6.717203386779872,-3.726125344773264,3.7909513594555477,-9.028986632250822,-3.770265507377111,2035-12-07T00:00:00.000,1,23
2035-01-11T00:00:00.000,340.0,130.7552677224874,-1.0502080862042398,-7.512957832492974,-4.117015385069034,4.381128523696617,-9.702590367984067,-4.173813691630487,2035-12-17T00:00:00.000,1,24
2035-01-11T00:00:00.000,350.0,157.43129448605487,-0.6359443432552041,-8.389753855795767,-4.555909222214115,5.113976770218315,-10.480524260212052,-4.6300267073559045,2035-12-27T00:00:00.000,1,25
2035-01-11T00:00:00.000,360.0,192.02489575356134,-0.02171372028908891,-9.341839515527951,-5.041443441453177,6.025737297326046,-11.369120021027948,-5.143782239231809,2036-01-06T00:00:00.000,1,26
2035-01-11T00:00:00.000,370.0,237.1106700097384,0.8333009122687827,-10.359998638136116,-5.570977723885028,7.163651220513131,-12.372677549372225,-5.719232593612508,2036-01-16T00:00:00.000,1,27
2035-01-11T00:00:00.000,380.0,296.1840110849772,1.981427212394557,-11.427826277646748,-6.13885266932591,8.58879128464126,-13.490299367325273,-6.358340847563218,2036-01-26T00:00:00.000,1,28
2035-01-11T00:00:00.000,390.0,373.92657806788134,3.4883822889622813,-12.515525886869199,-6.733400766758576,10.378476889759213,-14.710377264262982,-7.058228974726594,2036-02-05T00:00:00.000,1,29
2035-01-11T00:00:00.000,400.0,476.42369486884365,5.43266341546525,-13.570230777906332,-7.3321485330484455,12.626429066845098,-16.001625986522164,-7.806724644576077,2036-02-15T00:00:00.000,1,30
2035-01-11T00:00:00.000,410.0,611.1260241068475,7.898554814403733,-14.502442400233484,-7.894855915585062,15.43675721491807,-17.30002140713742,-8.575652168034177,2036-02-25T00:00:00.000,1,31
2035-01-11T00:00:00.000,420.0,786.1362505060914,10.956284751457467,-15.170962184932273,-8.355320093639737,18.905155086273798,-18.49345641683204,-9.312541620243172,2036-03-06T00:00:00.000,1,32
2035-01-11T00:00:00.000,430.0,1008.2169760705872,14.622515968665903,-15.375384841973196,-8.616167727969348,23.080018686210163,-19.41222640086012,-9.934544764433157,2036-03-16T00:00:00.000,1,33
2035-01-11T00:00:00.000,440.0,1279.1939680651963,18.80345786497376,-14.874666824910648,-8.555867270172717,27.904894451348817,-19.84273842077568,-10.333274683707533,2036-03-26T00:00:00.000,1,34
2035-01-11T00:00:00.000,450.0,1591.8341623434524,23.248217623767907,-13.45045424408915,-8.058210468039336,33.1688263745058,-19.582873256471608,-10.40068239599258,2036-04-05T00:00:00.000,1,35
2035-01-11T00:00:00.000,460.0,1928.3941486551032,27.565160247195067,-11.003760438453977,-7.060546533050682,38.51711476628832,-18.529856067717944,-10.07325433240588,2036-04-15T00:00:00.000,1,36
2035-01-11T00:00:00.000,470.0,1999.994967145717,29.089334564411622,-10.518676209012048,-5.2989301554722426,15.90433564120525,38.15733869278769,17.06061484359497,2036-04-25T00:00:00.000,1,37
2035-01-11T00:00:00.000,480.0,1928.782127811793,29.08379021567806,-8.663274758509298,-4.4496964646730195,14.657686689016675,37.785458994117626,16.91725265349761,2036-05-05T00:00:00.000,1,38
2035-01-11T00:00:00.000,490.0,1858.9888492022142,28.954188913098946,-6.862669019698616,-3.62164790945189,13.451782450984606,37.37992880153712,16.756471015270854,2036-05-15T00:00:00.000,1,39
2035-01-11T00:00:00.000,500.0,1790.6455456578883,28.709197273011625,-5.120696371553423,-2.816785919768707,12.286316612743072,36.943373282318454,16.57947949341598,2036-05-25T00:00:00.000,1,40
2035-01-11T00:00:00.000,510.0,1723.7735299867866,28.35705786179318,-3.4404497783393904,-2.0367524146110707,11.160860737976144,36.478238229336775,16.387399221903465,2036-06-04T00:00:00.000,1,41
2035-01-11T00:00:00.000,520.0,1658.3861413049442,27.90556129625069,-1.8243898514204577,-1.2828804563579803,10.074885503347648,35.986796028765,16.181264937681576,2036-06-14T00:00:00.000,1,42
2035-01-11T00:00:00.000,530.0,1594.489777299535,27.362031423850013,-0.2744476843430519,-0.5562403111401526,9.027779647406387,35.47115249209816,15.962027215229527,2036-06-24T00:00:00.000,1,43
2035-01-11T00:00:00.000,540.0,1532.0848433423482,26.733321353677475,1.2078769118684853,0.14231574001805214,8.018866940190577,34.933254388246944,15.730554795807182,2036-07-04T00:00:00.000,1,44
2035-01-11T00:00:00.000,550.0,1471.1666258181963,26.0258337165659,2.6214259225737564,0.8121111509664614,7.047421338579866,34.37489752102088,15.487636963527983,2036-07-14T00:00:00.000,1,45
2035-01-11T00:00:00.000,560.0,1411.7260476378087,25.245541615868078,3.9653225317168577,1.4526185398872267,6.112679841634559,33.79773474805239,15.23398564695974,2036-07-24T00:00:00.000,1,46
2035-01-11T00:00:00.000,570.0,1353.7503447271247,24.397999747848353,5.238902743892712,2.063429683525843,5.213853799385266,33.20328408635495,14.970237111234033,2036-08-03T00:00:00.000,1,47
2035-01-11T00:00:00.000,580.0,1297.2236958947415,23.488374290954486,6.441651402978778,2.64422644078925,4.350139136024438,32.5929370975417,14.696953315148695,2036-08-13T00:00:00.000,1,48
2035-01-11T00:00:00.000,590.0,1242.1277871318316,22.521476804048604,7.5731501382414805,3.1947577885015184,3.520725270048491,31.967967291668693,14.414622712491449,2036-08-23T00:00:00.000,1,49
2035-01-11T00:00:00.000,600.0,1188.4423141915124,21.50179980832097,8.633033018216345,3.7148206704173967,2.7248028703742513,31.329538515890498,14.123660286570423,2036-09-02T00:00:00.000,1,50
2035-01-21T00:00:00.000,100.0,513.9880747299118,-1.1866179414766655,-25.19838579116674,-9.971529972506179,4.9425695658824615,-19.715377721671075,-10.04305541696152,2035-05-01T00:00:00.000,2,0
2035-01-21T00:00:00.000,110.0,388.6500497304706,0.36795669426147626,-22.044033544706082,-8.324323850511675,4.782020157102121,-16.77041732847573,-9.194315394650138,2035-05-11T00:00:00.000,2,1
2035-01-21T00:00:00.000,120.0,300.64684889728744,1.5243964050909717,-19.40177663645344,-6.733307670662224,4.586712589223328,-14.24607706569767,-8.755467135416053,2035-05-21T00:00:00.000,2,2
2035-01-21T00:00:00.000,130.0,240.66989638079957,2.3280004775895407,-17.269283028666354,-5.01163667261973,4.4169550889507825,-11.916858689183059,-8.896565804007386,2035-05-31T00:00:00.000,2,3
2035-01-21T00:00:00.000,140.0,212.58492234402718,2.721768904375267,-15.896130480841297,-2.6088732210193966,4.4501845024758,-9.269671240721387,-10.337019653986067,2035-06-10T00:00:00.000,2,4
2035-01-21T00:00:00.000,150.0,383.1340308514322,1.0630762927623927,-17.904983061345234,3.9893353527889763,7.132711810243176,-2.4866665275028126,-18.057545311155856,2035-06-20T00:00:00.000,2,5
2035-01-21T00:00:00.000,160.0,399.5923122776838,0.6317196303494761,-7.281527021953059,-16.00070052967696,7.605565835714241,-14.027954663205193,12.040106667441107,2035-06-30T00:00:00.000,2,6
2035-01-21T00:00:00.000,170.0,137.56080463177156,3.1055566659905764,-7.502348019611649,-8.199855838363586,3.926275303591499,-10.84322048198299,2.1376941903096505,2035-07-10T00:00:00.000,2,7
2035-01-21T00:00:00.000,180.0,98.5560742181257,3.223605099121386,-6.830060811908972,-6.044917693279619,3.4039470470268007,-9.32484334793589,0.12851169448347655,2035-07-20T00:00:00.000,2,8
2035-01-21T00:00:00.000,190.0,80.25159728545844,3.058410522287902,-6.045461676876343,-4.886608405615916,3.152616990598105,-8.361444285471087,-0.6315479847275967,2035-07-30T00:00:00.000,2,9
2035-01-21T00:00:00.000,200.0,68.80809115870174,2.7681709438657762,-5.325897906185302,-4.114122595759361,2.9865848898034777,-7.6733267031535135,-1.004220673642262,2035-08-09T00:00:00.000,2,10
2035-01-21T00:00:00.000,210.0,61.072183813174036,2.401937906377574,-4.720661774121481,-3.556386159766941,2.8705711216023353,-7.164797860981565,-1.223796086066109,2035-08-19T00:00:00.000,2,11
2035-01-21T00:00:00.000,220.0,55.83413279684343,1.9889890168572002,-4.244880510777005,-3.145593504285273,2.7948675937324374,-6.7914324973651325,-1.3781482373389586,2035-08-29T00:00:00.000,2,12
2035-01-21T00:00:00.000,230.0,52.4886181455004,1.5523194777382,-3.901422322957675,-2.8483987410793183,2.756753821431957,-6.528291568123205,-1.5067633241794063,2035-09-08T00:00:00.000,2,13
2035-01-21T00:00:00.000,240.0,50.696856904663356,1.1118555649775477,-3.687733934905836,-2.6455403081499984,2.756152468242906,-6.3596280370747635,-1.6296047700330547,2035-09-18T00:00:00.000,2,14
2035-01-21T00:00:00.000,250.0,50.270886410959946,0.6854465206618315,-3.598471628656487,-2.524332214082131,2.7943538027208277,-6.274788941582155,-1.757696496775793,2035-09-28T00:00:00.000,2,15
2035-01-21T00:00:00.000,260.0,51.12545725303368,0.28924803863368176,-3.6267233846370956,-2.4754791027081673,2.8736220518092175,-6.266321684318363,-1.8976211700523713,2035-10-08T00:00:00.000,2,16
2035-01-21T00:00:00.000,270.0,53.25638378313786,-0.06205638829943361,-3.764705299737887,-2.4916051829623864,2.9971201973095347,-6.328995076568141,-2.053649343679041,2035-10-18T00:00:00.000,2,17
2035-01-21T00:00:00.000,280.0,56.732020202315084,-0.3550304877442132,-4.004216284367942,-2.5665371800367485,3.168982252114109,-6.4592467464318695,-2.2288344839422667,2035-10-28T00:00:00.000,2,18
2035-01-21T00:00:00.000,290.0,61.693082984373504,-0.5772311347158077,-4.336961898962901,-2.694942117624965,3.3944791548244027,-6.654846920019729,-2.4256147103239716,2035-11-07T00:00:00.000,2,19
2035-01-21T00:00:00.000,300.0,68.35930426407158,-0.7168677701536605,-4.754814440279262,-2.8721561930382506,3.6802678990836917,-6.914677283567688,-2.646161468837205,2035-11-17T00:00:00.000,2,20
2035-01-21T00:00:00.000,310.0,77.04295523941467,-0.7623476938274951,-5.249986008727172,-3.0940965690272364,4.0347316382163,-7.238565719066521,-2.8925874537766436,2035-11-27T00:00:00.000,2,21
2035-01-21T00:00:00.000,320.0,88.17035639555297,-0.7017071232080063,-5.815103265352812,-3.35719887954867,4.4684302954757165,-7.6271343545590895,-3.167066249312173,2035-12-07T00:00:00.000,2,22
2035-01-21T00:00:00.000,330.0,102.31349009875804,-0.5219085219007162,-6.4431592514233635,-3.658343232957474,4.994690896016316,-8.081619573806826,-3.4718839289746057,2035-12-17T00:00:00.000,2,23
2035-01-21T00:00:00.000,340.0,120.23493014106145,-0.20798391291193496,-7.12729290728765,-3.9947299446026845,5.630374796221478,-8.603611199967304,-3.8094204434444574,2035-12-27T00:00:00.000,2,24
2035-01-21T00:00:00.000,350.0,142.95056946659267,0.25799421138356493,-7.860323979802143,-4.3636606716289785,6.39686345131021,-9.194632867848817,-4.182037048778804,2036-01-06T00:00:00.000,2,25
2035-01-21T00:00:00.000,360.0,171.81594983012326,0.8981406155047011,-8.633926032213964,-4.762164781706281,7.321299008537434,-9.855441670654386,-4.59181882635205,2036-01-16T00:00:00.000,2,26
2035-01-21T00:00:00.000,370.0,208.64279903003177,1.7401664122562508,-9.437215833906784,-5.18635647129094,8.438083618688715,-10.584853430600365,-5.040081519852295,2036-01-26T00:00:00.000,2,27
2035-01-21T00:00:00.000,380.0,255.85117696004085,2.818814439412204,-10.254476979218826,-5.6303726423048515,9.79054850188994,-11.377794487086984,-5.526493427282306,2036-02-05T00:00:00.000,2,28
2035-01-21T00:00:00.000,390.0,316.65598701631257,4.177021115642798,-11.061604079244624,-6.084676005615107,11.432488723833176,-12.222147304617515,-6.047586614507534,2036-02-15T00:00:00.000,2,29
2035-01-21T00:00:00.000,400.0,395.266707816752,5.866008497781056,-11.820720251372393,-6.533414732598172,13.428799727028556,-13.09383689004224,-6.594352220277498,2036-02-25T00:00:00.000,2,30
2035-01-21T00:00:00.000,410.0,497.0321738387486,7.942666040889666,-12.472567507276102,-6.950565964488383,15.853590277355693,-13.949668001295773,-7.148609082199586,2036-03-06T00:00:00.000,2,31
2035-01-21T00:00:00.000,420.0,628.369288732826,10.46131067594932,-12.927045938557185,-7.294916857302109,18.782800281137085,-14.718094457021316,-7.678111609369916,2036-03-16T00:00:00.000,2,32
2035-01-21T00:00:00.000,430.0,796.1715610894954,13.455664122873108,-13.054544260753312,-7.504995812048401,22.276964656841475,-15.290184138879617,-8.131339112746764,2036-03-26T00:00:00.000,2,33
2035-01-21T00:00:00.000,440.0,1006.2773573273454,16.907708392321375,-12.685213733288185,-7.49732633047262,26.350329058240938,-15.517322233133605,-8.435059369255567,2036-04-05T00:00:00.000,2,34
2035-01-21T00:00:00.000,450.0,1260.7590307750172,20.707255230286872,-11.628563709017715,-7.1742671541399075,30.929376082598026,-15.227353665521271,-8.500613287367345,2036-04-15T00:00:00.000,2,35
2035-01-21T00:00:00.000,460.0,1554.684456343131,24.622412623461482,-9.723988053271574,-6.447538278068197,35.82014212410486,-14.269641218437009,-8.244950821511488,2036-04-25T00:00:00.000,2,36
2035-01-21T00:00:00.000,470.0,1874.4485448749192,28.31588999087628,-6.91257729138394,-5.274186939302298,40.71920609243034,-12.58067518508399,-7.623740024719824,2036-05-05T00:00:00.000,2,37
2035-01-21T00:00:00.000,480.0,2017.9200804210273,30.377238559446404,-5.944995043059643,-3.2136847810985802,8.477830616707447,40.27015188890118,18.01003429481115,2036-05-15T00:00:00.000,2,38
2035-01-21T00:00:00.000,490.0,1947.9276610531751,30.06524953419107,-4.158979052969187,-2.3880277192917347,7.339005618652667,39.722054714267976,17.78271708314736,2036-05-25T00:00:00.000,2,39
2035-01-21T00:00:00.000,500.0,1879.1755234811521,29.644799916029385,-2.438028165199267,-1.5886527971535447,6.2434120671323186,39.14724903000247,17.541043943394854,2036-06-04T00:00:00.000,2,40
2035-01-21T00:00:00.000,510.0,1811.6951752283935,29.123809123829176,-0.7845448018836052,-0.8168812159919492,5.19040612515488,38.54798393055222,17.28605780316137,2036-06-14T00:00:00.000,2,41
2035-01-21T00:00:00.000,520.0,1745.5104262258674,28.509714346178253,0.7995913086882105,-0.07377389691999081,4.1792744453482165,37.9263413837636,17.018716772381733,2036-06-24T00:00:00.000,2,42
2035-01-21T00:00:00.000,530.0,1680.638324101319,27.80946892341901,2.3129235730177378,0.639822739004849,3.2092502992593452,37.284244372544705,16.73989719760523,2036-07-04T00:00:00.000,2,43
2035-01-21T00:00:00.000,540.0,1617.0900271779308,27.02956496114662,3.754327994889035,1.3232336617675111,2.279527960521701,36.623465510810135,16.45039675611598,2036-07-14T00:00:00.000,2,44
2035-01-21T00:00:00.000,550.0,1554.8715692455958,26.176056587868736,5.122951778394604,1.975927888785736,1.3892748935900698,35.945635477541906,16.150937267889958,2036-07-24T00:00:00.000,2,45
2035-01-21T00:00:00.000,560.0,1493.9845500784756,25.254573398411132,6.418144395014112,2.597487763945061,0.5376424356568386,35.25225143551247,15.842167131338615,2036-08-03T00:00:00.000,2,46
2035-01-21T00:00:00.000,570.0,1434.4267861219591,24.27035269053002,7.63939324355421,3.1875791790127224,-0.27622457298415526,34.54468568097339,15.524663516804189,2036-08-13T00:00:00.000,2,47
2035-01-21T00:00:00.000,580.0,1376.1929009233859,23.228275724481982,8.786271431426208,3.7459278878922646,-1.0531794056886028,33.824194231499405,15.198934128833566,2036-08-23T00:00:00.000,2,48
2035-01-21T00:00:00.000,590.0,1319.2748571276497,22.132905705872243,9.858393470628004,4.272299576645766,-1.7940661842788614,33.091925299195225,14.86541838114756,2036-09-02T00:00:00.000,2,49
2035-01-21T00:00:00.000,600.0,1263.662437881584,20.988526489086208,10.855376992296172,4.766483806276517,-2.499713554906691,32.34892769130067,14.52448784804478,2036-09-12T00:00:00.000,2,50
2035-01-31T00:00:00.000,100.0,457.9386335416225,1.6650396487910122,-24.054964903879387,-9.599935341412724,7.600501712378803,-17.757835909407863,-9.210335014335472,2035-05-11T00:00:00.000,3,0
2035-01-31T00:00:00.000,110.0,346.0241837284272,2.7668494526219973,-20.874648051527906,-7.984632555455471,7.0634720337097505,-15.03277641711237,-8.375391319248171,2035-05-21T00:00:00.000,3,1
2035-01-31T00:00:00.000,120.0,267.26245337184383,3.5428749515485336,-18.20380080900419,-6.475903159144533,6.552215322955224,-12.735854469729059,-7.882191234635007,2035-05-31T00:00:00.000,3,2
2035-01-31T00:00:00.000,130.0,212.41863317600172,4.037084470619551,-16.003232046018613,-4.954757298890048,6.096006583513972,-10.694903255020556,-7.802331784505627,2035-06-10T00:00:00.000,3,3
2035-01-31T00:00:00.000,140.0,178.82426481854304,4.259156420204178,-14.34987842874428,-3.1660236758347002,5.7522974180221595,-8.641898808898208,-8.42928966223859,2035-06-20T00:00:00.000,3,4
2035-01-31T00:00:00.000,150.0,188.49517537787563,4.019947565155039,-13.840407128244532,-0.15163109468578728,5.853030446156492,-5.624951569651941,-11.072358818847542,2035-06-30T00:00:00.000,3,5
2035-01-31T00:00:00.000,160.0,1135.040158244041,-4.484992561095094,-25.02260505865184,10.98545642005639,17.613805238623183,13.219861489662996,-25.495671896500724,2035-07-10T00:00:00.000,3,6
2035-01-31T00:00:00.000,170.0,200.08837343109508,3.202596946385121,-5.909809066641213,-11.036519343008614,5.901317590020874,-10.827975040460764,6.929486319776094,2035-07-20T00:00:00.000,3,7
2035-01-31T00:00:00.000,180.0,100.94058077534679,3.7201265656542635,-5.756743769734502,-6.671163260051934,4.5356788604931175,-8.798158454191249,1.7206411202704937,2035-07-30T00:00:00.000,3,8
2035-01-31T00:00:00.000,190.0,76.54927108601295,3.499168923629618,-5.202132091933493,-5.053866831903546,4.1268708659441735,-7.711249815633611,0.2341670829231406,2035-08-09T00:00:00.000,3,9
2035-01-31T00:00:00.000,200.0,64.32209173169704,3.131335934948728,-4.631754619069195,-4.132340377601294,3.886411679507038,-7.002540603124626,-0.42699073839994384,2035-08-19T00:00:00.000,3,10
2035-01-31T00:00:00.000,210.0,56.80611987203455,2.702500099234136,-4.145482779192932,-3.5218923646108884,3.725094379884542,-6.503530562688294,-0.7961670384827713,2035-08-29T00:00:00.000,3,11
2035-01-31T00:00:00.000,220.0,51.98771337584897,2.2476881931694503,-3.7722770144992204,-3.09703504871619,3.621653555101126,-6.1472679900927645,-1.0404014420660914,2035-09-08T00:00:00.000,3,12
2035-01-31T00:00:00.000,230.0,49.05529665410699,1.7901289114550716,-3.518833717522007,-2.8029453295259756,3.569146930506232,-5.899992628764519,-1.227425689436748,2035-09-18T00:00:00.000,3,13
2035-01-31T00:00:00.000,240.0,47.608797470098516,1.3484194892719037,-3.3830771845472185,-2.610437086310789,3.565206611938656,-5.741780648180832,-1.3892639318946944,2035-09-28T00:00:00.000,3,14
2035-01-31T00:00:00.000,250.0,47.43955571322825,0.9384350746136054,-3.3589036468883187,-2.5014308940577585,3.6094997225749452,-5.659605626955408,-1.5427026976363045,2035-10-08T00:00:00.000,3,15
2035-01-31T00:00:00.000,260.0,48.45139611433833,0.5740054152547405,-3.4382109016831137,-2.4633138881723013,3.7029343018475167,-5.644379583280948,-1.6972485941607278,2035-10-18T00:00:00.000,3,16
2035-01-31T00:00:00.000,270.0,50.62771055780755,0.2672739271264497,-3.611914997627931,-2.486462382434741,3.8474118195255436,-5.689511419561782,-1.8586534522225424,2035-10-28T00:00:00.000,3,17
2035-01-31T00:00:00.000,280.0,54.01744948775398,0.028961032408737708,-3.8705300011119093,-2.5630533622084144,4.045793707432459,-5.790123972640853,-2.030632203552285,2035-11-07T00:00:00.000,3,18
2035-01-31T00:00:00.000,290.0,58.73094024417672,-0.13135390927693535,-4.204553925245271,-2.686472042724078,4.301977282371059,-5.942586072381001,-2.215762279325874,2035-11-17T00:00:00.000,3,19
2035-01-31T00:00:00.000,300.0,64.94225625923674,-0.2048910450475283,-4.6047148220994725,-2.8509962422960573,4.621046859843435,-6.144202732791268,-2.415979088636364,2035-11-27T00:00:00.000,3,20
2035-01-31T00:00:00.000,310.0,72.89717579862979,-0.18327196244546506,-5.062108139799154,-3.0516109243828513,5.009493025038832,-6.39298265103135,-2.632855532369611,2035-12-07T00:00:00.000,3,21
2035-01-31T00:00:00.000,320.0,82.92695067245668,-0.05805702384611777,-5.568233827003059,-3.283879249594806,5.475505925721965,-6.687433615087052,-2.867754726897692,2035-12-17T00:00:00.000,3,22
2035-01-31T00:00:00.000,330.0,95.46892523987891,0.17978628361566606,-6.114921560426451,-3.543822980914345,6.029355725162425,-7.026347082244762,-3.1218970929805696,2035-12-27T00:00:00.000,3,23
2035-01-31T00:00:00.000,340.0,111.09581010454433,0.5404862151884586,-6.694125831735947,-3.8277799794151557,6.683878135069474,-7.408532176671667,-3.3963560130388455,2036-01-06T00:00:00.000,3,24
2035-01-31T00:00:00.000,350.0,130.5562555574983,1.0361598893428265,-7.297557719248347,-4.132212198839946,7.45508546940718,-7.832449108730234,-3.691977405196729,2036-01-16T00:00:00.000,3,25
2035-01-31T00:00:00.000,360.0,154.83026604397946,1.6816027186311722,-7.916063753146078,-4.4534116720568555,8.362919714976483,-8.295670687580294,-4.009200385121481,2036-01-26T00:00:00.000,3,26
2035-01-31T00:00:00.000,370.0,185.20381968558735,2.4951210926375396,-8.538670071571966,-4.787055612847353,9.432147740905965,-8.794067112714568,-4.347734156590292,2036-02-05T00:00:00.000,3,27
2035-01-31T00:00:00.000,380.0,223.36744072740436,3.4993877390264814,-9.151155713654523,-5.1275433214509585,10.69336047689709,-9.320561793115683,-4.706018518796094,2036-02-15T00:00:00.000,3,28
2035-01-31T00:00:00.000,390.0,271.5420593627941,4.72216374845479,-9.733918082065475,-5.466987350825999,12.18394473777418,-9.86324076973403,-5.080357419307758,2036-02-25T00:00:00.000,3,29
2035-01-31T00:00:00.000,400.0,332.62970219089794,6.196536085801039,-10.258862709705005,-5.793708715969563,13.948706317118944,-10.402532188111394,-5.463571940129496,2036-03-06T00:00:00.000,3,30
2035-01-31T00:00:00.000,410.0,410.3710198275059,7.959979045640738,-10.685042523921906,-6.0900663319124675,16.039465664954264,-10.90715388579769,-5.842991966603025,2036-03-16T00:00:00.000,3,31
2035-01-31T00:00:00.000,420.0,509.4568972717506,10.050957172295064,-10.95296860105129,-6.329514965971902,18.512341204615385,-11.32868870588445,-6.19765541159043,2036-03-26T00:00:00.000,3,32
2035-01-31T00:00:00.000,430.0,635.4750830173685,12.500997744183636,-10.978217732870348,-6.473090785389933,21.42058570882324,-11.59527807433781,-6.494853138224679,2036-04-05T00:00:00.000,3,33
2035-01-31T00:00:00.000,440.0,794.4719281540888,15.319591535535583,-10.646641482315044,-6.4663155079490915,24.800132019671018,-11.606496859965059,-6.686898429062488,2036-04-15T00:00:00.000,3,34
2035-01-31T00:00:00.000,450.0,991.8196684242535,18.470217032699637,-9.816444011631981,-6.239000762241246,28.64575949438764,-11.234325550461893,-6.710444161170917,2036-04-25T00:00:00.000,3,35
2035-01-31T00:00:00.000,460.0,1230.165332575963,21.840832532533256,-8.335593264049278,-5.712251740234333,32.88061324397598,-10.338226728924283,-6.492432007914296,2036-05-05T00:00:00.000,3,36
2035-01-31T00:00:00.000,470.0,1506.779039162083,25.22302274756189,-6.081523715661843,-4.816772146624781,37.332529234131734,-8.80112953459695,-5.966692472386017,2036-05-15T00:00:00.000,3,37
2035-01-31T00:00:00.000,480.0,1811.6510547537255,28.324142774059098,-3.0167807650589413,-3.520562092900718,41.74134690596152,-6.580663169800793,-5.099596599293836,2036-05-25T00:00:00.000,3,38
2035-01-31T00:00:00.000,490.0,2036.4512150484427,30.874178046759983,-1.3310955061636083,-1.0988551521730887,0.8122995510996347,41.18621238046779,18.425180982523003,2036-06-04T00:00:00.000,3,39
2035-01-31T00:00:00.000,500.0,1967.3479118640748,30.2819693139243,0.35625343747380356,-0.3108342038228731,-0.19417734415681664,40.48287391589386,18.12311028860475,2036-06-14T00:00:00.000,3,40
2035-01-31T00:00:00.000,510.0,1899.3133799049037,29.595724810485954,1.9710764553767142,0.4471095888730785,-1.1559559876181673,39.75923642601238,17.809555426232393,2036-06-24T00:00:00.000,3,41
2035-01-31T00:00:00.000,520.0,1832.3811539217209,28.82248502747188,3.511960180435297,1.1741356094484905,-2.073886710968541,39.01718931390737,17.485396360234475,2036-07-04T00:00:00.000,3,42
2035-01-31T00:00:00.000,530.0,1766.5782686145958,27.968819434552678,4.977813442768783,1.869569995177084,-2.9488481262069755,38.25847387469436,17.15143551200571,2036-07-14T00:00:00.000,3,43
2035-01-31T00:00:00.000,540.0,1701.9260170471807,27.040852088556377,6.367805173123688,2.5328775906505454,-3.7817357358537755,37.484692083457816,16.808401211290203,2036-07-24T00:00:00.000,3,44
2035-01-31T00:00:00.000,550.0,1638.4406408051427,26.044277439077483,7.6812950015916,3.163630599691359,-4.573451996306563,36.697315280506544,16.45695077606186,2036-08-03T00:00:00.000,3,45
2035-01-31T00:00:00.000,560.0,1576.133988268944,24.984394950384907,8.917768631595008,3.7614782153978226,-5.324897396595031,35.89769305753967,16.09767340740107,2036-08-13T00:00:00.000,3,46
2035-01-31T00:00:00.000,570.0,1515.0141192929132,23.866147760258393,10.07678551282758,4.326122354215338,-6.03696272643408,35.08706202830523,15.731092732369858,2036-08-23T00:00:00.000,3,47
2035-01-31T00:00:00.000,580.0,1455.0858560076113,22.694163102040722,11.157934616827246,4.857297131165185,-6.710522415693738,34.26655441720604,15.35766887547523,2036-09-02T00:00:00.000,3,48
2035-01-31T00:00:00.000,590.0,1396.3512863832925,21.472793515581827,12.160796435791212,5.354752161086376,-7.3464287811632225,33.437206498932596,14.977799975107454,2036-09-12T00:00:00.000,3,49
2035-01-31T00:00:00.000,600.0,1338.8102248365421,20.206158405541114,13.084909798527232,5.818238359492948,-7.945507054583079,32.5999669213771,14.591823025490386,2036-09-22T00:00:00.000,3,50
2035-02-10T00:00:00.000,100.0,403.9203154149353,4.255661399605355,-22.609894085971312,-9.101552949893948,9.715302849333945,-15.533938669025517,-8.260142576712148,2035-05-21T00:00:00.000,4,0
2035-02-10T00:00:00.000,110.0,304.97399632381433,4.915867903255169,-19.464093211323863,-7.5338509828852285,8.858217623041794,-13.064829173188848,-7.471025066350652,2035-05-31T00:00:00.000,4,1
2035-02-10T00:00:00.000,120.0,235.2960938697941,5.321029777982911,-16.823568574493223,-6.10433791572783,8.08396973565325,-11.013588661448736,-6.97469655105111,2035-06-10T00:00:00.000,4,2
2035-02-10T00:00:00.000,130.0,186.30530024853044,5.507348810379725,-14.631427571150049,-4.72760697787833,7.40198164154228,-9.237510037849564,-6.795908793342511,2035-06-20T00:00:00.000,4,3
2035-02-10T00:00:00.000,140.0,153.8273150376354,5.497467887306087,-12.898501780078073,-3.2600909692242652,6.829046302702096,-7.564162661971263,-7.069291679965261,2035-06-30T00:00:00.000,4,4
2035-02-10T00:00:00.000,150.0,141.60918372565698,5.268670687529621,-11.822065644230257,-1.3153123653283503,6.4407015240434085,-5.60394138714603,-8.289896774584935,2035-07-10T00:00:00.000,4,5
2035-02-10T00:00:00.000,160.0,222.26710631138042,4.310722815107084,-12.962378200921421,3.0172540439141633,7.011656184884444,-1.0953593540208502,-13.111215494450207,2035-07-20T00:00:00.000,4,6
2035-02-10T00:00:00.000,170.0,839.3610414233208,-1.0786252591605496,-6.234046239560309,-22.883415558542303,13.421700646333246,-7.894200107691809,24.43154923133728,2035-07-30T00:00:00.000,4,7
2035-02-10T00:00:00.000,180.0,120.29271375168014,3.9778647040536583,-4.529909934005939,-8.051028952779241,5.558576652972636,-8.359532523011108,4.4173697311213616,2035-08-09T00:00:00.000,4,8
2035-02-10T00:00:00.000,190.0,75.08593028708218,3.814248150422779,-4.313849680325472,-5.377093659521443,4.888674149177202,-7.023589114945498,1.3623477143034552,2035-08-19T00:00:00.000,4,9
2035-02-10T00:00:00.000,200.0,60.206762283482014,3.396611527890217,-3.9294311411649794,-4.19117525106461,4.580523944614232,-6.258135574164257,0.24759202668402303,2035-08-29T00:00:00.000,4,10
2035-02-10T00:00:00.000,210.0,52.48458030519868,2.9241702071570543,-3.576519230469245,-3.494548069466214,4.387649343089034,-5.755968350052452,-0.3192834171758747,2035-09-08T00:00:00.000,4,11
2035-02-10T00:00:00.000,220.0,47.944091474320345,2.4438921000072797,-3.3108509068748013,-3.0432093303021723,4.268556509224545,-5.410672755708799,-0.6694304538244928,2035-09-18T00:00:00.000,4,12
2035-02-10T00:00:00.000,230.0,45.35713735864541,1.9796741813327654,-3.147050597440181,-2.7461670411645542,4.210922921156939,-5.174912288936071,-0.9195370098799494,2035-09-28T00:00:00.000,4,13
2035-02-10T00:00:00.000,240.0,44.21025500224279,1.5484535657847391,-3.085306612946251,-2.559811725280058,4.209926306427388,-5.023114831963003,-1.120309279443287,2035-10-08T00:00:00.000,4,14
2035-02-10T00:00:00.000,250.0,44.25853228888046,1.163735392615076,-3.1198487835682513,-2.4591588734396215,4.263592368522218,-4.9394827954257,-1.2968508463401136,2035-10-18T00:00:00.000,4,15
2035-02-10T00:00:00.000,260.0,45.38995820520481,0.8367114788335339,-3.2422351628421637,-2.4278156915672255,4.371460794867211,-4.9133141731694465,-1.4627482899925006,2035-10-28T00:00:00.000,4,16
2035-02-10T00:00:00.000,270.0,47.5746621945868,0.5767513350994165,-3.442844499158511,-2.4538671346249723,4.534145828255095,-4.9368798310989845,-1.6258540328060747,2035-11-07T00:00:00.000,4,17
2035-02-10T00:00:00.000,280.0,50.8438251735802,0.3917381239068334,-3.7116685015315447,-2.5280024478843925,4.753203866177262,-5.004335813091789,-1.790949817818655,2035-11-17T00:00:00.000,4,18
2035-02-10T00:00:00.000,290.0,55.28150365388932,0.28838934913386893,-4.038757250518206,-2.6425841621650843,5.031133095220046,-5.11110217943277,-1.9610808100301398,2035-11-27T00:00:00.000,4,19
2035-02-10T00:00:00.000,300.0,61.023544284330185,0.2725880397268501,-4.414469576734206,-2.7911471384012803,5.371446987951632,-5.253467908397532,-2.1382648281709127,2035-12-07T00:00:00.000,4,20
2035-02-10T00:00:00.000,310.0,68.26151755076823,0.34973886262066145,-4.829593982819468,-2.968104161880235,5.778803044051044,-5.428307595268812,-2.3238824367815063,2035-12-17T00:00:00.000,4,21
2035-02-10T00:00:00.000,320.0,77.25115993995934,0.5251513234565373,-5.275362955152488,-3.168546942324441,6.259183619996971,-5.632847744788265,-2.518889960906332,2035-12-27T00:00:00.000,4,22
2035-02-10T00:00:00.000,330.0,88.32565419815404,0.8044466754817137,-5.7433716877649115,-3.3880851735939306,6.820132975405084,-5.864442080193172,-2.723923545917877,2036-01-06T00:00:00.000,4,23
2035-02-10T00:00:00.000,340.0,101.91470310576004,1.1940019832347453,-6.225401985065266,-3.6226933407759105,7.4710589547016255,-6.120322437464726,-2.9393255115074517,2036-01-16T00:00:00.000,4,24
2035-02-10T00:00:00.000,350.0,118.57092690731643,1.7014367396574883,-6.713108571838788,-3.868524892141906,8.223608596761407,-6.397289522693011,-3.165102734103673,2036-01-26T00:00:00.000,4,25
2035-02-10T00:00:00.000,360.0,139.00573050846612,2.3361033541246137,-7.19755447768836,-4.121673226926358,9.092124568377622,-6.691299204301721,-3.400811123846969,2036-02-05T00:00:00.000,4,26
2035-02-10T00:00:00.000,370.0,164.1375263721202,3.1096104951453825,-7.668558435110871,-4.377859876834011,10.094184815017298,-6.996885403578364,-3.6453468890609617,2036-02-15T00:00:00.000,4,27
2035-02-10T00:00:00.000,380.0,195.1558018154934,4.036347738079989,-8.113753414216049,-4.631993431928883,11.251208556784858,-7.306336036819022,-3.896608980165224,2036-02-25T00:00:00.000,4,28
2035-02-10T00:00:00.000,390.0,233.60470619788435,5.133933362806385,-8.517251387448018,-4.87754175093223,12.589071578874467,-7.6085065621661165,-4.150977098628061,2036-03-06T00:00:00.000,4,29
2035-02-10T00:00:00.000,400.0,281.4887504447907,6.4234371533924275,-8.857768651528547,-5.105638168983239,14.13859472392132,-7.88711932830072,-4.402526363196493,2036-03-16T00:00:00.000,4,30
2035-02-10T00:00:00.000,410.0,341.3989280851206,7.92907221032687,-9.106042324424434,-5.303820833676455,15.93561945956551,-8.118370053258438,-4.641877659244614,2036-03-26T00:00:00.000,4,31
2035-02-10T00:00:00.000,420.0,416.6462897729145,9.676791358578004,-9.221406687372317,-5.454310090538171,18.020119456279772,-8.267686716045759,-4.854579376181023,2036-04-05T00:00:00.000,4,32
2035-02-10T00:00:00.000,430.0,511.3651550006017,11.690838975577309,-9.147588437994166,-5.531799853310441,20.43337679515008,-8.285658537285713,-5.018977022414852,2036-04-15T00:00:00.000,4,33
2035-02-10T00:00:00.000,440.0,630.500626298681,13.98677843283415,-8.808311014885456,-5.500961797331661,23.211699091749466,-8.103666721168423,-5.103747372763035,2036-04-25T00:00:00.000,4,34
2035-02-10T00:00:00.000,450.0,779.5198960800498,16.55918293926867,-8.104569542645423,-5.314459228542331,26.374738622687996,-7.630898859658217,-5.065811016866583,2036-05-05T00:00:00.000,4,35
2035-02-10T00:00:00.000,460.0,963.6069790847904,19.362991405654444,-6.917462835247926,-4.9132893205274355,29.90706056143354,-6.756403847523586,-4.850331401946221,2036-05-15T00:00:00.000,4,36
2035-02-10T00:00:00.000,470.0,1186.1131146280243,22.290935618624435,-5.122629949113483,-4.232497707178883,33.73484794110921,-5.3619738953773535,-4.395723485793411,2036-05-25T00:00:00.000,4,37
2035-02-10T00:00:00.000,480.0,1446.3400508981808,25.156855270192544,-2.621671407184918,-3.2153933316851475,37.706919627680236,-3.351074959054948,-3.646719033410548,2036-06-04T00:00:00.000,4,38
2035-02-10T00:00:00.000,490.0,1737.4699125105726,27.702800226666263,0.6126496558783199,-1.8356812839543446,41.597616733981994,-0.6909231162879905,-2.575037827041143,2036-06-14T00:00:00.000,4,39
2035-02-10T00:00:00.000,500.0,2057.367706662944,30.60664388896802,3.235275605410342,1.004388377994447,-6.938309520514753,40.914797128550006,18.308657613000314,2036-06-24T00:00:00.000,4,40
2035-02-10T00:00:00.000,510.0,1988.9031345895212,29.759330915136164,4.80011904108558,1.7432300627526711,-7.791626920246639,40.078525386789956,17.941724759499635,2036-07-04T00:00:00.000,4,41
2035-02-10T00:00:00.000,520.0,1921.3377661385362,28.830935756801864,6.286884751104479,2.4490972789674226,-8.599503452115492,39.22783065067328,17.56597873611623,2036-07-14T00:00:00.000,4,42
2035-02-10T00:00:00.000,530.0,1854.7080493390336,27.82764168694701,7.694760525417433,3.121450036417677,-9.362890440519408,38.36428045013203,17.18215113079504,2036-07-24T00:00:00.000,4,43
2035-02-10T00:00:00.000,540.0,1789.044904683914,26.755198356101353,9.023112385551375,3.7598496284769727,-10.082737441628211,37.4893160270043,16.79090510349281,2036-08-03T00:00:00.000,4,44
2035-02-10T00:00:00.000,550.0,1724.3743780804728,25.618958824694584,10.271419742277537,4.363927756721742,-10.759984136914955,36.60426140579483,16.392838875254352,2036-08-13T00:00:00.000,4,45
2035-02-10T00:00:00.000,560.0,1660.718248177774,24.42392064845145,11.439223017333802,4.933361793219023,-11.395553356194661,35.71033231695149,15.98848891223886,2036-08-23T00:00:00.000,4,46
2035-02-10T00:00:00.000,570.0,1598.0945856414241,23.174768769172402,12.526079542316305,5.467853799726706,-11.990345124327192,34.808644894615036,15.578332710580353,2036-09-02T00:00:00.000,4,47
2035-02-10T00:00:00.000,580.0,1536.5182697370387,21.875919264921862,13.531525869941632,5.96711336785776,-12.545231582618147,33.90022417738699,15.162791134828236,2036-09-12T00:00:00.000,4,48
2035-02-10T00:00:00.000,590.0,1476.0014652702994,20.531563543720445,14.45504512143086,6.430842931743997,-13.061052671296228,32.986012430977226,14.742230234647028,2036-09-22T00:00:00.000,4,49
2035-02-10T00:00:00.000,600.0,1416.554074307613,19.14571449750513,15.296033864439963,6.8587225728164665,-13.538612392125767,32.06687750213499,14.316962529337715,2036-10-02T00:00:00.000,4,50
2035-02-20T00:00:00.000,100.0,354.6202734594847,6.539713232298222,-20.911887839268218,-8.496462604591638,11.281764752952066,-13.215290212994763,-7.259349978121868,2035-05-31T00:00:00.000,5,0
2035-02-20T00:00:00.000,110.0,267.705725007806,6.779757049459402,-17.856626496733146,-6.993801443474652,10.165360387518978,-11.02826325548391,-6.538240035927821,2035-06-10T00:00:00.000,5,1
2035-02-20T00:00:00.000,120.0,206.49743060359017,6.833403748278812,-15.298167087791139,-5.64902323492231,9.183050472041556,-9.236727730107734,-6.070574558588863,2035-06-20T00:00:00.000,5,2
2035-02-20T00:00:00.000,130.0,163.23828028011502,6.727224113168816,-13.171146551189933,-4.395774014198883,8.329371667223331,-7.717449030100656,-5.8566909067468025,2035-06-30T00:00:00.000,5,3
2035-02-20T00:00:00.000,140.0,133.55728752028736,6.48328178142015,-11.456139491549697,-3.1422236490172635,7.60158268412799,-6.344948305503497,-5.959434471251544,2035-07-10T00:00:00.000,5,4
2035-02-20T00:00:00.000,150.0,116.90045018125332,6.111433502129163,-10.220231668624223,-1.695423545507352,7.012969270130645,-4.913973917842956,-6.600876648765354,2035-07-20T00:00:00.000,5,5
2035-02-20T00:00:00.000,160.0,127.05850757336478,5.5496326456497105,-9.893752991626883,0.5940905469393396,6.681696319456055,-2.741490748360299,-8.654344015844707,2035-07-30T00:00:00.000,5,6
2035-02-20T00:00:00.000,170.0,482.12605529673453,3.045612675195965,-16.026643527880424,8.156417422350044,9.155922945707076,7.960119491075332,-18.301137341619285,2035-08-09T00:00:00.000,5,7
2035-02-20T00:00:00.000,180.0,229.92263464751804,3.6506204085977387,-3.2205349791147277,-12.079117786845035,6.951388282249287,-8.041728321023271,10.813484230708324,2035-08-19T00:00:00.000,5,8
2035-02-20T00:00:00.000,190.0,80.03040967115935,4.002246930557776,-3.3677941342244644,-6.0329102028247865,5.45567295511937,-6.445037714253928,2.9542395197043394,2035-08-29T00:00:00.000,5,9
2035-02-20T00:00:00.000,200.0,57.629335503455884,3.5716340693132125,-3.22517607649608,-4.324468114470346,5.075375300537127,-5.5514640624189475,1.0252550052667218,2035-09-08T00:00:00.000,5,10
2035-02-20T00:00:00.000,210.0,48.91194780168457,3.0742949694239305,-3.0226133003630693,-3.482784387577291,4.863877281030819,-5.022173583355336,0.18005025799661034,2035-09-18T00:00:00.000,5,11
2035-02-20T00:00:00.000,220.0,44.43376695002398,2.5838097458622493,-2.8682445123007696,-2.986086597768198,4.7402247274627385,-4.6770513583055795,-0.29870901383573845,2035-09-28T00:00:00.000,5,12
2035-02-20T00:00:00.000,230.0,42.10242421081715,2.1256233901329384,-2.7918685962561014,-2.678015243107412,4.685344842590954,-4.446176507421715,-0.6176426002752216,2035-10-08T00:00:00.000,5,13
2035-02-20T00:00:00.000,240.0,41.202556077164225,1.7147667015495256,-2.798638961318993,-2.492971092565613,4.692019236216357,-4.295681618192848,-0.8571061773549218,2035-10-18T00:00:00.000,5,14
2035-02-20T00:00:00.000,250.0,41.43066148105335,1.3621185031423764,-2.884506547664895,-2.3967634563790945,4.756790594923945,-4.2062138536511995,-1.054215222072406,2035-10-28T00:00:00.000,5,15
2035-02-20T00:00:00.000,260.0,42.65268474617412,1.076061043380033,-3.0416290913896376,-2.368527418863602,4.87795933237075,-4.165323779820387,-1.2281186046852444,2035-11-07T00:00:00.000,5,16
2035-02-20T00:00:00.000,270.0,44.82447204261443,0.8631403718628263,-3.2606366032117293,-2.393953492544136,5.05495686926341,-4.164281949605716,-1.3894743382621737,2035-11-17T00:00:00.000,5,17
2035-02-20T00:00:00.000,280.0,47.96100700197227,0.7284764215381578,-3.5317010690414907,-2.4623666418990213,5.288131496745816,-4.196554224608814,-1.5445403571985565,2035-11-27T00:00:00.000,5,18
2035-02-20T00:00:00.000,290.0,52.12391661986061,0.676098816887853,-3.845080357424507,-2.565324092335489,5.578690006962688,-4.256981541868136,-1.697127743650796,2035-12-07T00:00:00.000,5,19
2035-02-20T00:00:00.000,300.0,57.41746322343261,0.7092661063855203,-4.191395429697927,-2.6958793856374816,5.928714359767415,-4.341287391687015,-1.8496034835876625,2035-12-17T00:00:00.000,5,20
2035-02-20T00:00:00.000,310.0,63.98953390673935,0.8307832939821864,-4.5617462811029075,-2.8481571683349323,6.341225804360985,-4.445745830099963,-2.003430362901222,2035-12-27T00:00:00.000,5,21
2035-02-20T00:00:00.000,320.0,72.03642500202753,1.0433169247615908,-4.947719317247413,-3.0170786877524667,6.820287831603375,-4.566926849459996,-2.15946244417259,2036-01-06T00:00:00.000,5,22
2035-02-20T00:00:00.000,330.0,81.81124095445138,1.349720313608831,-5.3413139685493185,-3.198163483859875,7.371147606427497,-4.701471689073678,-2.3181000572771353,2036-01-16T00:00:00.000,5,23
2035-02-20T00:00:00.000,340.0,93.63630171456673,1.7533729715305988,-5.734769949469735,-3.3873501645562536,8.000418402706446,-4.845865012923209,-2.4793546282711407,2036-01-26T00:00:00.000,5,24
2035-02-20T00:00:00.000,350.0,107.92039698305024,2.2584967679497296,-6.120309973074029,-3.580814653933295,8.716306206227971,-4.996175493857063,-2.6428457270344268,2036-02-05T00:00:00.000,5,25
2035-02-20T00:00:00.000,360.0,125.18223066886354,2.870486202740249,-6.489798034393042,-3.774776707855095,9.528885872992296,-5.147735205934065,-2.8077369780551678,2036-02-15T00:00:00.000,5,26
2035-02-20T00:00:00.000,370.0,146.0818923111324,3.5962455121797916,-6.834263883793721,-3.965259988049954,10.450427888150378,-5.294720600193461,-2.9726054281704197,2036-02-25T00:00:00.000,5,27
2035-02-20T00:00:00.000,380.0,171.4627471510933,4.444511401069391,-7.143258545952904,-4.147782605514957,11.495768185013262,-5.429586219128883,-3.135227978405389,2036-03-06T00:00:00.000,5,28
2035-02-20T00:00:00.000,390.0,202.40668564488308,5.426133027551462,-7.403982218464034,-4.316946208377587,12.682696790688993,-5.542285851713853,-3.292256870024371,2036-03-16T00:00:00.000,5,29
2035-02-20T00:00:00.000,400.0,240.3059455273365,6.554237384574538,-7.600103123304249,-4.465877686691948,14.032307100164754,-5.619194998706952,-3.438742581309203,2036-03-26T00:00:00.000,5,30
2035-02-20T00:00:00.000,410.0,286.95410329287984,7.844142825397686,-7.710168630636916,-4.585467907090629,15.569183051447663,-5.641627449551098,-3.5674475642770425,2036-04-05T00:00:00.000,5,31
2035-02-20T00:00:00.000,420.0,344.65603059228016,9.312784357802798,-7.7054995198424185,-4.663342053067679,17.321186701575904,-5.583830030794157,-3.667882771931449,2036-04-15T00:00:00.000,5,32
2035-02-20T00:00:00.000,430.0,416.3489052139046,10.97719637219584,-7.547475720310237,-4.682488189224831,19.31841336062812,-5.410374752531766,-3.725004091135519,2036-04-25T00:00:00.000,5,33
2035-02-20T00:00:00.000,440.0,505.70884029696543,12.85129342761757,-7.184341063968725,-4.619560997504532,21.590578358070577,-5.0730183395755155,-3.717559870037112,2036-05-05T00:00:00.000,5,34
2035-02-20T00:00:00.000,450.0,617.183336955281,14.93990180094287,-6.5480480476598135,-4.443047715200261,24.16171594853093,-4.50749959523392,-3.6162503752855812,2036-05-15T00:00:00.000,5,35
2035-02-20T00:00:00.000,460.0,755.8316947110292,17.228726394032968,-5.5525422385188445,-4.1118812031926915,27.040775980298022,-3.6315977428036312,-3.3822517542061092,2036-05-25T00:00:00.000,5,36
2035-02-20T00:00:00.000,470.0,926.7811147814341,19.669434801858785,-4.0964137261010425,-3.575842246139647,30.20705700750892,-2.347232197644086,-2.9673764063366406,2036-06-04T00:00:00.000,5,37
2035-02-20T00:00:00.000,480.0,1134.069868268365,22.16137988612596,-2.0745654564553035,-2.780044703772579,33.591556845992415,-0.5510777023430187,-2.318079010043771,2036-06-14T00:00:00.000,5,38
2035-02-20T00:00:00.000,490.0,1378.7921157835258,24.536809947622153,0.5963952974717053,-1.6761297188912572,37.06048462432632,1.8417280638923081,-1.385869016996109,2036-06-24T00:00:00.000,5,39
2035-02-20T00:00:00.000,500.0,1656.9623310748882,26.56335293432954,3.9397499777456453,-0.24061808758872427,40.414210144221386,4.861381934148987,-0.14462082813794197,2036-07-04T00:00:00.000,5,40
2035-02-20T00:00:00.000,510.0,1958.287516460067,27.978414732394825,7.880957076927084,1.5052719978165126,43.41644519591769,8.447835189179274,1.3906414442290398,2036-07-14T00:00:00.000,5,41
2035-02-20T00:00:00.000,520.0,2006.6573846945535,28.523324987855272,9.09470504989747,3.7380021366619918,-15.220829882203958,38.450517147992194,17.220379015675544,2036-07-24T00:00:00.000,5,42
2035-02-20T00:00:00.000,530.0,1939.406080151755,27.374739782208096,10.43438750761524,4.382509859758617,-15.857954463905426,37.495794961399156,16.792757980307183,2036-08-03T00:00:00.000,5,43
2035-02-20T00:00:00.000,540.0,1872.9301846694193,26.161950760684253,11.69105135645437,4.991306017597497,-16.450356259470073,36.533346588020954,16.35941779787627,2036-08-13T00:00:00.000,5,44
2035-02-20T00:00:00.000,550.0,1807.264817932532,24.890002729934814,12.86421241580614,5.564042616132339,-16.99898460141586,35.564365924588316,15.920905025636568,2036-08-23T00:00:00.000,5,45
2035-02-20T00:00:00.000,560.0,1742.4410597500337,23.56363228310385,13.95339021788264,6.100389023651736,-17.50476039200517,34.589953257528,15.477711620602985,2036-09-02T00:00:00.000,5,46
2035-02-20T00:00:00.000,570.0,1678.486470329284,22.18731410805196,14.958070665466174,6.600014483795819,-17.968571791163594,33.61112381064941,15.030277918264852,2036-09-12T00:00:00.000,5,47
2035-02-20T00:00:00.000,580.0,1615.4255752949784,20.76530783836151,15.87767393254884,7.062573113545992,-18.39127064712716,32.628816077519836,14.57899518685977,2036-09-22T00:00:00.000,5,48
2035-02-20T00:00:00.000,590.0,1553.2803287761012,19.30170699851677,16.711522150419903,7.487688396366858,-18.773669522325104,31.643900136887268,14.124207785547785,2036-10-02T00:00:00.000,5,49
2035-02-20T00:00:00.000,600.0,1492.070570509376,17.8005061104158,17.45881632500248,7.874941240406288,-19.116539252870982,30.657186181815824,13.666215017930163,2036-10-12T00:00:00.000,5,50
2035-03-02T00:00:00.000,100.0,309.38212833867277,8.487448170340318,-19.017809093057906,-7.808345207878666,12.367414952983278,-10.843914845513485,-6.2320692023316475,2035-06-10T00:00:00.000,6,0
2035-03-02T00:00:00.000,110.0,233.6412874408967,8.337893834736303,-16.103284567532178,-6.387828490431717,11.05357758100403,-8.95417082098604,-5.593079206503695,2035-06-20T00:00:00.000,6,1
2035-03-02T00:00:00.000,120.0,180.3200884973858,8.067698669343283,-13.671734003407485,-5.136455767647454,9.917952586830355,-7.429023430243145,-5.173385338022797,2035-06-30T00:00:00.000,6,2
2035-03-02T00:00:00.000,130.0,142.52740681352398,7.693595740043751,-11.654466784702988,-3.9999484380720096,8.943050354383159,-6.160100842322787,-4.960082134895078,2035-07-10T00:00:00.000,6,3
2035-03-02T00:00:00.000,140.0,116.13326912084909,7.232903854659902,-10.017046743276559,-2.9139656935049265,8.114269354254523,-5.0492631527979555,-4.979642917042529,2035-07-20T00:00:00.000,6,4
2035-03-02T00:00:00.000,150.0,99.37119922457312,6.7008094450909095,-8.77249780118388,-1.7683094398396264,7.42307291632976,-3.9702571197679255,-5.339124095425841,2035-07-30T00:00:00.000,6,5
2035-03-02T00:00:00.000,160.0,95.25366731380407,6.099811445302219,-8.067608485034066,-0.2798496365445917,6.882428770582208,-2.636278068621813,-6.398115306601625,2035-08-09T00:00:00.000,6,6
2035-03-02T00:00:00.000,170.0,142.10366620171982,5.309942059487341,-8.901924986620962,2.7899514801702736,6.689871168717109,0.4073722316527082,-9.858160975180194,2035-08-19T00:00:00.000,6,7
2035-03-02T00:00:00.000,180.0,1671.2483388680603,-1.8634070094375392,-12.100420603545839,-30.62735377423013,14.99122822767171,6.530916914701912,37.46810029007582,2035-08-29T00:00:00.000,6,8
2035-03-02T00:00:00.000,190.0,104.71509410130867,4.051272643425671,-2.320711513657667,-7.568437531369517,5.919042310029147,-6.031127662102477,5.771094467847133,2035-09-08T00:00:00.000,6,9
2035-03-02T00:00:00.000,200.0,57.26004155444149,3.6704007726699697,-2.5135414729883685,-4.600747745959983,5.427932450166258,-4.876885312556723,2.003392252915569,2035-09-18T00:00:00.000,6,10
2035-03-02T00:00:00.000,210.0,45.95415343607794,3.1651894253861945,-2.4874357408390324,-3.499373101047791,5.209881226924882,-4.276325384928448,0.7241078922579103,2035-09-28T00:00:00.000,6,11
2035-03-02T00:00:00.000,220.0,41.24856494509494,2.677677426264899,-2.4485045902877403,-2.9273975837988537,5.091287238357757,-3.9141849807752536,0.08071640418043202,2035-10-08T00:00:00.000,6,12
2035-03-02T00:00:00.000,230.0,39.0883264322746,2.236073568733872,-2.456032974564728,-2.5974506454950355,5.045093877336452,-3.6791326425532773,-0.3151780443428507,2035-10-18T00:00:00.000,6,13
2035-03-02T00:00:00.000,240.0,38.39567010053275,1.8532260581964364,-2.5245353203933014,-2.4082053752070216,5.0621642091976184,-3.5239582064398682,-0.5931965769595333,2035-10-28T00:00:00.000,6,14
2035-03-02T00:00:00.000,250.0,38.776892569634086,1.5371930793667836,-2.6535263987381477,-2.3125754254661475,5.137928869950391,-3.424259465521665,-0.8081006185801716,2035-11-07T00:00:00.000,6,15
2035-03-02T00:00:00.000,260.0,40.069362495601496,1.293518938968516,-2.8368344872641487,-2.2841792462847454,5.269708288307193,-3.365444037940609,-0.98657157836519,2035-11-17T00:00:00.000,6,16
2035-03-02T00:00:00.000,270.0,42.21447121068942,1.1260397413970669,-3.0661038099739493,-2.3060931224208554,5.455956196282151,-3.337786953758041,-1.1428873287697439,2035-11-27T00:00:00.000,6,17
2035-03-02T00:00:00.000,280.0,45.213290550732125,1.037324906569813,-3.332303682434203,-2.366342819357751,5.696000059034699,-3.334241388748783,-1.2851880172812926,2035-12-07T00:00:00.000,6,18
2035-03-02T00:00:00.000,290.0,49.10915299305686,1.0290123320284614,-3.626434602410912,-2.455849108629293,5.98994896562887,-3.3493388642709867,-1.4183065798699612,2035-12-17T00:00:00.000,6,19
2035-03-02T00:00:00.000,300.0,53.98105966317958,1.102105047321821,-3.93985763859029,-2.5673874500199743,6.338673776789662,-3.3785706161759705,-1.5451650417126928,2035-12-27T00:00:00.000,6,20
2035-03-02T00:00:00.000,310.0,59.94250766128329,1.2572443202785202,-4.264425822310528,-2.695007696534266,6.743827994501523,-3.4179981842453913,-1.6675071377226711,2036-01-06T00:00:00.000,6,21
2035-03-02T00:00:00.000,320.0,67.14379751859244,1.494976403731151,-4.592501765063585,-2.8336805880298295,7.207898961616048,-3.463976704815945,-1.7862965784603588,2036-01-16T00:00:00.000,6,22
2035-03-02T00:00:00.000,330.0,75.77720717655139,1.816017948331453,-4.916873026212009,-2.979045642526704,7.734286033911084,-3.512930103503731,-1.9019329141945605,2036-01-26T00:00:00.000,6,23
2035-03-02T00:00:00.000,340.0,86.08504411565939,2.2214829141895933,-5.230600824741085,-3.1272093673567865,8.327404905542165,-3.5611419358808085,-2.0143584009115045,2036-02-05T00:00:00.000,6,24
2035-03-02T00:00:00.000,350.0,98.37103393098234,2.713109741211646,-5.526821225361566,-3.274573808687958,8.992821240203194,-3.604536048105846,-2.1230920730477347,2036-02-15T00:00:00.000,6,25
2035-03-02T00:00:00.000,360.0,113.01583784473662,3.2934862131073075,-5.798471502117332,-3.4176609521155785,9.737415588029645,-3.6384233397973027,-2.2272070202727328,2036-02-25T00:00:00.000,6,26
2035-03-02T00:00:00.000,370.0,130.49785799778775,3.9662629791941058,-6.037935070307845,-3.552918380429415,10.569579797864149,-3.657189161118893,-2.3252544665400148,2036-03-06T00:00:00.000,6,27
2035-03-02T00:00:00.000,380.0,151.42093504509063,4.736354162455402,-6.2365839846217614,-3.676490484280177,11.499442150509475,-3.6538904779920607,-2.4151293230416524,2036-03-16T00:00:00.000,6,28
2035-03-02T00:00:00.000,390.0,176.55105557699218,5.610107497009206,-6.384185631808558,-3.78393350441647,12.539111009618951,-3.619723008280314,-2.49386367084713,2036-03-26T00:00:00.000,6,29
2035-03-02T00:00:00.000,400.0,206.86472081333395,6.595410836077292,-6.468129919893938,-3.8698501194265944,13.702911587384238,-3.543306299696784,-2.5573258118968383,2036-04-05T00:00:00.000,6,30
2035-03-02T00:00:00.000,410.0,243.61205345103917,7.70168863843438,-6.472413594743402,-3.9274106957428057,15.007562783935331,-3.409720019440929,-2.5997927083331387,2036-04-15T00:00:00.000,6,31
2035-03-02T00:00:00.000,420.0,288.39759386529164,8.939662232395348,-6.3762806343752505,-3.9477026668640063,16.472189495490092,-3.199211037391361,-2.6133533684120884,2036-04-25T00:00:00.000,6,32
2035-03-02T00:00:00.000,430.0,343.2800959987468,10.320638813372053,-6.1524726848992675,-3.9188736480656154,18.11797433214784,-2.885489252918493,-2.5870937110338215,2036-05-05T00:00:00.000,6,33
2035-03-02T00:00:00.000,440.0,410.887761019108,11.85501034141415,-5.7650500514561855,-3.8250320367547657,19.96710775180309,-2.4335634894934834,-2.50602030909511,2036-05-15T00:00:00.000,6,34
2035-03-02T00:00:00.000,450.0,494.5333784357658,13.54937649581084,-5.166860364705089,-3.644904018892067,22.0404692587905,-1.7971898493523426,-2.349723799398925,2036-05-25T00:00:00.000,6,35
2035-03-02T00:00:00.000,460.0,598.2887037475971,15.40144173325285,-4.297077258040895,-3.350394688696804,24.353175623463542,-0.9163148319159156,-2.090910789380816,2036-06-04T00:00:00.000,6,36
2035-03-02T00:00:00.000,470.0,726.9314274454822,17.391642483831227,-3.079903843679663,-2.9055018609676937,26.906878518764326,0.28444869808725315,-1.6942268915637086,2036-06-14T00:00:00.000,6,37
2035-03-02T00:00:00.000,480.0,885.6089411452472,19.470727400683593,-1.4267205746711262,-2.266600071749581,29.677853956301377,1.8941214463952036,-1.1163465590934152,2036-06-24T00:00:00.000,6,38
2035-03-02T00:00:00.000,490.0,1078.9963333718179,21.544098016463497,0.7545190086306981,-1.3859183997742583,32.601331219844,4.006743785482019,-0.3090959452080497,2036-07-04T00:00:00.000,6,39
2035-03-02T00:00:00.000,500.0,1309.7572553515256,23.457740620834368,3.538201768601553,-0.22056782328277347,35.55631033404995,6.701488049960691,0.7720807577531446,2036-07-14T00:00:00.000,6,40
2035-03-02T00:00:00.000,510.0,1576.4280244536346,24.99677517436716,6.9470724251271925,1.251682851239858,38.36127815948713,10.010224009133044,2.1530856255770914,2036-07-24T00:00:00.000,6,41
2035-03-02T00:00:00.000,520.0,1871.5426985429517,25.911143030487217,10.914349095530689,3.013251249287862,40.79510659376301,13.881218372249124,3.8227938799258876,2036-08-03T00:00:00.000,6,42
2035-03-02T00:00:00.000,530.0,2023.3021440466655,26.60325856066339,13.16636441898526,5.639467226508501,-22.210151116688664,35.695756555464854,15.994508287331211,2036-08-13T00:00:00.000,6,43
2035-03-02T00:00:00.000,540.0,1956.0524891456457,25.254701398711397,14.341399404870725,6.2140371531328045,-22.66263063996231,34.661262683196,15.525930916655899,2036-08-23T00:00:00.000,6,44
2035-03-02T00:00:00.000,550.0,1889.4273869613426,23.85148511908125,15.429462977519016,6.750794741083261,-23.070413386442915,33.62386041064244,15.053884024583493,2036-09-02T00:00:00.000,6,45
2035-03-02T00:00:00.000,560.0,1823.4665790022505,22.398138686264545,16.429984085294077,7.249368467681349,-23.43440006589389,32.584556793709396,14.57882475069269,2036-09-12T00:00:00.000,6,46
2035-03-02T00:00:00.000,570.0,1758.2065752502253,20.89898672937285,17.342313294750653,7.709364099960023,-23.75545199953863,31.544289157439394,14.101166515565044,2036-09-22T00:00:00.000,6,47
2035-03-02T00:00:00.000,580.0,1693.6811234803577,19.358201291488044,18.165691308520536,8.130349042125792,-24.034388992976467,30.50393336409879,13.621281824162876,2036-10-02T00:00:00.000,6,48
2035-03-02T00:00:00.000,590.0,1629.9216779473527,17.77987190526916,18.89922699560728,8.51184027933997,-24.27198779354017,29.464312273578788,13.139504889554402,2036-10-12T00:00:00.000,6,49
2035-03-02T00:00:00.000,600.0,1566.9578186679291,16.16806222050443,19.541898039351203,8.853305337974493,-24.468981267489013,28.426203679258457,12.656133642803935,2036-10-22T00:00:00.000,6,50
2035-03-12T00:00:00.000,100.0,266.868466915583,10.076214247446163,-16.98274677831509,-7.060947198179542,12.929713823397535,-8.51424373277624,-5.21522971876659,2035-06-20T00:00:00.000,7,0
2035-03-12T00:00:00.000,110.0,201.5308490664835,9.575436799423908,-14.252767321315138,-5.738338898634092,11.479417770556847,-6.92697371049135,-4.66592455250499,2035-06-30T00:00:00.000,7,1
2035-03-12T00:00:00.000,120.0,155.58120094171917,9.01596749938479,-11.986276482074386,-4.589728589886381,10.24351846278396,-5.667446115449234,-4.304832746205442,2035-07-10T00:00:00.000,7,2
2035-03-12T00:00:00.000,130.0,122.97673259043843,8.40520755172578,-10.114418900641265,-3.569254332421388,9.194549047224198,-4.6399108166681025,-4.111961578370273,2035-07-20T00:00:00.000,7,3
2035-03-12T00:00:00.000,140.0,99.98315620619888,7.754499262440051,-8.595324785843005,-2.6287561215808966,8.309624745755489,-3.7645178658855407,-4.0941052781231075,2035-07-30T00:00:00.000,7,4
2035-03-12T00:00:00.000,150.0,84.55685189898426,7.0769427789642165,-7.416458776364184,-1.699036941557834,7.570244057229707,-2.9554263005475825,-4.302756348550798,2035-08-09T00:00:00.000,7,5
2035-03-12T00:00:00.000,160.0,76.80506222424933,6.384969727221193,-6.624295629374664,-0.6373274460702234,6.963921284074709,-2.0679329952600902,-4.9022969820865825,2035-08-19T00:00:00.000,7,6
2035-03-12T00:00:00.000,170.0,84.7906428300737,5.680939487683997,-6.5009505636521325,1.0057101795332262,6.498418934711938,-0.6452338002041351,-6.491907849170779,2035-08-29T00:00:00.000,7,7
2035-03-12T00:00:00.000,180.0,240.14923894949789,4.768995279261789,-9.9538497269974,6.051645620111406,6.4935734534250535,5.413660485871183,-12.987494866146754,2035-09-08T00:00:00.000,7,8
2035-03-12T00:00:00.000,190.0,262.00230256468086,3.842255720349626,-1.41445395069616,-12.869430342083831,6.372995333871275,-5.498613290060359,13.825790571446806,2035-09-18T00:00:00.000,7,9
2035-03-12T00:00:00.000,200.0,61.336461958635304,3.705778386335016,-1.7659840919229808,-5.193683222903323,5.569388909710621,-4.322309618587369,3.411159435162004,2035-09-28T00:00:00.000,7,10
2035-03-12T00:00:00.000,210.0,43.19866006322275,3.2049049634992928,-1.9696926403856665,-3.567008627229103,5.360231594431196,-3.5626399840495004,1.331981103971124,2035-10-08T00:00:00.000,7,11
2035-03-12T00:00:00.000,220.0,37.79521251197598,2.7306773971577885,-2.0548802847008787,-2.8688660871294642,5.255733271797287,-3.1561799996919824,0.45935617688596153,2035-10-18T00:00:00.000,7,12
2035-03-12T00:00:00.000,230.0,35.71791263095366,2.3139724115909077,-2.1430268698139585,-2.5024794988245596,5.222611057160033,-2.9054337450075067,-0.026478858643841363,2035-10-28T00:00:00.000,7,13
2035-03-12T00:00:00.000,240.0,35.198041183772915,1.9647189993989809,-2.266147346505292,-2.303223062360903,5.251263860053464,-2.7393977819491155,-0.3434659344412143,2035-11-07T00:00:00.000,7,14
2035-03-12T00:00:00.000,250.0,35.70335916367538,1.6879631947472404,-2.430034068617651,-2.2048862599367904,5.33666967113263,-2.62577961602274,-0.5732341519553756,2035-11-17T00:00:00.000,7,15
2035-03-12T00:00:00.000,260.0,37.03554453844346,1.4864964232922198,-2.6314210565733127,-2.173942260656106,5.475543825696917,-2.5470245723046254,-0.7527484170639394,2035-11-27T00:00:00.000,7,16
2035-03-12T00:00:00.000,270.0,39.122242266237514,1.361667616773346,-2.863698769222573,-2.1904723171139704,5.665635554423586,-2.4922370187137943,-0.9008721736414298,2035-12-07T00:00:00.000,7,17
2035-03-12T00:00:00.000,280.0,41.95339628900434,1.3138046690955463,-3.1191526692771223,-2.2412060062294916,5.905491630294457,-2.453921471246108,-1.0280244678429558,2035-12-17T00:00:00.000,7,18
2035-03-12T00:00:00.000,290.0,45.558068165995266,1.3425215262201498,-3.3899285867779803,-2.3165493268164,6.1943622152072875,-2.426468047038746,-1.1402621319273472,2035-12-27T00:00:00.000,7,19
2035-03-12T00:00:00.000,300.0,49.99550123702608,1.4469746447185834,-3.6684598093140437,-2.4091529482027614,6.532164486091559,-2.4053589802598445,-1.2411996373483234,2036-01-06T00:00:00.000,7,20
2035-03-12T00:00:00.000,310.0,55.35237624711258,1.626099445072981,-3.9476410773618484,-2.5131518447586334,6.919478051232477,-2.386703549270898,-1.3329838384325132,2036-01-16T00:00:00.000,7,21
2035-03-12T00:00:00.000,320.0,61.74345838294141,1.8788357105878895,-4.2208432857470335,-2.623709446956453,7.357562657367586,-2.3669317329873714,-1.4168148422531583,2036-01-26T00:00:00.000,7,22
2035-03-12T00:00:00.000,330.0,69.31463837217426,2.2043059498825848,-4.481843017415459,-2.7367149007559055,7.8483940728735275,-2.3425652936948502,-1.4932302882791735,2036-02-05T00:00:00.000,7,23
2035-03-12T00:00:00.000,340.0,78.24815632275157,2.601986029521342,-4.7247074966093265,-2.84856935954931,8.394719046925161,-2.3100224626395587,-1.5622562747654953,2036-02-15T00:00:00.000,7,24
2035-03-12T00:00:00.000,350.0,88.77017791170171,3.0718664479143314,-4.94362324576296,-2.9560077454931233,9.000129908140632,-2.2654283914051057,-1.6234758241839895,2036-02-25T00:00:00.000,7,25
2035-03-12T00:00:00.000,360.0,101.16117269585722,3.6145978558446252,-5.132676714723501,-3.0559349300734935,9.669159149125388,-2.2044103826571977,-1.6760396503588932,2036-03-06T00:00:00.000,7,26
2035-03-12T00:00:00.000,370.0,115.76982995549685,4.231625429687664,-5.2855830493201195,-3.145261725380133,10.407394416947161,-2.1218584007408623,-1.7186297835192228,2036-03-16T00:00:00.000,7,27
2035-03-12T00:00:00.000,380.0,133.03157207087673,4.925307492827564,-5.395351332031761,-3.220725820639481,11.221612950252432,-2.0116294119187614,-1.7493775963773572,2036-03-26T00:00:00.000,7,28
2035-03-12T00:00:00.000,390.0,153.49311945878736,5.699010717157417,-5.453870409707642,-3.2786855980044542,12.119930920709116,-1.866169450090048,-1.7657308740510356,2036-04-05T00:00:00.000,7,29
2035-03-12T00:00:00.000,400.0,177.84506309678366,6.557183407461373,-5.451385924519628,-3.314871389331544,13.111956889723317,-1.676019877811708,-1.764258197657286,2036-04-15T00:00:00.000,7,30
2035-03-12T00:00:00.000,410.0,206.9649630123658,7.505367524258148,-5.375803852005101,-3.3240571408095354,14.20892527511645,-1.4291643708785493,-1.7403720118222061,2036-04-25T00:00:00.000,7,31
2035-03-12T00:00:00.000,420.0,241.9740014384676,8.550066903937857,-5.211799487216558,-3.2996386770157415,15.423760430267656,-1.110162395550951,-1.6879440404473929,2036-05-05T00:00:00.000,7,32
2035-03-12T00:00:00.000,430.0,284.3105855680224,9.698408186678291,-4.939669889227622,-3.233087182039431,16.770983385724072,-0.6990044261424337,-1.5987791142064758,2036-05-15T00:00:00.000,7,33
2035-03-12T00:00:00.000,440.0,335.82373121914645,10.95740805762094,-4.53385523051765,-3.1132302165660803,18.26630185623597,-0.16962276467642923,-1.4619082849892955,2036-05-25T00:00:00.000,7,34
2035-03-12T00:00:00.000,450.0,398.88624205750364,12.332549561046056,-3.9611054398768584,-2.925333219262047,19.92560635728743,0.5119813259300621,-1.262667206285716,2036-06-04T00:00:00.000,7,35
2035-03-12T00:00:00.000,460.0,476.519872923113,13.825197071566924,-3.178363332719993,-2.6499865160019818,21.762915375247754,1.3899386640000984,-0.9815588638668107,2036-06-14T00:00:00.000,7,36
2035-03-12T00:00:00.000,470.0,572.5065896617328,15.428146906324981,-2.1306900439625593,-2.261906540335099,23.78656757630336,2.5207432526136806,-0.5929975160902767,2036-06-24T00:00:00.000,7,37
2035-03-12T00:00:00.000,480.0,691.4235689787304,17.118409343604007,-0.750099645091737,-1.728998480900506,25.992715759797616,3.974690826220101,-0.06425920214972614,2036-07-04T00:00:00.000,7,38
2035-03-12T00:00:00.000,490.0,838.4765242221297,18.84643334735572,1.04285498448737,-1.0124807357165357,28.35519186076321,5.834734513324769,0.6445866275793897,2036-07-14T00:00:00.000,7,39
2035-03-12T00:00:00.000,500.0,1018.9219869517061,20.522014799468877,3.3314963843850585,-0.06957470338554739,30.811721864589092,8.189554896667925,1.5782817509465907,2036-07-24T00:00:00.000,7,40
2035-03-12T00:00:00.000,510.0,1236.8210513436682,22.000257084142326,6.185016237856438,1.1390134970114323,33.249356003703845,11.116503491807215,2.7793392738686986,2036-08-03T00:00:00.000,7,41
2035-03-12T00:00:00.000,520.0,1493.0153160507955,23.0767470062117,9.627273339522851,2.635023057743674,35.49753228440224,14.651579827124607,4.274543991820835,2036-08-13T00:00:00.000,7,42
2035-03-12T00:00:00.000,530.0,1782.7808118882676,23.506510189725127,13.597718733869716,4.403607916484739,37.342751158513416,18.751493850777244,6.056502799956056,2036-08-23T00:00:00.000,7,43
2035-03-12T00:00:00.000,540.0,2040.3654063883837,24.03087886979858,16.94469741013515,7.414925537077085,-28.627075620549647,31.88178401352105,14.297125442511494,2036-09-02T00:00:00.000,7,44
2035-03-12T00:00:00.000,550.0,1972.888015095278,22.50127385324317,17.9377430893562,7.911100504513543,-28.883883087510718,30.792795503374748,13.799023804952075,2036-09-12T00:00:00.000,7,45
2035-03-12T00:00:00.000,560.0,1905.8881581610722,20.92580658167111,18.83952086943399,8.367210105333921,-29.09618850770388,29.705542691508775,13.299650592710421,2036-09-22T00:00:00.000,7,46
2035-03-12T00:00:00.000,570.0,1839.4108185101136,19.30872610850167,19.64918322189736,8.782765713278204,-29.264818032377953,28.62091044057067,12.79940348589545,2036-10-02T00:00:00.000,7,47
2035-03-12T00:00:00.000,580.0,1773.4986208405403,17.654216536551466,20.365739925264574,9.157221017033697,-29.390554599793504,27.53973817722222,12.298647986146536,2036-10-12T00:00:00.000,7,48
2035-03-12T00:00:00.000,590.0,1708.1922642433815,15.966456754681428,20.98806016964865,9.48997308323314,-29.474138077771002,26.46282769781162,11.797720078549293,2036-10-22T00:00:00.000,7,49
2035-03-12T00:00:00.000,600.0,1643.5309210403268,14.249675239948674,21.5148628140164,9.780357628085227,-29.51626593808502,25.390950666570042,11.296928359530973,2036-11-01T00:00:00.000,7,50
2035-03-22T00:00:00.000,100.0,229.1764829026247,11.295763298435087,-14.867957858977718,-6.279018309075775,13.061603294427904,-6.357030491778591,-4.261357249540582,2035-06-30T00:00:00.000,8,0
2035-03-22T00:00:00.000,110.0,173.15251751103173,10.488650970625532,-12.358494604138103,-5.067410543764808,11.532766390984248,-5.067349427730665,-3.8039172781875266,2035-07-10T00:00:00.000,8,1
2035-03-22T00:00:00.000,120.0,133.79676026989168,9.680031935783433,-10.287695172054587,-4.029527597548275,10.246180033539936,-4.064697633728198,-3.5058220343513753,2035-07-20T00:00:00.000,8,2
2035-03-22T00:00:00.000,130.0,105.85681182425014,8.868830476449292,-8.588603860598045,-3.125807053564788,9.166119396625865,-3.2647630465651005,-3.3437089109000198,2035-07-30T00:00:00.000,8,3
2035-03-22T00:00:00.000,140.0,86.0323103631769,8.060247821661797,-7.216161446280044,-2.318336176736075,8.263522891317205,-2.601312551072205,-3.3135589325508725,2035-08-09T00:00:00.000,8,4
2035-03-22T00:00:00.000,150.0,72.33319140780158,7.263064061292013,-6.145175120379184,-1.5602542426632642,7.514353539722129,-2.012041246286767,-3.437931400000279,2035-08-19T00:00:00.000,8,5
2035-03-22T00:00:00.000,160.0,63.985360998892205,6.488155260168469,-5.380089538955925,-0.772002365227511,6.898318256490553,-1.414404753856953,-3.7944730099617523,2035-08-29T00:00:00.000,8,6
2035-03-22T00:00:00.000,170.0,62.73379495443922,5.748489785266939,-5.007987549434535,0.2409770968340137,6.397263274035985,-0.6248855352076106,-4.627994773657152,2035-09-08T00:00:00.000,8,7
2035-03-22T00:00:00.000,180.0,86.36108231162956,5.066228999772976,-5.579724884812801,2.259724447378982,5.9887046381900655,1.1778377072616557,-7.007795473863586,2035-09-18T00:00:00.000,8,8
2035-03-22T00:00:00.000,190.0,1056.4727080653558,4.7705542596620525,-21.988580664420862,11.947283481267451,5.375003511657835,24.857829863909814,-20.240314715239364,2035-09-28T00:00:00.000,8,9
2035-03-22T00:00:00.000,200.0,84.57278390551025,3.713875753067623,-0.8967384792556743,-6.735729663676826,5.521085036275406,-4.098204226245265,6.106973558786013,2035-10-08T00:00:00.000,8,10
2035-03-22T00:00:00.000,210.0,41.9331060218676,3.2036680898141947,-1.4584435495082175,-3.7385141492008467,5.371174263716494,-2.9811506741805367,2.0484954743640795,2035-10-18T00:00:00.000,8,11
2035-03-22T00:00:00.000,220.0,34.821870135729675,2.748396713328841,-1.6894827384096054,-2.8150351883503166,5.291493079530875,-2.481834297362827,0.8139223829334643,2035-10-28T00:00:00.000,8,12
2035-03-22T00:00:00.000,230.0,32.70787293465095,2.3625028643738872,-1.8567839676649989,-2.3913092794992368,5.274545290080668,-2.200093166833657,0.2159513250495202,2035-11-07T00:00:00.000,8,13
2035-03-22T00:00:00.000,240.0,32.333380098781895,2.0504889396653354,-2.027562583557522,-2.1760488213715163,5.314630773944688,-2.016956668211023,-0.14129980177292722,2035-11-17T00:00:00.000,8,14
2035-03-22T00:00:00.000,250.0,32.946000080778774,1.8140475774076954,-2.2183310275863946,-2.0726767165967184,5.407390173516681,-1.8867171539717695,-0.3826616952905937,2035-11-27T00:00:00.000,8,15
2035-03-22T00:00:00.000,260.0,34.303494506954216,1.6533593446538433,-2.43026877748526,-2.0379662300828105,5.54940369485549,-1.787366769323544,-0.5594042995869444,2035-12-07T00:00:00.000,8,16
2035-03-22T00:00:00.000,270.0,36.3214094750304,1.5675867752207662,-2.659226252923922,-2.0484303308889453,5.738018057184214,-1.7064426443857528,-0.6961406121467544,2035-12-17T00:00:00.000,8,17
2035-03-22T00:00:00.000,280.0,38.981754317745704,1.5551836276804707,-2.8992163472312544,-2.089454148633812,5.971253814624053,-1.6359538599330357,-0.8059386870312188,2035-12-27T00:00:00.000,8,18
2035-03-22T00:00:00.000,290.0,42.30318553648562,1.614136078670164,-3.1438047972228524,-2.151021960996494,6.247749437098898,-1.5702297271098047,-0.8962093013446619,2036-01-06T00:00:00.000,8,19
2035-03-22T00:00:00.000,300.0,46.330031563144715,1.7421771501062508,-3.3867005364996725,-2.2257857387664193,6.566727968593703,-1.5048770060463106,-0.9713189724838198,2036-01-16T00:00:00.000,8,20
2035-03-22T00:00:00.000,310.0,51.128487149733964,1.9369856902456917,-3.6219733022152,-2.308076901077959,6.927980216050797,-1.4362119089607752,-1.0338629639860244,2036-01-26T00:00:00.000,8,21
2035-03-22T00:00:00.000,320.0,56.78620774383601,2.196334437827513,-3.844098029011291,-2.39334504479715,7.331861038403365,-1.360913580744974,-1.085327454330093,2036-02-05T00:00:00.000,8,22
2035-03-22T00:00:00.000,330.0,63.41401010171357,2.51822655635565,-4.047919721304433,-2.4778154042902876,7.779299222626496,-1.275785562694768,-1.1264479147195239,2036-02-15T00:00:00.000,8,23
2035-03-22T00:00:00.000,340.0,71.14926991964715,2.9010190547915613,-4.228552978903184,-2.558249887671439,8.27182073435321,-1.1775684458261964,-1.1574040840458242,2036-02-25T00:00:00.000,8,24
2035-03-22T00:00:00.000,350.0,80.16100924666057,3.3435271829465485,-4.381239755329036,-2.631763298961081,8.811585036578112,-1.062771881284533,-1.1779194871315362,2036-03-06T00:00:00.000,8,25
2035-03-22T00:00:00.000,360.0,90.65692162418812,3.8451158010241606,-4.501173193561062,-2.695668475771797,9.401434806087007,-0.9275049315267658,-1.1872993780329395,2036-03-16T00:00:00.000,8,26
2035-03-22T00:00:00.000,370.0,102.89279758545334,4.4057762697320655,-4.5832874006412965,-2.747332015917252,10.044959329090434,-0.7672878979617366,-1.1844234648190088,2036-03-26T00:00:00.000,8,27
2035-03-22T00:00:00.000,380.0,117.18504326907082,5.026187643931088,-4.622010763357649,-2.7840302342966234,10.746571013477785,-0.5768292656216936,-1.1676997557900766,2036-04-05T00:00:00.000,8,28
2035-03-22T00:00:00.000,390.0,133.9272839287665,5.707776030735385,-4.610970334241867,-2.8027956634542077,11.511593354818379,-0.34974912971840055,-1.13497925458093,2036-04-15T00:00:00.000,8,29
2035-03-22T00:00:00.000,400.0,153.61241045602068,6.45275557913839,-4.542603941791233,-2.800226634363111,12.346354904788235,-0.0782261141328604,-1.0834259070651093,2036-04-25T00:00:00.000,8,30
2035-03-22T00:00:00.000,410.0,176.8618678531642,7.2641098791479255,-4.407684459492492,-2.772259407208032,13.258275972582085,0.24746082471597575,-1.0093310796005674,2036-05-05T00:00:00.000,8,31
2035-03-22T00:00:00.000,420.0,204.46463874475768,8.14552270134659,-4.194720321697233,-2.713887250276338,14.255926233008193,0.6395333847748326,-0.9078562846315315,2036-05-15T00:00:00.000,8,32
2035-03-22T00:00:00.000,430.0,237.42907021655657,9.10119551264059,-3.889173576778001,-2.618793191341698,15.349011016462383,1.113505443995777,-0.772681473354174,2036-05-25T00:00:00.000,8,33
2035-03-22T00:00:00.000,440.0,277.0513402849533,10.1354591749313,-3.472449488104166,-2.478871262657762,16.548208801125423,1.6892217884499772,-0.5955296035750433,2036-06-04T00:00:00.000,8,34
2035-03-22T00:00:00.000,450.0,325.00461193448876,11.252028704606765,-2.9206052210431572,-2.283603590488968,17.864723919133194,2.392203280068866,-0.36553343823358553,2036-06-14T00:00:00.000,8,35
2035-03-22T00:00:00.000,460.0,383.4517944207624,12.452647026565774,-2.2027500640083204,-2.019266667042963,19.30932116166498,3.255338736335599,-0.0684135085515436,2036-06-24T00:00:00.000,8,36
2035-03-22T00:00:00.000,470.0,455.18018602137806,13.734712594307666,-1.279191143398286,-1.6679705920348784,20.89045610746431,4.3208905080348,0.3145391248476752,2036-07-04T00:00:00.000,8,37
2035-03-22T00:00:00.000,480.0,543.7437736346448,15.087291904353187,-0.09957129318196323,-1.2066104094783272,22.610899067376558,5.642587199500639,0.8076055321667024,2036-07-14T00:00:00.000,8,38
2035-03-22T00:00:00.000,490.0,653.5705847065058,16.48466280922942,1.3983250353313998,-0.6059867819318194,24.46200692338972,7.287142075969012,1.4416526458135426,2036-07-24T00:00:00.000,8,39
2035-03-22T00:00:00.000,500.0,789.9362880887937,17.876516091990005,3.2875039478698795,0.16922597241722492,26.414701517923266,9.333681216327165,2.254379462246222,2036-08-03T00:00:00.000,8,40
2035-03-22T00:00:00.000,510.0,958.6132991925434,19.17468831790929,5.645502425727685,1.1583438363107454,28.40678443451347,11.868180640360574,3.2884929027439167,2036-08-13T00:00:00.000,8,41
2035-03-22T00:00:00.000,520.0,1164.9011235915395,20.2387590061006,8.5385045612058,2.398234663978359,30.328487404627815,14.968482467156962,4.585685114493379,2036-08-23T00:00:00.000,8,42
2035-03-22T00:00:00.000,530.0,1411.7517343072839,20.868296025815777,11.99170921396963,3.9102873063222923,32.01329906769422,18.675678864810635,6.174093945520862,2036-09-02T00:00:00.000,8,43
2035-03-22T00:00:00.000,540.0,1697.097275836135,20.81657564064632,15.948132344681987,5.680986040630787,33.24801604079198,22.953759652471295,8.049324381831976,2036-09-12T00:00:00.000,8,44
2035-03-22T00:00:00.000,550.0,2011.4755860560078,19.840737663155565,20.233297145526183,7.643222511559557,33.816628406450995,27.65444653179068,10.155925181703049,2036-09-22T00:00:00.000,8,45
2035-03-22T00:00:00.000,560.0,1984.0734147968803,19.14818335214458,21.149056422355088,9.43967021513522,-34.28060240679561,25.949443275941363,11.642169346508462,2036-10-02T00:00:00.000,8,46
2035-03-22T00:00:00.000,570.0,1916.5595467563812,17.418866138582803,21.84555845513656,9.805903635795186,-34.289602988597004,24.838719282872944,11.127474916952917,2036-10-12T00:00:00.000,8,47
2035-03-22T00:00:00.000,580.0,1849.4356878045548,15.656585985647538,22.444479842114763,10.128782836202884,-34.255190546351116,23.73517786212192,10.614091590483358,2036-10-22T00:00:00.000,8,48
2035-03-22T00:00:00.000,590.0,1782.751309452241,13.865712469049106,22.944417030469676,10.407567841933911,-34.178074647670975,22.63962604132078,10.102368808335074,2036-11-01T00:00:00.000,8,49
2035-03-22T00:00:00.000,600.0,1716.5548592714883,12.050763232671796,23.343809477040715,10.641449953960883,-34.05892790242527,21.552855756359758,9.59263770578437,2036-11-11T00:00:00.000,8,50
2035-04-01T00:00:00.000,100.0,195.07451911107566,12.152716713941157,-12.732905268218383,-5.4872902215641215,12.832906368087528,-4.36101986340805,-3.3723195296315964,2035-07-10T00:00:00.000,9,0
2035-04-01T00:00:00.000,110.0,147.47837979200023,11.088626567154897,-10.471348139354186,-4.396573533218962,11.27807752698994,-3.3552351275376893,-3.004287657023186,2035-07-20T00:00:00.000,9,1
2035-04-01T00:00:00.000,120.0,114.09244056856097,10.07468268724544,-8.618820156362853,-3.4751351038095493,9.984975008935535,-2.5937388989962464,-2.768615748587644,2035-07-30T00:00:00.000,9,2
2035-04-01T00:00:00.000,130.0,90.39570761769855,9.102289983742434,-7.11163315947492,-2.6884030973600606,8.911187496455288,-2.0029891300385962,-2.6409239984643094,2035-08-09T00:00:00.000,9,3
2035-04-01T00:00:00.000,140.0,73.52200720364293,8.170769529972453,-5.904134291718762,-2.0053913135237478,8.022984979510028,-1.5277809341801571,-2.6114372746353727,2035-08-19T00:00:00.000,9,4
2035-04-01T00:00:00.000,150.0,61.663089208504026,7.284029496995686,-4.965059858986422,-1.3923137127865903,7.292857760191096,-1.1211338089134664,-2.6870753395905584,2035-08-29T00:00:00.000,9,5
2035-04-01T00:00:00.000,160.0,53.82125179588518,6.448728923040598,-4.27975249025555,-0.8012446696406936,6.6975758403473185,-0.7317967666893352,-2.903136777856691,2035-09-08T00:00:00.000,9,6
2035-04-01T00:00:00.000,170.0,50.03351226466626,5.674124080866854,-3.866960151939427,-0.1383949361476393,6.215603148185804,-0.2747323824160546,-3.36516149493319,2035-09-18T00:00:00.000,9,7
2035-04-01T00:00:00.000,180.0,53.76390066165229,4.977995022002297,-3.86741419243927,0.8696656211150984,5.817849815538318,0.49712565884602355,-4.435018631844738,2035-09-28T00:00:00.000,9,8
2035-04-01T00:00:00.000,190.0,107.86839491722438,4.476968411906313,-5.476795762036364,3.769798203198471,5.349776051318453,3.306186999682538,-8.265435175542429,2035-10-08T00:00:00.000,9,9
2035-04-01T00:00:00.000,200.0,330.3807936104188,4.231559002901209,-0.3091777816239727,-14.288014934514166,4.540111346102626,-3.5985713820079184,17.228420315977974,2035-10-18T00:00:00.000,9,10
2035-04-01T00:00:00.000,210.0,43.69156081458111,3.1810132346110715,-0.9119752065346098,-4.165727006917841,5.253273301048028,-2.5391764935682772,3.1060043743670693,2035-10-28T00:00:00.000,9,11
2035-04-01T00:00:00.000,220.0,32.011676093279945,2.7388372615531384,-1.3499210823700238,-2.773003673565638,5.220363403906734,-1.8405818799567193,1.1712132033093887,2035-11-07T00:00:00.000,9,12
2035-04-01T00:00:00.000,230.0,29.708073687778427,2.386948594512001,-1.5995618465178438,-2.2584818701563227,5.221584179118753,-1.5054265673247755,0.4205035059876554,2035-11-17T00:00:00.000,9,13
2035-04-01T00:00:00.000,240.0,29.47634650555045,2.1139618394261976,-1.8113554822648865,-2.0213076997883466,5.271445489641901,-1.2991397478665867,0.021091960497988893,2035-11-27T00:00:00.000,9,14
2035-04-01T00:00:00.000,250.0,30.19461918175212,1.917364041622987,-2.0210105200090887,-1.9121673810860829,5.368244398015732,-1.1510499263210114,-0.22727809406369381,2035-12-07T00:00:00.000,9,15
2035-04-01T00:00:00.000,260.0,31.570894870782766,1.7948919187885668,-2.236288877115678,-1.8740707097151255,5.508954657118726,-1.0321013740500504,-0.3963334584370415,2035-12-17T00:00:00.000,9,16
2035-04-01T00:00:00.000,270.0,33.513805841913985,1.7438758892701784,-2.4562141493577094,-1.8791956974548318,5.6907995515022405,-0.927621500031151,-0.517807550365811,2035-12-27T00:00:00.000,9,17
2035-04-01T00:00:00.000,280.0,36.00238165109481,1.761287966616763,-2.6768266836284624,-1.9115380436019995,5.911501330387224,-0.8290003177120653,-0.6076941213786622,2036-01-06T00:00:00.000,9,18
2035-04-01T00:00:00.000,290.0,39.04937231981848,1.8438928523334184,-2.8932651183604747,-1.960774494638747,6.1693092611354965,-0.7305375841938684,-0.6747669215117629,2036-01-16T00:00:00.000,9,19
2035-04-01T00:00:00.000,300.0,42.68892401617368,1.988412914231656,-3.1005757604583764,-2.019677601261043,6.462984192657179,-0.628044590886951,-0.7240989804541584,2036-01-26T00:00:00.000,9,20
2035-04-01T00:00:00.000,310.0,46.972322645582,2.1916496611233818,-3.294023274997725,-2.082872073374384,6.791777490913172,-0.5181401170764524,-0.758690963820694,2036-02-05T00:00:00.000,9,21
2035-04-01T00:00:00.000,320.0,51.967111318618706,2.4505951498179854,-3.4691924357480293,-2.146175341969032,7.1554157833511995,-0.3978523386563708,-0.7802882817349612,2036-02-15T00:00:00.000,9,22
2035-04-01T00:00:00.000,330.0,57.75803635639725,2.762529785591621,-3.6219713976569086,-2.206204082433854,7.554094305705671,-0.26436533980147914,-0.7898142465251272,2036-02-25T00:00:00.000,9,23
2035-04-01T00:00:00.000,340.0,64.44930990407599,3.1250999859993485,-3.748473611296059,-2.260115540604575,7.988479197143287,-0.11483567494554947,-0.7876057317241472,2036-03-06T00:00:00.000,9,24
2035-04-01T00:00:00.000,350.0,72.1680983840277,3.5363817357315916,-3.8449232817883794,-2.305421320612869,8.459719015494219,0.053759642186818724,-0.7735389219587852,2036-03-16T00:00:00.000,9,25
2035-04-01T00:00:00.000,360.0,81.06936637607994,3.994929229109072,-3.907514945246332,-2.3398392596765683,8.969465689011898,0.24476658197588108,-0.7470883147701493,2036-03-26T00:00:00.000,9,26
2035-04-01T00:00:00.000,370.0,91.34236704597743,4.499809017097586,-3.9322535520845245,-2.361166525775811,9.51990482742901,0.46200495082826265,-0.7073404753592456,2036-04-05T00:00:00.000,9,27
2035-04-01T00:00:00.000,380.0,103.21924621940077,5.0506368128311365,-3.91477169130449,-2.3671629503786598,10.113795408973779,0.7099405341420351,-0.6529724977392259,2036-04-15T00:00:00.000,9,28
2035-04-01T00:00:00.000,390.0,116.9864234290969,5.647606633401521,-3.850091534759253,-2.355419330511414,10.754517461945724,0.9938927584282204,-0.582198226161287,2036-04-25T00:00:00.000,9,29
2035-04-01T00:00:00.000,400.0,132.99964560830574,6.291482610280264,-3.7323497270541104,-2.3232153278720564,11.446123210675964,1.3202935184306135,-0.4926805045065592,2036-05-05T00:00:00.000,9,30
2035-04-01T00:00:00.000,410.0,151.70401031179634,6.983582815851934,-3.5544664707342175,-2.2673592525815227,12.193386417587412,1.697017779700257,-0.3814035114840504,2036-05-15T00:00:00.000,9,31
2035-04-01T00:00:00.000,420.0,173.66073435547028,7.725728196137528,-3.3077205087123573,-2.1839870982321976,13.00183835361285,2.133812549030843,-0.24449496434622375,2036-05-25T00:00:00.000,9,32
2035-04-01T00:00:00.000,430.0,199.58307562817205,8.520125547195825,-2.981204886743493,-2.068308237380319,13.87776816550273,2.6428582950614583,-0.07698314722008348,2036-06-04T00:00:00.000,9,33
2035-04-01T00:00:00.000,440.0,230.38464719570044,9.369137412405571,-2.561123646418899,-1.9142765522804792,14.828148253735304,3.239506468479341,0.12753196316066173,2036-06-14T00:00:00.000,9,34
2035-04-01T00:00:00.000,450.0,267.24432780673595,10.274855917796248,-2.0298841977431756,-1.7141619699212072,15.86041507174276,3.9432462402135897,0.37732035170715506,2036-06-24T00:00:00.000,9,35
2035-04-01T00:00:00.000,460.0,311.6928649025184,11.23834436085888,-1.364940991706181,-1.4579969712075087,16.981984168706635,4.7789582251306975,0.6831082482090984,2036-07-04T00:00:00.000,9,36
2035-04-01T00:00:00.000,470.0,365.726502746229,12.258335983197806,-0.5373530513611797,-1.1328707644487368,18.199293350305954,5.778501678564311,1.058840236564489,2036-07-14T00:00:00.000,9,37
2035-04-01T00:00:00.000,480.0,431.95094413101737,13.329001732990584,0.4899362850538722,-0.7220529327829501,19.51603102094377,6.982626507736278,1.5226307411964726,2036-07-24T00:00:00.000,9,38
2035-04-01T00:00:00.000,490.0,513.7509097245364,14.436206429140931,1.7638661957613593,-0.20402504322294668,20.930001471391154,8.443041174615136,2.0978569674441623,2036-08-03T00:00:00.000,9,39
2035-04-01T00:00:00.000,500.0,615.4592013417174,15.551474639157547,3.342504622369683,0.44836375316694976,22.427827662328294,10.224093412846667,2.8141893283865187,2036-08-13T00:00:00.000,9,40
2035-04-01T00:00:00.000,510.0,742.4506007630848,16.6227142315022,5.294412780073888,1.268053974935473,23.976515910707057,12.402738924537463,3.7080119628258297,2036-08-23T00:00:00.000,9,41
2035-04-01T00:00:00.000,520.0,900.9917108029322,17.56119623355794,7.693362470763416,2.2920284014647736,25.511233018985465,15.064073042151009,4.821037651242431,2036-09-02T00:00:00.000,9,42
2035-04-01T00:00:00.000,530.0,1097.5342283088235,18.226362755112312,10.603790747843375,3.555510795870598,26.920491952131883,18.2878016719636,6.194969844232595,2036-09-12T00:00:00.000,9,43
2035-04-01T00:00:00.000,540.0,1337.0243176119493,18.415336054536578,14.051594986350263,5.079347650539715,28.034882302046253,22.120116351914767,7.8593984820796585,2036-09-22T00:00:00.000,9,44
2035-04-01T00:00:00.000,550.0,1619.99690591849,17.87260571884438,17.979599348035222,6.84951301223937,28.633730913300315,26.529920341905814,9.811711703639283,2036-10-02T00:00:00.000,9,45
2035-04-01T00:00:00.000,560.0,1939.1872838589757,16.33988854347356,22.203078303390612,8.794681299888351,28.48875346297049,31.364092525685788,11.994661730340013,2036-10-12T00:00:00.000,9,46
2035-04-01T00:00:00.000,570.0,1993.013424746044,15.236159979581771,23.89910202949949,10.764635952868232,-38.67405757014584,20.341768763033485,9.140193619303929,2036-10-22T00:00:00.000,9,47
2035-04-01T00:00:00.000,580.0,1924.6897705112785,13.37301065689059,24.369280915955684,11.030759935444433,-38.47514211955775,19.235360075685143,8.622884212944609,2036-11-01T00:00:00.000,9,48
2035-04-01T00:00:00.000,590.0,1856.6353208655137,11.486450469688519,24.735344607213932,11.250200537487782,-38.233294535368614,18.140881817632945,8.109187179732668,2036-11-11T00:00:00.000,9,49
2035-04-01T00:00:00.000,600.0,1788.9076068995469,9.58142610312683,24.995455990970427,11.422002471923633,-37.94918172335794,17.059170895191063,7.599467204730138,2036-11-21T00:00:00.000,9,50
2035-04-11T00:00:00.000,100.0,163.67880509080038,12.658093008361078,-10.631536617248743,-4.708195558494656,12.253413434369827,-2.620128835935308,-2.5821675352900115,2035-07-20T00:00:00.000,10,0
2035-04-11T00:00:00.000,110.0,123.70429280930537,11.389259712589189,-8.636754678959122,-3.7449124889952152,10.719152428057606,-1.877596703779453,-2.297541001011435,2035-07-30T00:00:00.000,10,1
2035-04-11T00:00:00.000,120.0,95.73203494593959,10.215990523826108,-7.017265271443323,-2.9430587505761796,9.457896353651472,-1.3361432737158339,-2.1201303407172194,2035-08-09T00:00:00.000,10,2
2035-04-11T00:00:00.000,130.0,75.90585009166017,9.123163281891394,-5.713588482993263,-2.2722078007253224,8.422064646068302,-0.9325589546930182,-2.0260826698652856,2035-08-19T00:00:00.000,10,3
2035-04-11T00:00:00.000,140.0,61.77079503701669,8.104694995955729,-4.681158403861165,-1.7063357693027132,7.57451744138657,-0.6211166194504507,-2.002921544192329,2035-08-29T00:00:00.000,10,4
2035-04-11T00:00:00.000,150.0,51.743004279986415,7.159689695978253,-3.8863398370209836,-1.2197690187745653,6.88550822097581,-0.36580765391996906,-2.049137764815855,2035-09-08T00:00:00.000,10,5
2035-04-11T00:00:00.000,160.0,44.83826358642927,6.290182365932292,-3.305802355147364,-0.7816030856620646,6.3305194473125095,-0.1330362659067177,-2.1783223970709624,2035-09-18T00:00:00.000,10,6
2035-04-11T00:00:00.000,170.0,40.6121652705086,5.500195281608342,-2.9313445855323437,-0.3431365570378073,5.888170011119829,0.12033591118823139,-2.4345715144838547,2035-09-28T00:00:00.000,10,7
2035-04-11T00:00:00.000,180.0,39.58338091383886,4.797288690951169,-2.7931839877210543,0.20395001912917543,5.535968865243147,0.4832153706138982,-2.9500733113771656,2035-10-08T00:00:00.000,10,8
2035-04-11T00:00:00.000,190.0,47.07996186135155,4.209842103767891,-3.101524570632751,1.2472085341619223,5.225785622172706,1.2927391908253512,-4.254403821565225,2035-10-18T00:00:00.000,10,9
2035-04-11T00:00:00.000,200.0,213.58155287107525,4.398329086282584,-7.348929410129863,6.697025867967225,4.043953960901218,7.526334074939303,-11.856740050519543,2035-10-28T00:00:00.000,10,10
2035-04-11T00:00:00.000,210.0,60.75689886336053,3.2080495819550077,-0.16356202761840777,-5.5788982418343345,4.876671552394511,-2.5447568878829294,5.522606795255212,2035-11-07T00:00:00.000,10,11
2035-04-11T00:00:00.000,220.0,29.133145871777813,2.706064826522857,-1.0314343918568056,-2.762826989696184,5.005891233693756,-1.3080304725720424,1.5372882329051958,2035-11-17T00:00:00.000,10,12
2035-04-11T00:00:00.000,230.0,26.355364201450463,2.388587658173714,-1.3788276283077643,-2.094253638352745,5.027854103340744,-0.880120275421767,0.5490315271108059,2035-11-27T00:00:00.000,10,13
2035-04-11T00:00:00.000,240.0,26.28416896033604,2.1553577984896144,-1.625458588951286,-1.8306781054789676,5.08490099286985,-0.6454795223672996,0.10633456282761422,2035-12-07T00:00:00.000,10,14
2035-04-11T00:00:00.000,250.0,27.105399144487368,1.9973797382281813,-1.845713966358277,-1.7183151009964526,5.1821179904998385,-0.4808039007882883,-0.14099604963278267,2035-12-17T00:00:00.000,10,15
2035-04-11T00:00:00.000,260.0,28.480686356103202,1.910150840308436,-2.0571947366618453,-1.6798886637270911,5.317363026330561,-0.3455158862273109,-0.29488230648931335,2035-12-27T00:00:00.000,10,16
2035-04-11T00:00:00.000,270.0,30.322964921238327,1.8895741028820794,-2.2627848279137623,-1.68244597984891,5.487919328572994,-0.22190102352508845,-0.3955582132528406,2036-01-06T00:00:00.000,10,17
2035-04-11T00:00:00.000,280.0,32.615237495600034,1.9315524020194133,-2.4606979419032786,-1.7087172841559566,5.691374343071979,-0.10063209212742663,-0.4619185692912655,2036-01-16T00:00:00.000,10,18
2035-04-11T00:00:00.000,290.0,35.369116685147056,2.0320279047080874,-2.6476293795455224,-1.748293660328788,5.925762567244311,0.023962555051372902,-0.5038655353847723,2036-01-26T00:00:00.000,10,19
2035-04-11T00:00:00.000,300.0,38.61273873131742,2.187058086933291,-2.819900883579063,-1.7942491857986367,6.189570333084928,0.15578419595470194,-0.5269621498771038,2036-02-05T00:00:00.000,10,20
2035-04-11T00:00:00.000,310.0,42.38695617211547,2.392900751650444,-2.973905428547358,-1.841638446956387,6.481713778888677,0.2978344487499527,-0.5344504671323165,2036-02-15T00:00:00.000,10,21
2035-04-11T00:00:00.000,320.0,46.74453888036804,2.646090622248604,-3.1062516024035878,-1.886734528234935,6.801515523220784,0.4526709570131935,-0.5282182053200213,2036-02-25T00:00:00.000,10,22
2035-04-11T00:00:00.000,330.0,51.750822400158945,2.94349721694142,-3.21377406674177,-1.9265982644214596,7.148686266235321,0.6226761248600354,-0.5092951115284077,2036-03-06T00:00:00.000,10,23
2035-04-11T00:00:00.000,340.0,57.48532097814898,3.2823689127110036,-3.2934788329922853,-1.958809985592221,7.523313055861925,0.810237059268303,-0.47811876080607796,2036-03-16T00:00:00.000,10,24
2035-04-11T00:00:00.000,350.0,64.0442042713196,3.6603621573987972,-3.342453900477752,-1.9812850259006791,7.925854648585977,1.0178839087555716,-0.43467770716260645,2036-03-26T00:00:00.000,10,25
2035-04-11T00:00:00.000,360.0,71.54371172320491,4.075556529363482,-3.357762439175645,-1.9921367015853944,8.357143851681181,1.2484120800007013,-0.37858373449036264,2036-04-05T00:00:00.000,10,26
2035-04-11T00:00:00.000,370.0,80.12470609075295,4.526473637920496,-3.3363225511284265,-1.9895673519614683,8.818396969795709,1.5050046092259066,-0.30909885159861616,2036-04-15T00:00:00.000,10,27
2035-04-11T00:00:00.000,380.0,89.95867722196834,5.012091267650458,-3.2747479008986353,-1.971759254289391,9.31122967809583,1.7913670179423384,-0.22512954213997638,2036-04-25T00:00:00.000,10,28
2035-04-11T00:00:00.000,390.0,101.25561841177,5.531826535216421,-3.1691749087202172,-1.9367703745713905,9.837676878735797,2.111885084164438,-0.12519358066954744,2036-05-05T00:00:00.000,10,29
2035-04-11T00:00:00.000,400.0,114.27441776601725,6.085523444072713,-3.015066831224768,-1.882429827137063,10.400215339211579,2.471818054713175,-0.007359921154353799,2036-05-15T00:00:00.000,10,30
2035-04-11T00:00:00.000,410.0,129.33665340711747,6.673428506062313,-2.806968086005403,-1.8062151418217836,11.001785505961804,2.8775422873198018,0.13084140251683785,2036-05-25T00:00:00.000,10,31
2035-04-11T00:00:00.000,420.0,146.84502280197808,7.296141836619833,-2.53819844070763,-1.7051057004825694,11.645805199992767,3.336863953954076,0.29254572053186045,2036-06-04T00:00:00.000,10,32
2035-04-11T00:00:00.000,430.0,167.30813632383382,7.954528330463506,-2.20046482756954,-1.575400281145562,12.33616276029669,3.8594253688449136,0.48172657973094957,2036-06-14T00:00:00.000,10,33
2035-04-11T00:00:00.000,440.0,191.3740935635017,8.649559967300418,-1.783363922592713,-1.4124844926858149,13.07716777636452,4.457237204434964,0.7034294674776529,2036-06-24T00:00:00.000,10,34
2035-04-11T00:00:00.000,450.0,219.87619521152865,9.382043987237552,-1.2737433879850784,-1.2105327558424843,13.873421198779775,5.145378249989172,0.9640861565829919,2036-07-04T00:00:00.000,10,35
2035-04-11T00:00:00.000,460.0,253.89539157809787,10.15217632061525,-0.6548726682373527,-0.9621200077361935,14.729539388910796,5.942915170151725,1.2719356308413392,2036-07-14T00:00:00.000,10,36
2035-04-11T00:00:00.000,470.0,294.8455484223896,10.958770813011792,0.09464548410398521,-0.6577027782577316,15.649619264945338,6.8741025419085275,1.637583441528415,2036-07-24T00:00:00.000,10,37
2035-04-11T00:00:00.000,480.0,344.58889441237955,11.797939572662672,1.0022247955739338,-0.2849622730129191,16.636250037297216,7.969916295178592,2.0747321168658512,2036-08-03T00:00:00.000,10,38
2035-04-11T00:00:00.000,490.0,405.5892299997033,12.660904715511506,2.1029080877070143,0.17200505239023123,17.68874875342037,9.26993323167148,2.601102731232542,2036-08-13T00:00:00.000,10,39
2035-04-11T00:00:00.000,500.0,481.10656339312527,13.530374474295643,3.441096854895516,0.7336096840483517,18.80009679433828,10.824437525789968,3.239517891123109,2036-08-23T00:00:00.000,10,40
2035-04-11T00:00:00.000,510.0,575.4218966252934,14.374662644013888,5.071893692221257,1.4256134053812062,19.951783687102868,12.696300072769443,4.018978575526872,2036-09-02T00:00:00.000,10,41
2035-04-11T00:00:00.000,520.0,694.0402902554023,15.138511767732284,7.060801795637197,2.279380143276753,21.105515225156438,14.96143227228802,4.975244888227176,2036-09-12T00:00:00.000,10,42
2035-04-11T00:00:00.000,530.0,843.7279641061484,15.729812827162576,9.479081575231495,3.330360215535956,22.19088551976578,17.705164479897327,6.149773548235739,2036-09-22T00:00:00.000,10,43
2035-04-11T00:00:00.000,540.0,1032.0656815800812,16.003187582762507,12.38983315515658,4.612560143244464,23.089674193245195,21.00961448131602,7.584769381882628,2036-10-02T00:00:00.000,10,44
2035-04-11T00:00:00.000,550.0,1265.9724107196,15.746777600527487,15.81804939944298,6.145701102528677,23.6223938366634,24.925099285943507,9.310979848062473,2036-10-12T00:00:00.000,10,45
2035-04-11T00:00:00.000,560.0,1548.624698075324,14.688959737587783,19.701161302706936,7.91278674031582,23.55259430456158,29.42155827049841,11.325718897082172,2036-10-22T00:00:00.000,10,46
2035-04-11T00:00:00.000,570.0,1875.0339828064355,12.551010695423516,23.833733664225143,9.833066903465449,22.633486672127525,34.33265965278409,13.565682623264955,2036-11-01T00:00:00.000,10,47
2035-04-11T00:00:00.000,580.0,2000.9891343822487,10.814609344395675,26.108942193948714,11.849406326800262,-41.97895344021657,14.086155073190527,6.3511288524487535,2036-11-11T00:00:00.000,10,48
2035-04-11T00:00:00.000,590.0,1931.6496094927368,8.840986679466184,26.32937895563889,12.003996274289678,-41.57102741695272,13.013089123218913,5.844553059290661,2036-11-21T00:00:00.000,10,49
2035-04-11T00:00:00.000,600.0,1862.4670854749781,6.855367324525735,26.438092896069705,12.10801556695931,-41.12101439500966,11.957013566139572,5.344070282054755,2036-12-01T00:00:00.000,10,50
2035-04-21T00:00:00.000,100.0,136.574027086846,12.836025363143532,-8.61732218856577,-3.962744231481513,11.467168245538208,-1.1879903541703953,-1.9148781772646295,2035-07-30T00:00:00.000,11,0
2035-04-21T00:00:00.000,110.0,103.22636269572652,11.415563810359355,-6.898978498163213,-3.1295811351782765,9.992711573381936,-0.6820569307848494,-1.7049564364210568,2035-08-09T00:00:00.000,11,1
2035-04-21T00:00:00.000,120.0,79.9547618030998,10.1292935852046,-5.519084676528955,-2.447298574799847,8.794823854058343,-0.3349628136420755,-1.5791247869193636,2035-08-19T00:00:00.000,11,2
2035-04-21T00:00:00.000,130.0,63.4915684142907,8.956565728408965,-4.422982795570679,-1.889018366487159,7.822234021447471,-0.09343210999631779,-1.5150886999849398,2035-08-29T00:00:00.000,11,3
2035-04-21T00:00:00.000,140.0,51.753848780980576,7.886465645749567,-3.5683240186785525,-1.43244383508957,7.035528706489863,0.07983877529736105,-1.4996034046029187,2035-09-08T00:00:00.000,11,4
2035-04-21T00:00:00.000,150.0,43.383297385374554,6.913626270413342,-2.921354738263016,-1.0571759600078945,6.403647227558476,0.21241289260933272,-1.5269185745842933,2035-09-18T00:00:00.000,11,5
2035-04-21T00:00:00.000,160.0,37.493539781539155,6.035716843272631,-2.455374988514592,-0.7419156004685732,5.9015486911961474,0.32692016803964563,-1.5994955550763912,2035-09-28T00:00:00.000,11,6
2035-04-21T00:00:00.000,170.0,33.54494997082055,5.25204984115973,-2.151480185969291,-0.4596073762709967,5.508420326576601,0.4464762231047388,-1.7328919351132086,2035-10-08T00:00:00.000,11,7
2035-04-21T00:00:00.000,180.0,31.35818485573043,4.563318644925171,-2.004372338398511,-0.1644761007230784,5.2056455574052976,0.6057297422056216,-1.9729497372727032,2035-10-18T00:00:00.000,11,8
2035-04-21T00:00:00.000,190.0,31.59427465284162,3.9744958436679756,-2.049555019614573,0.2584631952990435,4.9713108502499495,0.8914829314256707,-2.4669011463788806,2035-10-28T00:00:00.000,11,9
2035-04-21T00:00:00.000,200.0,41.13568575795037,3.528441238934704,-2.574233792234029,1.3432690282721875,4.732733972739066,1.7450387248815709,-3.961281957888831,2035-11-07T00:00:00.000,11,10
2035-04-21T00:00:00.000,210.0,1344.1662597510433,10.740991405278118,-5.122961033005863,-26.514682349847163,-6.363412121967285,5.341030791195269,35.7091953984481,2035-11-17T00:00:00.000,11,11
2035-04-21T00:00:00.000,220.0,27.365289871119206,2.658460179533707,-0.7098816977408902,-2.8574172871355774,4.737696140429357,-0.9557171369330462,2.001531889891462,2035-11-27T00:00:00.000,11,12
2035-04-21T00:00:00.000,230.0,23.344586389349583,2.3703070832537048,-1.2081767444400704,-1.8757600388051374,4.7879571494192525,-0.341919226570468,0.5505851134712056,2035-12-07T00:00:00.000,11,13
2035-04-21T00:00:00.000,240.0,23.51772290781626,2.1770682515195467,-1.4819427397542722,-1.5879527758486116,4.848359194475368,-0.07743978462408307,0.07168757856004149,2035-12-17T00:00:00.000,11,14
2035-04-21T00:00:00.000,250.0,24.45963281385462,2.055990843855298,-1.7023899762581411,-1.4821053177810581,4.942203849302132,0.09757650218571001,-0.15726649998970466,2035-12-27T00:00:00.000,11,15
2035-04-21T00:00:00.000,260.0,25.82658512957299,2.000780097391356,-1.9019103925350613,-1.451079530761695,5.068317579046425,0.24245043589102977,-0.2827716987928941,2036-01-06T00:00:00.000,11,16
2035-04-21T00:00:00.000,270.0,27.55854955474657,2.006429288484398,-2.087566796435757,-1.4568909252878468,5.224007243761193,0.37843761096632633,-0.3536705338068984,2036-01-16T00:00:00.000,11,17
2035-04-21T00:00:00.000,280.0,29.651607353552397,2.068205349594585,-2.2595107603289044,-1.4817718168902596,5.4067887464969395,0.5153255834230386,-0.39074588593631354,2036-01-26T00:00:00.000,11,18
2035-04-21T00:00:00.000,290.0,32.12069918496428,2.1815688126632153,-2.415736589958117,-1.5158017620165394,5.614596189046811,0.6584936607107537,-0.4042213721577106,2036-02-05T00:00:00.000,11,19
2035-04-21T00:00:00.000,300.0,34.99117530814871,2.342218426789792,-2.5536346794453744,-1.552734185388301,5.845782603387772,0.8113683670435314,-0.3996028466348971,2036-02-15T00:00:00.000,11,20
2035-04-21T00:00:00.000,310.0,38.29673007395572,2.546147767085035,-2.670542424358011,-1.5882857069332361,6.0990876404788565,0.9764490383464057,-0.380009609386601,2036-02-25T00:00:00.000,11,21
2035-04-21T00:00:00.000,320.0,42.07927207090496,2.789687481501751,-2.7639272685757144,-1.619324735774298,6.373604041076309,1.1558017317206257,-0.34722608691213175,2036-03-06T00:00:00.000,11,22
2035-04-21T00:00:00.000,330.0,46.389647699283124,3.069534865098845,-2.8314177575257466,-1.6434377319394091,6.66874950247745,1.3513295401585346,-0.30221887165564354,2036-03-16T00:00:00.000,11,23
2035-04-21T00:00:00.000,340.0,51.2889445282435,3.3827690432168183,-2.8707664969015854,-1.6586703433422967,6.984245080843419,1.5649413173382243,-0.2454054853618981,2036-03-26T00:00:00.000,11,24
2035-04-21T00:00:00.000,350.0,56.850344583747095,3.726852414994859,-2.879784202681877,-1.6633588120837406,7.320099867310088,1.7986732071947173,-0.17679708728879895,2036-04-05T00:00:00.000,11,25
2035-04-21T00:00:00.000,360.0,63.16160882398689,4.099636552211489,-2.8562594163769974,-1.65601208531868,7.676601770271862,2.054790589615447,-0.09607141860928259,2036-04-15T00:00:00.000,11,26
2035-04-21T00:00:00.000,370.0,70.32833969618834,4.499364442042754,-2.7978445095433493,-1.63520789515188,8.054313620120961,2.3358863473965883,-0.002603261134417778,2036-04-25T00:00:00.000,11,27
2035-04-21T00:00:00.000,380.0,78.47821849679792,4.92464396230476,-2.701938745575152,-1.5995045849590004,8.454072596426311,2.6449853787897872,0.10453409558535931,2036-05-05T00:00:00.000,11,28
2035-04-21T00:00:00.000,390.0,87.76653707842792,5.3744298790469625,-2.56556382180087,-1.547363093288328,8.876992665558372,2.9856649286328647,0.22659044106600845,2036-05-15T00:00:00.000,11,29
2035-04-21T00:00:00.000,400.0,98.38346120196388,5.848001370648937,-2.385211426995136,-1.4770625969052826,9.324468483805198,3.3622003264036913,0.3651816830269503,2036-05-25T00:00:00.000,11,30
2035-04-21T00:00:00.000,410.0,110.5636262127145,6.344928362137498,-2.1566603762300733,-1.3866071569238967,9.798177645123264,3.779746755722215,0.5223557312106504,2036-06-04T00:00:00.000,11,31
2035-04-21T00:00:00.000,420.0,124.59891614479446,6.8650213448360535,-1.8747514019699594,-1.273615884115956,10.300076534818611,4.244570604663668,0.7006853100348245,2036-06-14T00:00:00.000,11,32
2035-04-21T00:00:00.000,430.0,140.85563023836764,7.408252898683525,-1.5331059539729104,-1.135188785315175,10.832381816128862,4.764348086945304,0.9033945618549257,2036-06-24T00:00:00.000,11,33
2035-04-21T00:00:00.000,440.0,159.79774595076535,7.974634836079127,-1.1237729825481928,-0.967741252783842,11.397523994473879,5.348554517145363,1.134529560338315,2036-07-04T00:00:00.000,11,34
2035-04-21T00:00:00.000,450.0,182.01873785033956,8.56403967760689,-0.6367719902096809,-0.7667922359266717,11.998050708727309,6.008975981251098,1.3991871561356977,2036-07-14T00:00:00.000,11,35
2035-04-21T00:00:00.000,460.0,208.28547149684528,9.175899848692698,-0.05947686928136875,-0.5266753774527286,12.636441425632079,6.7603853428078615,1.7038220594191813,2036-07-24T00:00:00.000,11,36
2035-04-21T00:00:00.000,470.0,239.59910322738816,9.8086977402991,0.6241672631831001,-0.24016944080993596,13.314766429953831,7.621434053040495,2.0566577542988025,2036-08-03T00:00:00.000,11,37
2035-04-21T00:00:00.000,480.0,277.2799289044105,10.459149772092594,1.4346564928434589,0.10198339899528008,14.034078176397916,8.615822759784917,2.46823354144912,2036-08-13T00:00:00.000,11,38
2035-04-21T00:00:00.000,490.0,323.08551344245444,11.12085966345121,2.398220532253738,0.5117035460987971,14.793344328874841,9.773814209553736,2.9521234403267265,2036-08-23T00:00:00.000,11,39
2035-04-21T00:00:00.000,500.0,379.3735776421859,11.782089762621158,3.548393478276619,1.004355749329637,15.58760073121017,11.134120381569236,3.5258537143912543,2036-09-02T00:00:00.000,11,40
2035-04-21T00:00:00.000,510.0,449.3208979853663,12.422085998105885,4.92773623596128,1.5996514383223444,16.404795436918292,12.746082374868898,4.212002938185997,2036-09-12T00:00:00.000,11,41
2035-04-21T00:00:00.000,520.0,537.2008009801934,13.005092840422293,6.589256724280126,2.322499282998951,17.2204978190217,14.671751691545621,5.039341042923235,2036-09-22T00:00:00.000,11,42
2035-04-21T00:00:00.000,530.0,648.6896894765463,13.470889104143696,8.596315518180916,3.2033034175922666,17.98932362588293,16.986744320218197,6.0435455123074355,2036-10-02T00:00:00.000,11,43
2035-04-21T00:00:00.000,540.0,791.0852339824507,13.72075062690508,11.018267523201217,4.276518059986976,18.63191965306545,19.777187657759566,7.266336929562715,2036-10-12T00:00:00.000,11,44
2035-04-21T00:00:00.000,550.0,973.1218151141617,13.599286202041753,13.916420441171756,5.575015417734036,19.01774943788403,23.127345455703335,8.750595042886037,2036-10-22T00:00:00.000,11,45
2035-04-21T00:00:00.000,560.0,1203.729112349207,12.878341379763748,17.311875062296835,7.1162522273122,18.949209959325938,27.08931255304439,10.527378575412843,2036-11-01T00:00:00.000,11,46
2035-04-21T00:00:00.000,570.0,1488.791124117474,11.262066580881852,21.128751008227717,8.87661123521052,18.164795046377233,31.627526215213358,12.590906661022277,2036-11-11T00:00:00.000,11,47
2035-04-21T00:00:00.000,580.0,1825.5752195527311,8.447283387747191,25.125569525809595,10.75837530430607,16.393497583536924,36.54930675926537,14.865282773913814,2036-11-21T00:00:00.000,11,48
2035-04-21T00:00:00.000,590.0,2002.2087934763765,5.946888109470612,27.692849315191943,12.654391819352877,-44.00995961765453,7.355693346633107,3.3505258272533034,2036-12-01T00:00:00.000,11,49
2035-04-21T00:00:00.000,600.0,1931.7314815510445,3.891878942157078,27.6379342956359,12.684851673751897,-43.39618374749587,6.3461459960356805,2.8686492817387395,2036-12-11T00:00:00.000,11,50
2035-05-01T00:00:00.000,100.0,112.3384432627697,12.72217182715135,-6.7342385363966315,-3.268910629783864,10.511828045850795,-0.021201297369195515,-1.3562687426259714,2035-08-09T00:00:00.000,12,0
2035-05-01T00:00:00.000,110.0,84.86803591749378,11.20203419724836,-5.293321076926826,-2.5649160032391567,9.12826861916787,0.27887537898456216,-1.2103621180477884,2035-08-19T00:00:00.000,12,1
2035-05-01T00:00:00.000,120.0,65.7690063502638,9.847609813462654,-4.151883001515689,-1.9991995701328111,8.017837187708277,0.4601477371266398,-1.127633469565021,2035-08-29T00:00:00.000,12,2
2035-05-01T00:00:00.000,130.0,52.298760826705724,8.63367510436406,-3.260474198967124,-1.5480007944871677,7.127005296323503,0.5663920866161334,-1.0880056696088847,2035-09-08T00:00:00.000,12,3
2035-05-01T00:00:00.000,140.0,42.71116850650772,7.54509768016945,-2.579748455741722,-1.1919703837765159,6.415147625705693,0.627291512937024,-1.078681975703459,2035-09-18T00:00:00.000,12,4
2035-05-01T00:00:00.000,150.0,35.863589575802415,6.572500501811278,-2.0772768482865196,-0.914332055438793,5.850683480085127,0.663542033430641,-1.0921558320734892,2035-09-28T00:00:00.000,12,5
2035-05-01T00:00:00.000,160.0,30.995934778478702,5.709653317926987,-1.7258890253053067,-0.6994643302268262,5.408581625017412,0.6903245286864248,-1.1254473017856412,2035-10-08T00:00:00.000,12,6
2035-05-01T00:00:00.000,170.0,27.60391962051525,4.951926504666079,-1.503117733355431,-0.5312220523587889,5.068637147695622,0.7201263350352036,-1.1807858176248587,2035-10-18T00:00:00.000,12,7
2035-05-01T00:00:00.000,180.0,25.37406985130639,4.295489809896403,-1.3919947564804396,-0.3895918461924772,4.814128199857588,0.7662009953698146,-1.2693209055777146,2035-10-28T00:00:00.000,12,8
2035-05-01T00:00:00.000,190.0,24.193317074470293,3.7372513207849005,-1.3854835792088274,-0.24062469804324849,4.630302152465951,0.8504833066123538,-1.424884976590457,2035-11-07T00:00:00.000,12,9
2035-05-01T00:00:00.000,200.0,24.457440636735363,3.277255453518359,-1.5093075635493527,0.00938562746658711,4.499995269831043,1.037511698171766,-1.769478082483742,2035-11-17T00:00:00.000,12,10
2035-05-01T00:00:00.000,210.0,32.25753068509748,2.958823126863228,-2.073985557720789,0.9796523195268918,4.346108534709426,1.7985539399230603,-3.1834061969548593,2035-11-27T00:00:00.000,12,11
2035-05-01T00:00:00.000,220.0,31.891521651444265,2.6469120689555687,-0.17300634103419554,-3.666792019026677,4.336819819633668,-1.0377974857290937,3.465038510910267,2035-12-07T00:00:00.000,12,12
2035-05-01T00:00:00.000,230.0,20.286669406919973,2.3367660106441956,-1.1233761191650515,-1.5231575717433534,4.487276776638456,0.21397112046752298,0.32439620276296566,2035-12-17T00:00:00.000,12,13
2035-05-01T00:00:00.000,240.0,20.909921965998098,2.184082659376813,-1.4021552123665284,-1.2500141679726298,4.544795660595902,0.4872937798489474,-0.13152620099158874,2035-12-27T00:00:00.000,12,14
2035-05-01T00:00:00.000,250.0,21.964483523172916,2.0974949708127824,-1.604028500177952,-1.1806241767321293,4.631544743857294,0.6524273567361334,-0.2959989070978022,2036-01-06T00:00:00.000,12,15
2035-05-01T00:00:00.000,260.0,23.28223594046124,2.070573081030041,-1.7795439292433137,-1.174882942393305,4.7455357297254785,0.7927273156226384,-0.365663754596806,2036-01-16T00:00:00.000,12,16
2035-05-01T00:00:00.000,270.0,24.867995067734146,2.0981039699826063,-1.9378376542697824,-1.1953671421459644,4.883705584938319,0.9301687795936644,-0.39012929759971904,2036-01-26T00:00:00.000,12,17
2035-05-01T00:00:00.000,280.0,26.73879798655956,2.175105317301991,-2.079642934174082,-1.226883914155196,5.0434811174049585,1.0732295459097294,-0.3876526108845262,2036-02-05T00:00:00.000,12,18
2035-05-01T00:00:00.000,290.0,28.91487817301467,2.2968496471307525,-2.2034721563598443,-1.2615995120381227,5.222778873944147,1.2260425670100474,-0.3664404873602116,2036-02-15T00:00:00.000,12,19
2035-05-01T00:00:00.000,300.0,31.419985501285446,2.4589242525385906,-2.3072890936734813,-1.2948034687694487,5.419932486330435,1.3910403683038588,-0.3306418585940136,2036-02-25T00:00:00.000,12,20
2035-05-01T00:00:00.000,310.0,34.28228600316139,2.6572694119817903,-2.3890327192983145,-1.3233520835294017,5.633631531678571,1.5699306901109082,-0.2824878699807041,2036-03-06T00:00:00.000,12,21
2035-05-01T00:00:00.000,320.0,37.53524467487261,2.8881998466494636,-2.446771134399818,-1.3449832321698738,5.862874250781335,1.764125570751041,-0.22318415046800766,2036-03-16T00:00:00.000,12,22
2035-05-01T00:00:00.000,330.0,41.21858374931354,3.14841030234615,-2.4787180525560926,-1.3579668291359195,6.106931002837882,1.9749605563488473,-0.15332409059666396,2036-03-26T00:00:00.000,12,23
2035-05-01T00:00:00.000,340.0,45.37943286616922,3.434967134183246,-2.483197522860736,-1.3609046382821315,6.365315908134722,2.2038247638983357,-0.07309354174412697,2036-04-05T00:00:00.000,12,24
2035-05-01T00:00:00.000,350.0,50.07377821842853,3.745304651048844,-2.458588214011466,-1.352605028825349,6.6377652628156945,2.4522520026730703,0.017625253806347274,2036-04-15T00:00:00.000,12,25
2035-05-01T00:00:00.000,360.0,55.36831516939886,4.077218446760522,-2.4032350364713846,-1.3319831756488716,6.9242212922012705,2.7219965510324045,0.11920336485652427,2036-04-25T00:00:00.000,12,26
2035-05-01T00:00:00.000,370.0,61.34281015678067,4.428831107684335,-2.3153628534561044,-1.2979838736117313,7.224819130304514,3.015105352638461,0.2322464287292867,2036-05-05T00:00:00.000,12,27
2035-05-01T00:00:00.000,380.0,68.09314281299183,4.798568261422128,-2.192990718729206,-1.24952002131492,7.5398767141296865,3.3339955287562724,0.3575972076931606,2036-05-15T00:00:00.000,12,28
2035-05-01T00:00:00.000,390.0,75.73525064951279,5.18513311035343,-2.0338294176778167,-1.1854105736978813,7.869886518874882,3.6815443179208316,0.49635497854763777,2036-05-25T00:00:00.000,12,29
2035-05-01T00:00:00.000,400.0,84.41027239043997,5.587474777836762,-1.8351639167235128,-1.1043166649412113,8.215507251337094,4.061198013374728,0.6499105244791519,2036-06-04T00:00:00.000,12,30
2035-05-01T00:00:00.000,410.0,94.29130716948943,6.004748609799703,-1.5937141095597642,-1.0046706785815749,8.577553127031077,4.477107673987238,0.8199978036393798,2036-06-14T00:00:00.000,12,31
2035-05-01T00:00:00.000,420.0,105.5923756901584,6.436262508373218,-1.305467320461105,-0.8845937070367764,8.956977097089762,4.934301326738936,1.0087652795919535,2036-06-24T00:00:00.000,12,32
2035-05-01T00:00:00.000,430.0,118.580412063885,6.88140309437037,-0.9654759945241516,-0.741798896882143,9.354842227438393,5.438905256269653,1.2188718459882564,2036-07-04T00:00:00.000,12,33
2035-05-01T00:00:00.000,440.0,133.59148877484878,7.339546976592215,-0.5676011747667431,-0.5734717952499997,9.772272406535176,5.998431855589725,1.4536148255870298,2036-07-14T00:00:00.000,12,34
2035-05-01T00:00:00.000,450.0,151.05301452638096,7.809918364289503,-0.10416167807965238,-0.3761048752463898,10.210367628251774,6.622157671082972,1.7171008128954313,2036-07-24T00:00:00.000,12,35
2035-05-01T00:00:00.000,460.0,171.51438494086062,8.291353371344268,0.43450158788174065,-0.14529204209874358,10.670058078767926,7.321621513380382,2.0144736164530634,2036-08-03T00:00:00.000,12,36
2035-05-01T00:00:00.000,470.0,195.6897684889309,8.78195349972085,1.0605938231324856,0.12453879832556503,11.151856105986031,8.1112846257714,2.3522192925060157,2036-08-13T00:00:00.000,12,37
2035-05-01T00:00:00.000,480.0,224.51842758209918,9.2785362021122,1.7896185110633311,0.4404825072397305,11.655436849875482,9.009407631215664,2.7385750957855493,2036-08-23T00:00:00.000,12,38
2035-05-01T00:00:00.000,490.0,259.25042714915827,9.77574960772257,2.641360420673859,0.8116275402569126,12.178929779247593,10.039210883272364,3.184076227495212,2036-09-02T00:00:00.000,12,39
2035-05-01T00:00:00.000,500.0,301.5689669781968,10.264631737618448,3.641145185483907,1.2496691614454338,12.717721392244751,11.230389939342514,3.702279213910196,2036-09-12T00:00:00.000,12,40
2035-05-01T00:00:00.000,510.0,353.7646960007853,10.730248775929466,4.821386019975385,1.7696803566253445,13.26243103369232,12.621035140706937,4.310694961880377,2036-09-22T00:00:00.000,12,41
2035-05-01T00:00:00.000,520.0,418.98080655298054,11.147813690340328,6.223303253358141,2.3910068453042337,13.795496280139307,14.25990227325596,5.031925684549864,2036-10-02T00:00:00.000,12,42
2035-05-01T00:00:00.000,530.0,501.5454280476887,11.47635530655695,7.898390631938192,3.138122717524743,14.285466117804564,16.20868090675515,5.894874816969193,2036-10-12T00:00:00.000,12,43
2035-05-01T00:00:00.000,540.0,607.3849631615656,11.64855779064489,9.908413445217054,4.040942997470747,14.677691449294333,18.54314519598315,6.935567973970454,2036-10-22T00:00:00.000,12,44
2035-05-01T00:00:00.000,550.0,744.4304623507969,11.555332875372764,12.320934283863284,5.133277079946408,14.87995684984983,21.35034526604619,8.196346961788718,2036-11-01T00:00:00.000,12,45
2035-05-01T00:00:00.000,560.0,922.7098183853044,11.025220703735416,15.19414484582018,6.446607312269862,14.74294934568412,24.71566794739396,9.72064920105953,2036-11-11T00:00:00.000,12,46
2035-05-01T00:00:00.000,570.0,1153.355984521461,9.805187803917107,18.540453546869625,7.99421617166486,14.041530800111435,28.689000824617104,11.53831135808452,2036-11-21T00:00:00.000,12,47
2035-05-01T00:00:00.000,580.0,1445.1498273815587,7.566030809835857,22.25881791919948,9.740405303176058,12.478558402381289,33.21900700208559,13.635724453629392,2036-12-01T00:00:00.000,12,48
2035-05-01T00:00:00.000,590.0,1797.4906701367117,3.978542963360919,26.049234708098446,11.559419762371547,9.754965781208064,38.06655288853662,15.914423141553574,2036-12-11T00:00:00.000,12,49
2035-05-01T00:00:00.000,600.0,2000.7804954005067,0.7145525409545357,28.56369400328115,13.138616326355603,-44.72745409690887,0.4154795239821958,0.2504439549439432,2036-12-21T00:00:00.000,12,50
2035-05-11T00:00:00.000,100.0,90.63401879993762,12.351945508296183,-5.020072664824841,-2.6415086041603324,9.440231081969394,0.8043590830876433,-0.9322351551035775,2035-08-19T00:00:00.000,13,0
2035-05-11T00:00:00.000,110.0,68.34010402630642,10.781644719896537,-3.8497051866410246,-2.062403224043898,8.17120555827146,0.9318876991941032,-0.8385040649100945,2035-08-29T00:00:00.000,13,1
2035-05-11T00:00:00.000,120.0,52.92562822553512,9.401317998754699,-2.938785482294339,-1.6075437828093726,7.165683916622225,0.9774353169586938,-0.7894443829419204,2035-09-08T00:00:00.000,13,2
2035-05-11T00:00:00.000,130.0,42.108840880807776,8.18208677399366,-2.243277324551027,-1.2559609779264775,6.369259759622228,0.9758015927364703,-0.7675820782676928,2035-09-18T00:00:00.000,13,3
2035-05-11T00:00:00.000,140.0,34.441844672153515,7.105255997822021,-1.7273726215279943,-0.9907484132138222,5.741098499870063,0.9497518733034731,-0.7613173228685737,2035-09-28T00:00:00.000,13,4
2035-05-11T00:00:00.000,150.0,28.978476030626734,6.15797987247924,-1.3609152284520256,-0.7977700628371913,5.249829424917742,0.9142123164017413,-0.762878024610715,2035-10-08T00:00:00.000,13,5
2035-05-11T00:00:00.000,160.0,25.086617641814694,5.330681043051418,-1.1179460931528453,-0.6649368003688174,4.870913944627134,0.8789262083669627,-0.7670095867049538,2035-10-18T00:00:00.000,13,6
2035-05-11T00:00:00.000,170.0,22.337003875997578,4.615526320181077,-0.9758335849726691,-0.5817963301108176,4.584885144690972,0.8501638760235188,-0.7700996493274674,2035-10-28T00:00:00.000,13,7
2035-05-11T00:00:00.000,180.0,20.434608759054434,4.005517498094684,-0.9147079964836244,-0.5393170468093302,4.37612757818864,0.8318208317086224,-0.7695390064232184,2035-11-07T00:00:00.000,13,8
2035-05-11T00:00:00.000,190.0,19.174645899240375,3.4939833026508733,-0.9170484428305237,-0.5298800909232586,4.23201040299184,0.8260694311551582,-0.7631141088462572,2035-11-17T00:00:00.000,13,9
2035-05-11T00:00:00.000,200.0,18.412479263770386,3.074323748146581,-0.9671692335711697,-0.5477338712226647,4.142269588675546,0.8334888871701231,-0.7479158999967952,2035-11-27T00:00:00.000,13,10
2035-05-11T00:00:00.000,210.0,18.03570683660344,2.739841375305959,-1.0495770430473108,-0.5920406731062666,4.0986453741476545,0.8513227901106646,-0.7155853831791594,2035-12-07T00:00:00.000,13,11
2035-05-11T00:00:00.000,220.0,17.801037725634146,2.4824122965476807,-1.12242095152666,-0.7247655512304716,4.096459885913781,0.8353087036615676,-0.5677266052605185,2035-12-17T00:00:00.000,13,12
2035-05-11T00:00:00.000,230.0,18.62781978657537,2.304066250600279,-1.3327539034037432,-0.5982982761186237,4.11750724736444,1.013710351938979,-0.803955954545045,2035-12-27T00:00:00.000,13,13
2035-05-11T00:00:00.000,240.0,19.07620682777403,2.1859247466101337,-1.4503947472188656,-0.6943389643601598,4.175262738846403,1.0628962348095001,-0.7166864610153114,2036-01-06T00:00:00.000,13,14
2035-05-11T00:00:00.000,250.0,19.871081823529714,2.128372550517522,-1.581190089992882,-0.7638945513248618,4.2561977393631665,1.1467826109610009,-0.6638917608820369,2036-01-16T00:00:00.000,13,15
2035-05-11T00:00:00.000,260.0,20.928517789944642,2.1248359590882693,-1.708875910926122,-0.8273561741648168,4.358026683039057,1.2496989921114405,-0.6118608085013184,2036-01-26T00:00:00.000,13,16
2035-05-11T00:00:00.000,270.0,22.238051143999378,2.169655483739483,-1.8273308655799818,-0.8857101837562174,4.478168813846896,1.3693474245676143,-0.5558262763836437,2036-02-05T00:00:00.000,13,17
2035-05-11T00:00:00.000,280.0,23.80240150199075,2.2576016673563934,-1.9323367032185264,-0.9380357091552427,4.6144197912516915,1.5050378084257403,-0.49436088771715436,2036-02-15T00:00:00.000,13,18
2035-05-11T00:00:00.000,290.0,25.631113671634754,2.3838553449080777,-2.0206414556551926,-0.9831718201549511,4.764950207830275,1.6565533208733818,-0.4268422233523159,2036-02-25T00:00:00.000,13,19
2035-05-11T00:00:00.000,300.0,27.738976233972625,2.544010798439846,-2.0896556710723373,-1.0200315600464567,4.928260730046723,1.823920717835069,-0.3528960550983369,2036-03-06T00:00:00.000,13,20
2035-05-11T00:00:00.000,310.0,30.145576582728957,2.7340756005633793,-2.1372787118030296,-1.0476616853154606,5.1031373076442605,2.0073522377487265,-0.2722190214944957,2036-03-16T00:00:00.000,13,21
2035-05-11T00:00:00.000,320.0,32.87534784505603,2.95046061933148,-2.1617689513724825,-1.0652352340863827,5.288612255386035,2.2072348997393476,-0.18450570346006945,2036-03-26T00:00:00.000,13,22
2035-05-11T00:00:00.000,330.0,35.95794062569354,3.189959398865053,-2.1616396457951885,-1.0720259890272168,5.483931504521713,2.424137278286251,-0.08941104758744256,2036-04-05T00:00:00.000,13,23
2035-05-11T00:00:00.000,340.0,39.42888186439155,3.4497344845725877,-2.135572018447318,-1.0673807719321957,5.688527600080583,2.658825691478377,0.01347404347331338,2036-04-15T00:00:00.000,13,24
2035-05-11T00:00:00.000,350.0,43.33052896259962,3.727302335452517,-2.082316518962374,-1.0506791145369396,5.901997400917082,2.9122877392131343,0.12464255371453614,2036-04-25T00:00:00.000,13,25
2035-05-11T00:00:00.000,360.0,47.71334304773578,4.020492066833668,-2.0006096047819035,-1.0212960819450019,6.124082706999115,3.185762174585342,0.24469044229689185,2036-05-05T00:00:00.000,13,26
2035-05-11T00:00:00.000,370.0,52.63755836037412,4.3274160186312844,-1.8891013086956274,-0.9785709012582577,6.354653570498453,3.4807769022667365,0.3743374359742493,2036-05-15T00:00:00.000,13,27
2035-05-11T00:00:00.000,380.0,58.17535375749968,4.646440576769477,-1.7462755568858075,-0.9217707172766776,6.593693416763163,3.7991973692103436,0.5144513903363634,2036-05-25T00:00:00.000,13,28
2035-05-11T00:00:00.000,390.0,64.41366871268457,4.976153282440093,-1.570365553349104,-0.8500518094938512,6.841284587444452,4.14328783890161,0.6660779160800798,2036-06-04T00:00:00.000,13,29
2035-05-11T00:00:00.000,400.0,71.45786804355275,5.315325640775045,-1.3592595518134765,-0.7624158626157742,7.097592797356157,4.515789196680183,0.8304772468992168,2036-06-14T00:00:00.000,13,30
2035-05-11T00:00:00.000,410.0,79.43654146781087,5.66286787821741,-1.1103936728033013,-0.6576593779416449,7.362848430700652,4.920018166356529,1.009170796774037,2036-06-24T00:00:00.000,13,31
2035-05-11T00:00:00.000,420.0,88.5078390061975,6.01777309321862,-0.8206298782835866,-0.5343166368793062,7.6373216355065665,5.359994396011697,1.2040005468204784,2036-07-04T00:00:00.000,13,32
2035-05-11T00:00:00.000,430.0,98.86792502394994,6.379062084766949,-0.4861062568699346,-0.3905908847626316,7.9212870613897195,5.8406048058340705,1.4172056368352903,2036-07-14T00:00:00.000,13,33
2035-05-11T00:00:00.000,440.0,110.76238811835472,6.745700028768314,-0.10202853433212766,-0.2242555323545714,8.214971525224733,6.367817935837614,1.6515222354319992,2036-07-24T00:00:00.000,13,34
2035-05-11T00:00:00.000,450.0,124.50177951545498,7.116462124645925,0.3375758554997752,-0.032537215970139144,8.518473011591045,6.948963691578895,1.910314288112878,2036-08-03T00:00:00.000,13,35
2035-05-11T00:00:00.000,460.0,140.4830438544504,7.4897586357442405,0.8401737401102558,0.18803349478100806,8.831634096061453,7.593101795755583,2.197746156185584,2036-08-13T00:00:00.000,13,36
2035-05-11T00:00:00.000,470.0,159.21945701441342,7.863374230589659,1.4151461273397814,0.4418217502599564,9.153841951935835,8.311510738072641,2.519012462116085,2036-08-23T00:00:00.000,13,37
2035-05-11T00:00:00.000,480.0,181.38296764968766,8.234068244258072,2.0743427069047335,0.734353370668309,9.483708705441238,9.118339558484344,2.8806458540065796,2036-09-02T00:00:00.000,13,38
2035-05-11T00:00:00.000,490.0,207.8648172459436,8.596950435473639,2.8328133663668282,1.0726677178931432,9.818555309258421,10.031478697957978,3.290930570126357,2036-09-12T00:00:00.000,13,39
2035-05-11T00:00:00.000,500.0,239.86331228017224,8.94449095994887,3.7097674374376552,1.4657847847837093,10.153569604671475,11.073720846314119,3.7604578419617827,2036-09-22T00:00:00.000,13,40
2035-05-11T00:00:00.000,510.0,279.0120540900494,9.264929075668972,4.729805176097969,1.9253127722992058,10.480418964043963,12.274291083397566,4.302865420645183,2036-10-02T00:00:00.000,13,41
2035-05-11T00:00:00.000,520.0,327.568156453917,9.539698309252206,5.924447369603207,2.4662183584829016,10.784944150372198,13.67080891465895,4.935799808151759,2036-10-12T00:00:00.000,13,42
2035-05-11T00:00:00.000,530.0,388.68745821797734,9.739172455222047,7.3338705862661655,3.1077383785282606,11.04330437601623,15.311648948248878,5.682102882052309,2036-10-22T00:00:00.000,13,43
2035-05-11T00:00:00.000,540.0,466.81842781205336,9.815663979252259,9.008358480031076,3.8742342375787677,11.215542848063699,17.258353903713605,6.571091763890831,2036-11-01T00:00:00.000,13,44
2035-05-11T00:00:00.000,550.0,568.2341849749389,9.692100656449112,11.008152620060073,4.795427117596743,11.235025308536862,19.586920891608493,7.639431999654545,2036-11-11T00:00:00.000,13,45
2035-05-11T00:00:00.000,560.0,701.6491704611936,9.244531547669045,13.398327997328025,5.904514989115573,10.991925157514537,22.38478057067866,8.930193200337818,2036-11-21T00:00:00.000,13,46
2035-05-11T00:00:00.000,570.0,878.6234978922282,8.278236555686574,16.231186338705147,7.230732599918828,10.310386023210967,25.73612305434481,10.486725326632033,2036-12-01T00:00:00.000,13,47
2035-05-11T00:00:00.000,580.0,1112.8424874189993,6.505256664099239,19.502601111161102,8.77991812188671,8.926584154769344,29.68181427221097,12.334848367807094,2036-12-11T00:00:00.000,13,48
2035-05-11T00:00:00.000,590.0,1416.3088273502383,3.553827161793027,23.0681514302293,10.495768409891532,6.496589163066144,34.13841604165524,14.445473573525575,2036-12-21T00:00:00.000,13,49
2035-05-11T00:00:00.000,600.0,1790.2603098826019,-0.9255362380512899,26.536689685513245,12.208145793664004,2.695846706697491,38.79032301910078,16.68243269101992,2036-12-31T00:00:00.000,13,50
2035-05-21T00:00:00.000,100.0,72.62650699149663,11.771245282709216,-3.506942160631297,-2.092403564822277,8.395571102167835,1.317849419774758,-0.6357403296475113,2035-08-29T00:00:00.000,14,0
2035-05-21T00:00:00.000,110.0,54.70832606351635,10.195923117672884,-2.5927336383244217,-1.6306920636716686,7.256725225211937,1.3075739884472135,-0.5818207060816496,2035-09-08T00:00:00.000,14,1
2035-05-21T00:00:00.000,120.0,42.401511914493824,8.827691447173981,-1.8980411056927622,-1.2783892373723642,6.366627480172948,1.2480795773381068,-0.5566541222626631,2035-09-18T00:00:00.000,14,2
2035-05-21T00:00:00.000,130.0,33.82010909139463,7.6348921206436975,-1.3842865817999908,-1.01705225168363,5.671270575452866,1.1658419556703947,-0.5455379783257772,2035-09-28T00:00:00.000,14,3
2035-05-21T00:00:00.000,140.0,27.773086773858456,6.595939015569776,-1.0195329500963197,-0.8318776980040781,5.130527787821997,1.0774038230583738,-0.538490848858161,2035-10-08T00:00:00.000,14,4
2035-05-21T00:00:00.000,150.0,23.485635655054807,5.69510926641347,-0.7765142259025524,-0.710778987115507,4.713900825905636,0.9927865625434631,-0.5283460038782382,2035-10-18T00:00:00.000,14,5
2035-05-21T00:00:00.000,160.0,20.44199475266361,4.9200819919608785,-0.6314582115742553,-0.643999469720006,4.397797546189288,0.9175723304078396,-0.509345181448702,2035-10-28T00:00:00.000,14,6
2035-05-21T00:00:00.000,170.0,18.292401677685174,4.260471925355601,-0.5632527471748894,-0.6241530965802617,4.163717204939971,0.8540761523417046,-0.47583047503626474,2035-11-07T00:00:00.000,14,7
2035-05-21T00:00:00.000,180.0,16.79559158248091,3.7069808958458195,-0.5526570338079466,-0.6468740119481886,3.997001855907836,0.8017218466491496,-0.42048760618560355,2035-11-17T00:00:00.000,14,8
2035-05-21T00:00:00.000,190.0,15.78205068558714,3.2509387563701555,-0.5810699406562065,-0.7128079584899307,3.8859511793048505,0.756282694200312,-0.33086342212384157,2035-11-27T00:00:00.000,14,9
2035-05-21T00:00:00.000,200.0,15.132275633073519,2.884100017626107,-0.6275549374992551,-0.8338039695231858,3.8211418659055596,0.706265288650231,-0.17983274380685277,2035-12-07T00:00:00.000,14,10
2035-05-21T00:00:00.000,210.0,14.791976068352696,2.598890588140753,-0.658180401384433,-1.057260780903789,3.794477138875422,0.6177994258460728,0.11064890568257368,2035-12-17T00:00:00.000,14,11
2035-05-21T00:00:00.000,220.0,15.302657858512992,2.39398093201142,-0.559991778644866,-1.6251254493506133,3.79080548588151,0.33790303229657326,0.9045845275530766,2035-12-27T00:00:00.000,14,12
2035-05-21T00:00:00.000,230.0,281.38638131405736,4.89809678916108,2.1511719679942534,-12.108697333060874,-0.07171485172737135,-3.7743391214394464,16.344283480485487,2036-01-06T00:00:00.000,14,13
2035-05-21T00:00:00.000,240.0,24.71503787077761,2.248975984761067,-1.906760814238785,0.6317898491504499,3.7484663178532998,2.0868808675186212,-2.511765590074373,2036-01-16T00:00:00.000,14,14
2035-05-21T00:00:00.000,250.0,20.261582921530426,2.168888031117831,-1.7065030619586512,-0.09138634439873528,3.8943719229111835,1.7092752232866317,-1.4743908771522953,2036-01-26T00:00:00.000,14,15
2035-05-21T00:00:00.000,260.0,20.029180524078225,2.175384931058545,-1.7215006671838244,-0.35270427124749704,3.9976541632888285,1.679861898821832,-1.107251423889097,2036-02-05T00:00:00.000,14,16
2035-05-21T00:00:00.000,270.0,20.67595410840583,2.230310193405707,-1.7739610347826966,-0.5013818986046674,4.104540564488573,1.7414718843292825,-0.8921751728019967,2036-02-15T00:00:00.000,14,17
2035-05-21T00:00:00.000,280.0,21.754520958410954,2.3241569610861177,-1.8296356710563912,-0.6015881108138044,4.219626133393312,1.8474018211041816,-0.7323815700685747,2036-02-25T00:00:00.000,14,18
2035-05-21T00:00:00.000,290.0,23.149012345558624,2.4510560645249804,-1.8762667286086592,-0.6734305811001444,4.343092079809715,1.982606138452951,-0.5965202692460894,2036-03-06T00:00:00.000,14,19
2035-05-21T00:00:00.000,300.0,24.82437074163547,2.6063346908820826,-1.9079040484375298,-0.7249471151095267,4.474286120582818,2.140787644918433,-0.4713413966118569,2036-03-16T00:00:00.000,14,20
2035-05-21T00:00:00.000,310.0,26.77460393694333,2.785996532713039,-1.9210861082128778,-0.7598189522964371,4.612424998020973,2.3189397895477413,-0.3502253946058609,2036-03-26T00:00:00.000,14,21
2035-05-21T00:00:00.000,320.0,29.00771478363221,2.986545616174709,-1.9135461151639093,-0.7798679039809575,4.756775719162047,2.5155840427242833,-0.22942638299366802,2036-04-05T00:00:00.000,14,22
2035-05-21T00:00:00.000,330.0,31.540469852045216,3.204911435841403,-1.8836637521515867,-0.7860253093713887,4.906703688631733,2.7300858198122135,-0.10658414738241095,2036-04-15T00:00:00.000,14,23
2035-05-21T00:00:00.000,340.0,34.39656057153467,3.438404628680889,-1.8301657148582358,-0.7787423019248969,5.061679780812895,2.9623572259246096,0.01995079088283802,2036-04-25T00:00:00.000,14,24
2035-05-21T00:00:00.000,350.0,37.60620135766248,3.6846595589416786,-1.7519501669005404,-0.7581789734441569,5.221272876156203,3.212720266254218,0.1514575887086531,2036-05-05T00:00:00.000,14,25
2035-05-21T00:00:00.000,360.0,41.206503320811414,3.9415950627619623,-1.6479730932095578,-0.7242975223861707,5.385137557814716,3.4818466833611463,0.28903369663719936,2036-05-15T00:00:00.000,14,26
2035-05-21T00:00:00.000,370.0,45.242393571132915,4.207379140753714,-1.5171548005002968,-0.6769009322636066,5.5530001489863,3.770739809286976,0.4337098190604811,2036-05-25T00:00:00.000,14,27
2035-05-21T00:00:00.000,380.0,49.76802431269461,4.480392708885814,-1.3582986136861805,-0.6156440189786307,5.7246436926265964,4.0807430644918075,0.5865278738194339,2036-06-04T00:00:00.000,14,28
2035-05-21T00:00:00.000,390.0,54.84871390874146,4.759191758971179,-1.1700128716421858,-0.5400270094038593,5.899891570424138,4.413568870152911,0.7486008244697642,2036-06-14T00:00:00.000,14,29
2035-05-21T00:00:00.000,400.0,60.5635320754926,5.042464778826625,-0.9506318203050093,-0.4493768901217381,6.078588765627167,4.771346302369526,0.9211651082995056,2036-06-24T00:00:00.000,14,30
2035-05-21T00:00:00.000,410.0,67.00871063173456,5.328984217419947,-0.6981344562427694,-0.3428216007073468,6.260579096280939,5.1566885378370735,1.105632549577141,2036-07-04T00:00:00.000,14,31
2035-05-21T00:00:00.000,420.0,74.3021593253257,5.6175655914890985,-0.41005103817094835,-0.21925536558431435,6.445676217682191,5.57278399230152,1.3036471904928275,2036-07-14T00:00:00.000,14,32
2035-05-21T00:00:00.000,430.0,82.58949058564471,5.907009233284635,-0.08333046270776734,-0.07728043534544593,6.63362483697729,6.023517344314751,1.5171522371278687,2036-07-24T00:00:00.000,14,33
2035-05-21T00:00:00.000,440.0,92.05210283376248,6.196008295772219,0.2858039343941776,0.08485904602688876,6.824046087253688,6.5136274868173905,1.7484721318274046,2036-08-03T00:00:00.000,14,34
2035-05-21T00:00:00.000,450.0,102.91815831435808,6.483043957734618,0.7020341131444852,0.2693605486873665,7.016359044066526,7.048914694737112,2.000416383012084,2036-08-13T00:00:00.000,14,35
2035-05-21T00:00:00.000,460.0,115.47768390120832,6.766240125482103,1.171184799763921,0.4789759601435488,7.209665577009503,7.636513981757153,2.2764139288187644,2036-08-23T00:00:00.000,14,36
2035-05-21T00:00:00.000,470.0,130.1036111369046,7.04315337883882,1.7005341986625346,0.7171608060881702,7.40257800850825,8.285257455286732,2.5806896102534767,2036-09-02T00:00:00.000,14,37
2035-05-21T00:00:00.000,480.0,147.28149753226847,7.310461827224941,2.2992223599095567,0.9882729652371012,7.592956784638943,9.006157369510944,2.9184986267732937,2036-09-12T00:00:00.000,14,38
2035-05-21T00:00:00.000,490.0,167.65211726851047,7.563494939727551,2.978790357578845,1.2978370141190547,7.777504734102742,9.81305333131247,3.2964407618425557,2036-09-22T00:00:00.000,14,39
2035-05-21T00:00:00.000,500.0,192.0733814508735,7.7955108473351125,3.753888748598687,1.6528940984568132,7.9511294547937155,10.723481645562176,3.7228837265319514,2036-10-02T00:00:00.000,14,40
2035-05-21T00:00:00.000,510.0,221.71166827722683,7.996579420532476,4.643217229562438,2.062469827117372,8.105925504152161,11.759841846392433,4.208534156472986,2036-10-12T00:00:00.000,14,41
2035-05-21T00:00:00.000,520.0,258.17832656148653,8.151774162746095,5.670759104245981,2.5381998329955673,8.229524008941773,12.95094734023773,4.767202968001965,2036-10-22T00:00:00.000,14,42
2035-05-21T00:00:00.000,530.0,303.7356387114507,8.238226915451763,6.86728774498998,3.09511111415821,8.302376981811591,14.334028502207632,5.416807367927626,2036-11-01T00:00:00.000,14,43
2035-05-21T00:00:00.000,540.0,361.6085808820114,8.220298287343569,8.272041778875685,3.7525292269758763,8.293238963815384,15.95715558375869,6.180611138616038,2036-11-11T00:00:00.000,14,44
2035-05-21T00:00:00.000,550.0,436.451843364577,8.041585711671086,9.934052849523574,4.534901533706053,8.15161987495604,17.88170377079888,7.088554650434444,2036-11-21T00:00:00.000,14,45
2035-05-21T00:00:00.000,560.0,535.0221331347902,7.611839359634198,11.91155351903162,5.471848076295997,7.795322428991668,20.18350835890829,8.178084842353304,2036-12-01T00:00:00.000,14,46
2035-05-21T00:00:00.000,570.0,667.0434596055644,6.786483170274742,14.265359167760355,6.595573079975935,7.090769088577275,22.948901486465072,9.492753757607044,2036-12-11T00:00:00.000,14,47
2035-05-21T00:00:00.000,580.0,845.9772573786703,5.338426296675443,17.03672442002275,7.931195491977087,5.825660749701953,26.25641456024504,11.074277793545031,2036-12-21T00:00:00.000,14,48
2035-05-21T00:00:00.000,590.0,1088.5783709042387,2.932815048189422,20.191739927977572,9.471342765891508,3.683992933307241,30.126064199005118,12.939351716720713,2036-12-31T00:00:00.000,14,49
2035-05-21T00:00:00.000,600.0,1410.4200876850994,-0.8516912373696002,23.513488257157157,11.125162452781346,0.26525198479934176,34.41557327470632,15.030570356542679,2037-01-10T00:00:00.000,14,50
2035-05-31T00:00:00.000,100.0,57.0870647887113,11.029398295940776,-2.214824412253858,-1.6292717903558334,7.37823298503535,1.5646837405835505,-0.4477807490291621,2035-09-08T00:00:00.000,15,0
2035-05-31T00:00:00.000,110.0,42.957239340934954,9.488691623278465,-1.5363489976246534,-1.2749144291848342,6.377600245787821,1.4511898821817368,-0.42131030335778785,2035-09-18T00:00:00.000,15,1
2035-05-31T00:00:00.000,120.0,33.33958707418808,8.165376590806792,-1.038559644164195,-1.014884215412593,5.606943406611887,1.3165776263851487,-0.41036089353350835,2035-09-28T00:00:00.000,15,2
2035-05-31T00:00:00.000,130.0,26.692447420330097,7.025835874113799,-0.6882644268629328,-0.8330490465169582,5.013799033046897,1.1797728112286094,-0.40299229574998296,2035-10-08T00:00:00.000,15,3
2035-05-31T00:00:00.000,140.0,22.04881104615305,6.046269337087699,-0.4575839736078997,-0.7164849190044933,4.5595620099070295,1.051812720716791,-0.39101831735094184,2035-10-18T00:00:00.000,15,4
2035-05-31T00:00:00.000,150.0,18.784398167092093,5.208708847634296,-0.3225046572081567,-0.6547996884138367,4.215190373937492,0.9385627473339326,-0.36833170902567947,2035-10-28T00:00:00.000,15,5
2035-05-31T00:00:00.000,160.0,16.48750890869697,4.498683972844184,-0.2619802023110829,-0.6399021567893346,3.958450050808281,0.8423424452942001,-0.3296078106002218,2035-11-07T00:00:00.000,15,6
2035-05-31T00:00:00.000,170.0,14.882751606291281,3.9038667923534724,-0.25726353152435877,-0.6661738323896653,3.7720739135978256,0.7627827631585546,-0.2690212870281208,2035-11-17T00:00:00.000,15,7
2035-05-31T00:00:00.000,180.0,13.785298602724167,3.413314659666133,-0.2911821888300281,-0.7311952131864263,3.6424792621433966,0.6969857057398627,-0.17847787978842078,2035-11-27T00:00:00.000,15,8
2035-05-31T00:00:00.000,190.0,13.075048362501578,3.0170848941747934,-0.3470014006705959,-0.837643696253199,3.55881123557711,0.6387088449786464,-0.04429405578339818,2035-12-07T00:00:00.000,15,9
2035-05-31T00:00:00.000,200.0,12.691527118738065,2.7061701074669227,-0.4059865136313334,-0.9983705128639411,3.5120657036419907,0.575393702788066,0.16075975501223017,2035-12-17T00:00:00.000,15,10
2035-05-31T00:00:00.000,210.0,12.685442692508555,2.473107415400925,-0.44047388797202913,-1.2522887736796768,3.4935741899898396,0.47837667273142515,0.5015354728549166,2035-12-27T00:00:00.000,15,11
2035-05-31T00:00:00.000,220.0,13.6283744136701,2.316517662854679,-0.38628675456261874,-1.7310574458948924,3.4879355556487823,0.2622723981831534,1.1806325264291075,2036-01-06T00:00:00.000,15,12
2035-05-31T00:00:00.000,230.0,22.60783644642797,2.305921961289439,0.05573064783835413,-3.1727692625959003,3.376927883988717,-0.5099247882629605,3.3081975792087195,2036-01-16T00:00:00.000,15,13
2035-05-31T00:00:00.000,240.0,650.1972636218542,8.86695711808714,-9.785108487562095,12.542246069036638,-6.517130163248005,14.054206587694935,-20.253482546158068,2036-01-26T00:00:00.000,15,14
2035-05-31T00:00:00.000,250.0,32.030883194296976,2.325864766535606,-2.2652967992953785,1.4133620388288675,3.352862291562012,2.8033773418663577,-3.595868897391675,2036-02-05T00:00:00.000,15,15
2035-05-31T00:00:00.000,260.0,22.20933600397464,2.25112555352138,-1.8925352548431098,0.4072506134278222,3.58993368230173,2.2300170612293213,-2.085362334769745,2036-02-15T00:00:00.000,15,16
2035-05-31T00:00:00.000,270.0,20.507066229211418,2.2950119806598543,-1.8085609451196474,0.022905752724940776,3.7103590390229257,2.125992453920208,-1.4901201685188417,2036-02-25T00:00:00.000,15,17
2035-05-31T00:00:00.000,280.0,20.503169059973153,2.3854757994466276,-1.7872942464937414,-0.1848673572983699,3.8140366494411246,2.156927085120815,-1.1419102618705619,2036-03-06T00:00:00.000,15,18
2035-05-31T00:00:00.000,290.0,21.196178990754667,2.5076308278521324,-1.7794718484077099,-0.31411635353659517,3.9155086915770774,2.251210391425537,-0.8927611385341043,2036-03-16T00:00:00.000,15,19
2035-05-31T00:00:00.000,300.0,22.30807397304199,2.654554735662444,-1.7676446241150752,-0.39858591020229145,4.018176248734974,2.384227859330876,-0.6912243643959792,2036-03-26T00:00:00.000,15,20
2035-05-31T00:00:00.000,310.0,23.741081883581973,2.8215912260536165,-1.7438705839247102,-0.4528666376387802,4.122833163664868,2.5452764763305193,-0.5146807235613187,2036-04-05T00:00:00.000,15,21
2035-05-31T00:00:00.000,320.0,25.459897328678537,3.0050972079310974,-1.7039228548478818,-0.4842224648489355,4.229489695390839,2.729049550503377,-0.3515718933000178,2036-04-15T00:00:00.000,15,22
2035-05-31T00:00:00.000,330.0,27.456567696671176,3.2020487426597377,-1.6452686934545113,-0.49661934866827817,4.33789985289399,2.932754551343953,-0.19530310930654693,2036-04-25T00:00:00.000,15,23
2035-05-31T00:00:00.000,340.0,29.737863673117854,3.409854856525971,-1.5662219001313975,-0.492351913432473,4.447740409000016,3.1549525439960604,-0.041753711200507304,2036-05-05T00:00:00.000,15,24
2035-05-31T00:00:00.000,350.0,32.32029115813158,3.6262629100713006,-1.4655350084210905,-0.4727848995262658,4.558675318013961,3.395033820946221,0.11187429415730765,2036-05-15T00:00:00.000,15,25
2035-05-31T00:00:00.000,360.0,35.22819620848395,3.849296641194824,-1.3421680578871182,-0.43871469996726375,4.670376615830268,3.6529639532598104,0.2676431037299958,2036-05-25T00:00:00.000,15,26
2035-05-31T00:00:00.000,370.0,38.49335038036515,4.077206280446552,-1.1951422650228434,-0.3905553857733608,4.782526585421092,3.929158519897351,0.4272038923320767,2036-06-04T00:00:00.000,15,27
2035-05-31T00:00:00.000,380.0,42.15540170088482,4.308423998396487,-1.0234347848355654,-0.3284350911151295,4.894810658335945,4.224426214080021,0.5919911162502274,2036-06-14T00:00:00.000,15,28
2035-05-31T00:00:00.000,390.0,46.262967885662825,4.541519170710368,-0.8258947504567011,-0.252243298154891,5.006904578220539,4.539952970263327,0.7633488442738563,2036-06-24T00:00:00.000,15,29
2035-05-31T00:00:00.000,400.0,50.87532999913502,4.775151621782255,-0.6011729016834657,-0.16165196668882054,5.118456692155892,4.877314468944812,0.9426211649868534,2036-07-04T00:00:00.000,15,30
2035-05-31T00:00:00.000,410.0,56.06480231281865,5.008036843977425,-0.3476521216703041,-0.056118681717535424,5.229064982000214,5.238512430792427,1.1312246634824485,2036-07-14T00:00:00.000,15,31
2035-05-31T00:00:00.000,420.0,61.9199462293304,5.238899518824041,-0.06335229928015096,0.0651367455372549,5.338247162484802,5.626034401182461,1.3307142361397024,2036-07-24T00:00:00.000,15,32
2035-05-31T00:00:00.000,430.0,68.54987151557101,5.466401609768814,0.25416079281051296,0.20316200866157175,5.445400581236708,6.042937956060486,1.5428495988402235,2036-08-03T00:00:00.000,15,33
2035-05-31T00:00:00.000,440.0,76.09002030748266,5.689070245198959,0.6078826559896058,0.35931395426004364,5.549747773066567,6.492964782657747,1.7696689786487108,2036-08-13T00:00:00.000,15,34
2035-05-31T00:00:00.000,450.0,84.71001518338151,5.9052046704061265,1.0015094546513588,0.5353199116836329,5.650261058249878,6.980692981684267,2.0135765822214227,2036-08-23T00:00:00.000,15,35
2035-05-31T00:00:00.000,460.0,94.62441952903764,6.112749517344016,1.4396166074259433,0.7333608695033362,5.745555921673141,7.511739002100716,2.2774511727550357,2036-09-02T00:00:00.000,15,36
2035-05-31T00:00:00.000,470.0,106.10767780159213,6.309117033368137,1.9278893369933243,0.956183302328375,5.833737437408576,8.093025587403016,2.5647850113820088,2036-09-12T00:00:00.000,15,37
2035-05-31T00:00:00.000,480.0,119.51515208151098,6.490931999077851,2.4734230857054236,1.2072477548930056,5.912175095305951,8.733138758492029,2.8798654740941187,2036-09-22T00:00:00.000,15,38
2035-05-31T00:00:00.000,490.0,135.3131886509622,6.653659331049447,3.0851138752007294,1.4909242428184308,5.97716675373621,9.442805675031664,3.228015990137367,2036-10-02T00:00:00.000,15,39
2035-05-31T00:00:00.000,500.0,154.12280119171635,6.791063953163596,3.77418227529537,1.8127564712646675,6.023428139401485,10.235538164631494,3.6159194019716256,2036-10-12T00:00:00.000,15,40
2035-05-31T00:00:00.000,510.0,176.7842407635369,6.894362887043238,4.554887713029288,2.179827907931739,6.043302626655635,11.128502984145145,4.052055707670689,2036-10-22T00:00:00.000,15,41
2035-05-31T00:00:00.000,520.0,204.45402784954854,6.950893357772623,5.445447797867319,2.6012394135322108,6.025514173261644,12.143694507355436,4.547294856219136,2036-11-01T00:00:00.000,15,42
2035-05-31T00:00:00.000,530.0,238.75319550073465,6.942005666564745,6.4692280567388725,3.0887371070740164,5.953161637185982,13.309498137186162,5.115693634152637,2036-11-11T00:00:00.000,15,43
2035-05-31T00:00:00.000,540.0,281.99706447852043,6.839633820911423,7.656205615740532,3.6575066520105386,5.8004338084362566,14.662713094736995,5.775541257224153,2036-11-21T00:00:00.000,15,44
2035-05-31T00:00:00.000,550.0,337.55466211053795,6.600625206438552,9.044534509208184,4.327075543937128,5.527147028535946,16.25097933003826,6.550647193228578,2036-12-01T00:00:00.000,15,45
2035-05-31T00:00:00.000,560.0,410.4096701684869,6.15729172773171,10.681548278601042,5.122043592211227,5.069590771280399,18.135131171461463,7.471675647009998,2036-12-11T00:00:00.000,15,46
2035-05-31T00:00:00.000,570.0,508.0121703435736,5.401797393121274,12.622203424664104,6.071743434648558,4.325315850348936,20.389776044937857,8.576761974986372,2036-12-21T00:00:00.000,15,47
2035-05-31T00:00:00.000,580.0,641.4614570642676,4.161537864135703,14.919619304796433,7.206339146009038,3.128991592828651,23.097191437553974,9.909117840315488,2036-12-31T00:00:00.000,15,48
2035-05-31T00:00:00.000,590.0,826.7322875851996,2.1656152615108333,17.595031533395307,8.543278471751862,1.2192227836655825,26.32230148957652,11.505747593304315,2037-01-10T00:00:00.000,15,49
2035-05-31T00:00:00.000,600.0,1084.4818572872923,-0.9809631541449768,20.562828064236122,10.05203341382666,-1.7877351358610198,30.044270103672687,13.36516720093168,2037-01-20T00:00:00.000,15,50
2035-06-10T00:00:00.000,100.0,44.320375657281325,10.172253040619665,-1.1596686806465755,-1.2573422715025764,6.474393228387253,1.5022156723142253,-0.38204195495798876,2035-09-18T00:00:00.000,16,0
2035-06-10T00:00:00.000,110.0,33.3908995425599,8.69975882208389,-0.6916196802039529,-0.9982768471948962,5.613622277928425,1.3192552648484872,-0.37109299302888754,2035-09-28T00:00:00.000,16,1
2035-06-10T00:00:00.000,120.0,26.041744635767113,7.4486680465940145,-0.3675193690506404,-0.8187426776459716,4.961135324844182,1.138219586350095,-0.36515352606724427,2035-10-08T00:00:00.000,16,2
2035-06-10T00:00:00.000,130.0,21.023634204957514,6.384177012509738,-0.1593698005586539,-0.7047253965305966,4.467002084186635,0.9713777633330309,-0.35489692268585316,2035-10-18T00:00:00.000,16,3
2035-06-10T00:00:00.000,140.0,17.559822411227806,5.480955989425609,-0.043368402272491835,-0.6450071643768709,4.094832239695794,0.8250214572324337,-0.33393253073308804,2035-10-28T00:00:00.000,16,4
2035-06-10T00:00:00.000,150.0,15.154175244165526,4.7194054323778145,0.0010994313156906799,-0.6306555316846723,3.8175311175398328,0.7015612248013836,-0.29739411331730015,2035-11-07T00:00:00.000,16,5
2035-06-10T00:00:00.000,160.0,13.484060107768801,4.083498671684611,-0.007912007509638386,-0.6548777713696445,3.6145729467775176,0.6007673453314109,-0.2408342105605894,2035-11-17T00:00:00.000,16,6
2035-06-10T00:00:00.000,170.0,12.338250218946667,3.5595483862141037,-0.05438664083990119,-0.7131779245402061,3.4701742834847344,0.5204017605784435,-0.15913097993393288,2035-11-27T00:00:00.000,16,7
2035-06-10T00:00:00.000,180.0,11.580715778031312,3.135512815005061,-0.12375495421452953,-0.8039285540547656,3.372013147686861,0.4563056485555448,-0.04503626266202865,2035-12-07T00:00:00.000,16,8
2035-06-10T00:00:00.000,190.0,11.132080882084596,2.8006506585106994,-0.20200646128687438,-0.9297541949666632,3.3102577833136273,0.4017798496598184,0.11334567703922849,2035-12-17T00:00:00.000,16,9
2035-06-10T00:00:00.000,200.0,10.97015962356247,2.5454751918063288,-0.2739956324546018,-1.1008556122597426,3.276663869933671,0.3455953857715306,0.3379309639071222,2035-12-27T00:00:00.000,16,10
2035-06-10T00:00:00.000,210.0,11.174188876846243,2.3622397971787663,-0.31942215574373556,-1.343863090161074,3.2631953141953005,0.2663989624365817,0.6743714192288923,2036-01-06T00:00:00.000,16,11
2035-06-10T00:00:00.000,220.0,12.152494983005747,2.2475081528724097,-0.30064560950275165,-1.7302683739815725,3.2577429256697066,0.11474949866716422,1.2354912244975125,2036-01-16T00:00:00.000,16,12
2035-06-10T00:00:00.000,230.0,16.154964567233698,2.219076617339443,-0.11064890362961144,-2.502371929997883,3.2184395660163574,-0.2648289412831364,2.393005841821744,2036-01-26T00:00:00.000,16,13
2035-06-10T00:00:00.000,240.0,51.89032159928963,2.5890672761281373,0.8530275002082357,-5.175586856937291,2.661535058203711,-1.7742416998559492,6.454348853581937,2036-02-05T00:00:00.000,16,14
2035-06-10T00:00:00.000,250.0,366.3501257480911,6.024926027370398,-6.665640545135075,9.872490322495807,-2.5238536759431476,9.518727479397608,-16.412620617789234,2036-02-15T00:00:00.000,16,15
2035-06-10T00:00:00.000,260.0,39.850345916229415,2.495278753804005,-2.5043905503566544,2.051832269996364,2.9827871130299215,3.272965492112676,-4.4990025385647066,2036-02-25T00:00:00.000,16,16
2035-06-10T00:00:00.000,270.0,24.608648602164763,2.402184043016799,-2.011071626977796,0.859140658285453,3.3057339451113315,2.5878705186023856,-2.6426687013797348,2036-03-06T00:00:00.000,16,17
2035-06-10T00:00:00.000,280.0,21.17145327092876,2.460996293470888,-1.8393451962160112,0.3827428652186087,3.438281866451529,2.428949132853492,-1.8573845018653565,2036-03-16T00:00:00.000,16,18
2035-06-10T00:00:00.000,290.0,20.342947461553642,2.5674975505046014,-1.7481916474825574,0.12931768057069976,3.5325851930240724,2.434039950575144,-1.3925655584513321,2036-03-26T00:00:00.000,16,19
2035-06-10T00:00:00.000,300.0,20.526437443329044,2.700676506920292,-1.6795456219248721,-0.02228200272212555,3.6144254926291914,2.516203259266309,-1.0635257211834959,2036-04-05T00:00:00.000,16,20
2035-06-10T00:00:00.000,310.0,21.25850072960934,2.85221690813108,-1.6123374065287948,-0.1160785677749041,3.690902990736891,2.6440608966016295,-0.802918313180736,2036-04-15T00:00:00.000,16,21
2035-06-10T00:00:00.000,320.0,22.367654067428177,3.017322545399022,-1.5370391572553235,-0.17184379611353595,3.7644132777194237,2.8035870330362096,-0.5802986215295594,2036-04-25T00:00:00.000,16,22
2035-06-10T00:00:00.000,330.0,23.78380868801725,3.1925939351461174,-1.4486801577612027,-0.19973036443751235,3.8357936522574825,2.987678421547626,-0.3798333775975151,2036-05-05T00:00:00.000,16,23
2035-06-10T00:00:00.000,340.0,25.480177626782066,3.3753555924845102,-1.344372456548097,-0.20544821351390397,3.9052708035968386,3.1924944337176324,-0.1923976819977331,2036-05-15T00:00:00.000,16,24
2035-06-10T00:00:00.000,350.0,27.45198420792953,3.563383966341874,-1.2222604499895553,-0.19240995569489616,3.972801043228646,3.4159457494858496,-0.012276620889755119,2036-05-25T00:00:00.000,16,25
2035-06-10T00:00:00.000,360.0,29.707747737379375,3.7547698713886355,-1.081011731729589,-0.16272635933123603,4.0382052465804,3.656996588698194,0.16438392293552662,2036-06-04T00:00:00.000,16,26
2035-06-10T00:00:00.000,370.0,32.265604036997075,3.9478337745134464,-0.9195395116765219,-0.11770644532678443,4.101223417217437,3.9153180556742444,0.3403748550872421,2036-06-14T00:00:00.000,16,27
2035-06-10T00:00:00.000,380.0,35.151951510117534,4.141061984002263,-0.7368349185344325,-0.05812290045086055,4.161533565422136,4.191110039984307,0.5178672867880278,2036-06-24T00:00:00.000,16,28
2035-06-10T00:00:00.000,390.0,38.40135646543271,4.333051633384381,-0.5318585775252238,0.015639745891350643,4.218752414147328,4.48501225649092,0.6986770303115937,2036-07-04T00:00:00.000,16,29
2035-06-10T00:00:00.000,400.0,42.05729824354452,4.5224743318115195,-0.30345956942088037,0.10350183834276283,4.272425080551503,4.7980681651635155,0.884434314725191,2036-07-14T00:00:00.000,16,30
2035-06-10T00:00:00.000,410.0,46.17362343522513,4.708033419525464,-0.050286559023248856,0.2056564257853335,4.322006082710988,5.1317247485033,1.076702355264953,2036-07-24T00:00:00.000,16,31
2035-06-10T00:00:00.000,420.0,50.81671682281611,4.888401405758977,0.2292826089093083,0.32255572171000857,4.366831408635949,5.487858998290481,1.277068473594459,2036-08-03T00:00:00.000,16,32
2035-06-10T00:00:00.000,430.0,56.06852937053409,5.062164252143158,0.5372133051905053,0.4549143567873575,4.406080122209598,5.868829263070634,1.487222380187085,2036-08-13T00:00:00.000,16,33
2035-06-10T00:00:00.000,440.0,62.030717721431294,5.227754613735031,0.8759029244028866,0.6037319484642047,4.438722169799188,6.277553172666523,1.7090317098020607,2036-08-23T00:00:00.000,16,34
2035-06-10T00:00:00.000,450.0,68.83028497556633,5.383366148143667,1.248289350456151,0.7703327256114267,4.463446965850938,6.717616319114251,1.9446226234856705,2036-09-02T00:00:00.000,16,35
2035-06-10T00:00:00.000,460.0,76.62731206411523,5.526839480712625,1.6579859714055516,0.9564245226299981,4.4785645281768005,7.1934191398541065,2.1964728337615154,2036-09-12T00:00:00.000,16,36
2035-06-10T00:00:00.000,470.0,85.62566450620895,5.655506535963827,2.1094526846418518,1.1641800183294766,4.481866623450681,7.710373252988468,2.46752515193012,2036-09-22T00:00:00.000,16,37
2035-06-10T00:00:00.000,480.0,96.08800957923057,5.765974651304587,2.6082113205552346,1.3963437286393265,4.470428650041608,8.275163216652352,2.76133138212016,2036-10-02T00:00:00.000,16,38
2035-06-10T00:00:00.000,490.0,108.35720716913993,5.853835803993085,3.161133831845426,1.656378412273221,4.440322174897521,8.896097157763368,3.082239690855953,2036-10-12T00:00:00.000,16,39
2035-06-10T00:00:00.000,500.0,122.88730768328884,5.913221481792245,3.776841369365357,1.9486736370785351,4.386189998446401,9.583579541472238,3.435643775639782,2036-10-22T00:00:00.000,16,40
2035-06-10T00:00:00.000,510.0,140.28924087432517,5.936131280324867,4.466210947277887,2.2788154211008136,4.300605866559099,10.35074938816242,3.828317797453332,2036-11-01T00:00:00.000,16,41
2035-06-10T00:00:00.000,520.0,161.3994549397988,5.911424903472261,5.2430505794874485,2.6539497678863295,4.173090192791616,11.214344407009332,4.268870190530949,2036-11-11T00:00:00.000,16,42
2035-06-10T00:00:00.000,530.0,187.3851060349762,5.8232455964469025,6.124993188226304,3.0832721042528046,3.9885645684427935,12.195868231091108,4.768359970493165,2036-11-21T00:00:00.000,16,43
2035-06-10T00:00:00.000,540.0,219.9084785962035,5.648498033002712,7.134638667482449,3.5786692235053064,3.724872178264814,13.323144411728359,5.341126176755576,2036-12-01T00:00:00.000,16,44
2035-06-10T00:00:00.000,550.0,261.38877300271366,5.352730258830817,8.300907731277194,4.155515236090937,3.3487157185478615,14.632306437883955,6.005870823363081,2036-12-11T00:00:00.000,16,45
2035-06-10T00:00:00.000,560.0,315.4249367421775,4.88328746928358,9.660345447474224,4.833525684914422,2.808882717113658,16.170103190734057,6.786963785426439,2036-12-21T00:00:00.000,16,46
2035-06-10T00:00:00.000,570.0,387.48154875757643,4.157821200492116,11.257436696354612,5.63726525581422,2.0248321061600585,17.99583086886856,7.715677224879052,2036-12-31T00:00:00.000,16,47
2035-06-10T00:00:00.000,580.0,485.9804817833075,3.045180880036103,13.141198319730593,6.595049297440727,0.8676239457876989,20.180539190570055,8.830263215208783,2037-01-10T00:00:00.000,16,48
2035-06-10T00:00:00.000,590.0,623.9091644467644,1.3352638565335404,15.350639812341349,7.73269779003347,-0.8703064642609775,22.796713546074983,10.171606687403488,2037-01-20T00:00:00.000,16,49
2035-06-10T00:00:00.000,600.0,820.6349363196553,-1.300402942464597,17.8712260370105,9.053310174810864,-3.515130663179189,25.881286768597743,11.76595886198996,2037-01-30T00:00:00.000,16,50
2035-06-20T00:00:00.000,100.0,35.12207367576295,9.25245006533483,-0.3485206133190992,-0.9783078750300778,5.784053096787041,1.2256625935916177,-0.4056533692470164,2035-09-28T00:00:00.000,17,0
2035-06-20T00:00:00.000,110.0,26.755795514040017,7.874456251254669,-0.06177527591693632,-0.8009276944610875,5.058281275040827,1.0051280819817812,-0.3991285449864352,2035-10-08T00:00:00.000,17,1
2035-06-20T00:00:00.000,120.0,21.205653346833444,6.71638860504034,0.11476408466442578,-0.6890576249701628,4.517390359802832,0.804304644202962,-0.3897842009464086,2035-10-18T00:00:00.000,17,2
2035-06-20T00:00:00.000,130.0,17.46531544795808,5.742962183423987,0.20422875722140788,-0.6306063869259653,4.114764806355758,0.6297996258226004,-0.37064601393762947,2035-10-28T00:00:00.000,17,3
2035-06-20T00:00:00.000,140.0,14.91546321386033,4.927936700464955,0.2264809070380096,-0.6159043790541148,3.816763765457708,0.4839595248377795,-0.336987760709821,2035-11-07T00:00:00.000,17,4
2035-06-20T00:00:00.000,150.0,13.165581396913492,4.250670631774322,0.19874357257278064,-0.6373221132792448,3.598609341555857,0.3664222748201148,-0.28517875148065247,2035-11-17T00:00:00.000,17,5
2035-06-20T00:00:00.000,160.0,11.966077429191314,3.694153628216366,0.13603579247838837,-0.6891511134549297,3.441741607919873,0.275025310898652,-0.21178576880786965,2035-11-27T00:00:00.000,17,6
2035-06-20T00:00:00.000,170.0,11.157776267055743,3.2438705922525237,0.0515693318146333,-0.767702979649747,3.332046373706376,0.2062535319368295,-0.11270630456862613,2035-12-07T00:00:00.000,17,7
2035-06-20T00:00:00.000,180.0,10.642999454191791,2.88715617780219,-0.04278743814637309,-0.8716957134431267,3.2586138613950553,0.1552863729934174,0.017924811807884744,2035-12-17T00:00:00.000,17,8
2035-06-20T00:00:00.000,190.0,10.371373840609506,2.6128580309319496,-0.1358421890711412,-1.003154197796639,3.212804329055402,0.11556120264478209,0.1894935150754979,2035-12-27T00:00:00.000,17,9
2035-06-20T00:00:00.000,200.0,10.34060822053641,2.411243152312988,-0.2159383076594672,-1.1694213974549967,3.187417391095458,0.07750218959646327,0.4182965528024189,2036-01-06T00:00:00.000,17,10
2035-06-20T00:00:00.000,210.0,10.625587426616658,2.2742703180280657,-0.26862468659573224,-1.3879260519855237,3.1756161221338033,0.025350599624132775,0.7351238117210054,2036-01-16T00:00:00.000,17,11
2035-06-20T00:00:00.000,220.0,11.49673585967091,2.1968906607100287,-0.27081977984860295,-1.6989234146013938,3.16848862174092,-0.07137148176190133,1.2051231576732502,2036-01-26T00:00:00.000,17,12
2035-06-20T00:00:00.000,230.0,13.946112059446174,2.182879810905252,-0.1723774981930406,-2.2070757280052002,3.1457610282090513,-0.285627817951863,1.9921637388677074,2036-02-05T00:00:00.000,17,13
2035-06-20T00:00:00.000,240.0,23.17279342289931,2.283647203943417,0.18684498448123943,-3.2713450633455183,3.016083549011441,-0.8588909564263545,3.65216918738041,2036-02-15T00:00:00.000,17,14
2035-06-20T00:00:00.000,250.0,110.58385499389077,3.287105927750524,1.8311946637135263,-7.261037588104941,1.5589339564292466,-3.348554128157869,9.845850149386772,2036-02-25T00:00:00.000,17,15
2035-06-20T00:00:00.000,260.0,343.99146986467247,5.9086875889198645,-5.878091124018844,9.742649985031301,-2.378938230840376,8.432943922167373,-16.346791109086176,2036-03-06T00:00:00.000,17,16
2035-06-20T00:00:00.000,270.0,48.98758252239341,2.7307340350967806,-2.6528515525266574,2.654954273482904,2.6950388401615193,3.626141565211219,-5.3456005763114955,2036-03-16T00:00:00.000,17,17
2035-06-20T00:00:00.000,280.0,27.825739887222618,2.5975978321267092,-2.0634828263428613,1.2939501947812757,3.1023071218931406,2.8648896871861815,-3.1613031314519615,2036-03-26T00:00:00.000,17,18
2035-06-20T00:00:00.000,290.0,22.436602534801864,2.6530367972900315,-1.8135003904602098,0.7370301922380604,3.2428433896803526,2.6611231318416926,-2.1997711158175908,2036-04-05T00:00:00.000,17,19
2035-06-20T00:00:00.000,300.0,20.670685295589905,2.7598480685498323,-1.6580519200856108,0.44375031162976675,3.3231711776093533,2.642026275262026,-1.6269344733951134,2036-04-15T00:00:00.000,17,20
2035-06-20T00:00:00.000,310.0,20.277241840110687,2.890339435127405,-1.5333963345410346,0.27260215621628614,3.381186345454026,2.710345432062554,-1.2242746327207723,2036-04-25T00:00:00.000,17,21
2035-06-20T00:00:00.000,320.0,20.585455346175657,3.0345265750433157,-1.4157204043265832,0.17051883266455903,3.42796061118392,2.82965055026948,-0.9097357625744134,2036-05-05T00:00:00.000,17,22
2035-06-20T00:00:00.000,330.0,21.34085354265124,3.18727532610421,-1.294149786658556,0.11317022237378893,3.467555911273301,2.9833110325535728,-0.6455732552460354,2036-05-15T00:00:00.000,17,23
2035-06-20T00:00:00.000,340.0,22.434247612221323,3.345278180622838,-1.16301356105118,0.08786294585526289,3.501628187911045,3.1627765747117396,-0.4119368693171403,2036-05-25T00:00:00.000,17,24
2035-06-20T00:00:00.000,350.0,23.817897740731116,3.5060904202706453,-1.0190320439390508,0.08736294534582889,3.530843386931899,3.363348262522878,-0.1973098646158657,2036-06-04T00:00:00.000,17,25
2035-06-20T00:00:00.000,360.0,25.474449341462467,3.6677462434188097,-0.8601128026326528,0.10729206029533778,3.5553968715189512,3.5823974888623407,0.0055370794211132,2036-06-14T00:00:00.000,17,26
2035-06-20T00:00:00.000,370.0,27.404003573577903,3.8285716477769327,-0.6847680434730883,0.14490355729440196,3.5752260427669356,3.818530371875778,0.20146492439431923,2036-06-24T00:00:00.000,17,27
2035-06-20T00:00:00.000,380.0,29.618423706249093,3.9870741638667315,-0.4918067806897817,0.19845481055009806,3.590101480030171,4.071165675113511,0.3939608040298222,2036-07-04T00:00:00.000,17,28
2035-06-20T00:00:00.000,390.0,32.13893350388561,4.141881151214604,-0.28015506379622224,0.2668654840386617,3.599663624582945,4.340313258269251,0.585692849394748,2036-07-14T00:00:00.000,17,29
2035-06-20T00:00:00.000,400.0,34.995438933093084,4.291686700265072,-0.048720215192865624,0.3495355310474011,3.6034314760058948,4.626459423442575,0.7788412765528405,2036-07-24T00:00:00.000,17,30
2035-06-20T00:00:00.000,410.0,38.226911604779694,4.435187825247192,0.20369669688592396,0.4462380593264239,3.6007941901553835,4.930513600302991,0.9753094084187695,2036-08-03T00:00:00.000,17,31
2035-06-20T00:00:00.000,420.0,41.88259369976337,4.571034505175002,0.47847076345979644,0.5570587599131844,3.5909897990831467,5.253795433328319,1.1768685174575135,2036-08-13T00:00:00.000,17,32
2035-06-20T00:00:00.000,430.0,46.023996647701864,4.697775672029144,0.777224149530678,0.6823699564014643,3.5730715414590293,5.598052600438416,1.3852665772486334,2036-08-23T00:00:00.000,17,33
2035-06-20T00:00:00.000,440.0,50.727803958143,4.813794868331896,1.1019021016219277,0.8228283112070223,3.5458599279130496,5.965505478758962,1.6023188548663692,2036-09-02T00:00:00.000,17,34
2035-06-20T00:00:00.000,450.0,56.089920847157146,4.917229470181607,1.45485944803713,0.9793925251196285,3.507876534456308,6.358919036573781,1.8299922820786798,2036-09-12T00:00:00.000,17,35
2035-06-20T00:00:00.000,460.0,62.231069771580565,5.00586582403489,1.8389634897204452,1.1533590001376641,3.4572529456101933,6.781705655723927,2.070492753132043,2036-09-22T00:00:00.000,17,36
2035-06-20T00:00:00.000,470.0,69.30454441163015,5.0770009623626,2.2577159825974498,1.3464141324711454,3.391604746227749,7.238065657221593,2.3263635138870495,2036-10-02T00:00:00.000,17,37
2035-06-20T00:00:00.000,480.0,77.50706813599407,5.1272712947639265,2.7154141965209284,1.5607113603169953,3.3078550596908087,7.733176859587189,2.6006035258026565,2036-10-12T00:00:00.000,17,38
2035-06-20T00:00:00.000,490.0,87.09422070125451,5.152393665712049,3.2173775299952325,1.798988768534393,3.2019834644101053,8.273449950478046,2.8968169620867634,2036-10-22T00:00:00.000,17,39
2035-06-20T00:00:00.000,500.0,98.40267640529822,5.146788719385812,3.7702213013322563,2.064717424187516,3.0686629640610477,8.866870980880751,3.219407247726373,2036-11-01T00:00:00.000,17,40
2035-06-20T00:00:00.000,510.0,111.8828463024618,5.1030474395557714,4.382220838689504,2.3623027575002578,2.9007254290518745,9.523462960529383,3.5738342892667188,2036-11-11T00:00:00.000,17,41
2035-06-20T00:00:00.000,520.0,128.14775410470503,5.011132147643941,5.063800485424348,2.69736041280499,2.6883583398593878,10.255910762249407,3.9669607986455184,2036-11-21T00:00:00.000,17,42
2035-06-20T00:00:00.000,530.0,148.0477790223437,4.857151226457892,5.828179664203468,3.0770895443392376,2.41787154291168,11.080407165781763,4.407522349893843,2036-12-01T00:00:00.000,17,43
2035-06-20T00:00:00.000,540.0,172.78753583199727,4.621438543267704,6.692208735230771,3.510770130871143,2.069760420733605,12.017790215550407,4.906765326341049,2036-12-11T00:00:00.000,17,44
2035-06-20T00:00:00.000,550.0,204.1128910997746,4.27547058225343,7.677401043665334,4.01040463385266,1.6155922344034046,13.095037825645957,5.479300792693502,2036-12-21T00:00:00.000,17,45
2035-06-20T00:00:00.000,560.0,244.61692584132743,3.7768085563437594,8.811049149772508,4.591478635313932,1.0128855679226234,14.347118369407944,6.144199147311115,2036-12-31T00:00:00.000,17,46
2035-06-20T00:00:00.000,570.0,298.25002906836573,3.0606464415873944,10.12699933288539,5.273677704748057,0.19652300263799205,15.81893346335111,6.926236485990811,2037-01-10T00:00:00.000,17,47
2035-06-20T00:00:00.000,580.0,371.17850873889296,2.0254830433162,11.664672550753746,6.080942972655441,-0.9358053208984458,17.566253695220045,7.856812856078429,2037-01-20T00:00:00.000,17,48
2035-06-20T00:00:00.000,590.0,473.2099790120085,0.5092102323872112,13.462226308216394,7.038931911540097,-2.5479888061526097,19.652108043992435,8.972869189004001,2037-01-30T00:00:00.000,17,49
2035-06-20T00:00:00.000,600.0,619.9892772071477,-1.7479661648287816,15.532942320461334,8.164519537152188,-4.90360045527709,22.128540471605884,10.308815469230908,2037-02-09T00:00:00.000,17,50
2035-06-30T00:00:00.000,100.0,28.7732643406366,8.31920123463051,0.22198246402311383,-0.7901197319086428,5.285353251547825,0.7657148276383752,-0.5019822205259563,2035-10-08T00:00:00.000,18,0
2035-06-30T00:00:00.000,110.0,22.46909594181834,7.054782331915894,0.3586818841536292,-0.680029066097072,4.6841239592326005,0.5367280640002003,-0.489899644494711,2035-10-18T00:00:00.000,18,1
2035-06-30T00:00:00.000,120.0,18.345840434078102,6.004221771119022,0.41529463032752645,-0.622571257287504,4.243771048045083,0.339994480581423,-0.46973554158335395,2035-10-28T00:00:00.000,18,2
2035-06-30T00:00:00.000,130.0,15.600695657807822,5.132345347351884,0.4105138269368105,-0.607376557131742,3.9215593682438055,0.17751542582655766,-0.4365272646017466,2035-11-07T00:00:00.000,18,3
2035-06-30T00:00:00.000,140.0,13.745862505287375,4.412567738752277,0.36049064396576114,-0.626187136567312,3.6869698851728216,0.04851446344180088,-0.3869908499603567,2035-11-17T00:00:00.000,18,4
2035-06-30T00:00:00.000,150.0,12.4787612678517,3.823758923714058,0.2792031523521281,-0.6725513789845863,3.517784127969925,-0.04947706997332135,-0.3186033841650606,2035-11-27T00:00:00.000,18,5
2035-06-30T00:00:00.000,160.0,11.610242539814212,3.3484438393376585,0.17874722839255242,-0.7417075343375128,3.3975650729923785,-0.11999758339807176,-0.22889887412377052,2035-12-07T00:00:00.000,18,6
2035-06-30T00:00:00.000,170.0,11.023607078356514,2.971754422979563,0.06963440083712058,-0.8306224395261967,3.3139726587760663,-0.16736410935894686,-0.11481093214363991,2035-12-17T00:00:00.000,18,7
2035-06-30T00:00:00.000,180.0,10.651364478244156,2.6808175720980003,-0.038843760295378615,-0.9382190978776928,3.2575907754822637,-0.19666347416066454,0.02811219785216945,2035-12-27T00:00:00.000,18,8
2035-06-30T00:00:00.000,190.0,10.463849625114937,2.464406680303199,-0.13811819783520285,-1.0659204520321852,3.22105975120801,-0.2140634159396,0.20688295777806287,2036-01-06T00:00:00.000,18,9
2035-06-30T00:00:00.000,200.0,10.468873148981762,2.312797798470484,-0.2195757790235966,-1.2188200728417193,3.198349056505073,-0.22762452837652924,0.43315532527747447,2036-01-16T00:00:00.000,18,10
2035-06-30T00:00:00.000,210.0,10.728748982713102,2.2178657323272404,-0.2731528657990836,-1.4082187416072087,3.1839533544985485,-0.24912579658137624,0.7274107206855254,2036-01-26T00:00:00.000,18,11
2035-06-30T00:00:00.000,220.0,11.42090013630689,2.173644477282785,-0.28435471436645976,-1.6575869310390483,3.1715007150390733,-0.2983647086205976,1.128477669900155,2036-02-05T00:00:00.000,18,12
2035-06-30T00:00:00.000,230.0,13.04787807656664,2.1785226898360968,-0.22663120942730952,-2.0185159433489144,3.149943362497069,-0.4146761087183015,1.718656048918906,2036-02-15T00:00:00.000,18,13
2035-06-30T00:00:00.000,240.0,17.339264004485088,2.2449316458007686,-0.036565170958759996,-2.622834123987165,3.088145223564716,-0.694967604173732,2.705483896054187,2036-02-25T00:00:00.000,18,14
2035-06-30T00:00:00.000,250.0,33.193323817281765,2.463552141360708,0.5018033989166504,-3.9208133694516283,2.8344200119796454,-1.4718803600399397,4.795096997840583,2036-03-06T00:00:00.000,18,15
2035-06-30T00:00:00.000,260.0,182.49378663368014,4.148083184696674,2.8753637776430208,-8.809575615568129,0.3283423011368143,-5.037869396548362,12.53019752080093,2036-03-16T00:00:00.000,18,16
2035-06-30T00:00:00.000,270.0,387.44248630652993,6.464942867396299,-5.46872338149347,10.580071992667701,-3.138756619093428,7.92420850195772,-17.74253682003022,2036-03-26T00:00:00.000,18,17
2035-06-30T00:00:00.000,280.0,59.71576137810723,3.0117728601185156,-2.7242911080149024,3.284607798635246,2.4285124655359844,3.8926904281319925,-6.218122692064956,2036-04-05T00:00:00.000,18,18
2035-06-30T00:00:00.000,290.0,31.40562855199168,2.8170552528066715,-2.05252914837832,1.7320828872472585,2.9251404596844495,3.069580924920626,-3.6642672921707224,2036-04-15T00:00:00.000,18,19
2035-06-30T00:00:00.000,300.0,23.776536632335343,2.8545421527982455,-1.7325847300112756,1.0931287437241761,3.070515471774627,2.8249110470863523,-2.523558785916721,2036-04-25T00:00:00.000,18,20
2035-06-30T00:00:00.000,310.0,20.95662780837995,2.9494825255159007,-1.5191292895696176,0.7602926460476116,3.133285239364973,2.7810617288048767,-1.845222771844734,2036-05-05T00:00:00.000,18,21
2035-06-30T00:00:00.000,320.0,19.923346325926758,3.066783386451611,-1.3441966720672944,0.5696163163353605,3.164437596306506,2.8329592939512156,-1.3725970507851502,2036-05-15T00:00:00.000,18,22
2035-06-30T00:00:00.000,330.0,19.767416796796866,3.1945264191540304,-1.1817201398907482,0.45873637273258616,3.1791804060557354,2.9400967617526512,-1.007997903807209,2036-05-25T00:00:00.000,18,23
2035-06-30T00:00:00.000,340.0,20.140738273574755,3.327087448304484,-1.019631660849928,0.3988110515733423,3.183238428686785,3.0836817347399728,-0.7061432847075123,2036-06-04T00:00:00.000,18,24
2035-06-30T00:00:00.000,350.0,20.890797200968624,3.461127387661268,-0.851584295410186,0.374700930220377,3.179042164886397,3.253943076520694,-0.4431055964508648,2036-06-14T00:00:00.000,18,25
2035-06-30T00:00:00.000,360.0,21.947104539069038,3.5943164383824424,-0.6738856589448581,0.3777371884990526,3.1676452195349114,3.4454486241122564,-0.2049684874062856,2036-06-24T00:00:00.000,18,26
2035-06-30T00:00:00.000,370.0,23.278991040612365,3.724831662520746,-0.4841784289563478,0.4026476465825848,3.149432625161303,3.6551027442245823,0.01700321569222374,2036-07-04T00:00:00.000,18,27
2035-06-30T00:00:00.000,380.0,24.877930660027772,3.8511351308183617,-0.28080319265657394,0.4460980483188397,3.124413946093121,3.8811958108300515,0.22866401440070083,2036-07-14T00:00:00.000,18,28
2035-06-30T00:00:00.000,390.0,26.749616419808856,3.9718500179595733,-0.06244081865597195,0.5059523692584023,3.09235132981717,4.122919407219216,0.4341834109705074,2036-07-24T00:00:00.000,18,29
2035-06-30T00:00:00.000,400.0,28.910414704997397,4.085665049562955,0.17208637490367806,0.5808654320622004,3.0528133252525365,4.380107459721479,0.6367135521175902,2036-08-03T00:00:00.000,18,30
2035-06-30T00:00:00.000,410.0,31.386051745891596,4.191272263910687,0.4239388999392517,0.6700491483705244,3.0051906915927944,4.653097641956732,0.8387866161738162,2036-08-13T00:00:00.000,18,31
2035-06-30T00:00:00.000,420.0,34.21163001955881,4.287312266469576,0.6943529061360536,0.7731392838440776,2.9486891204761037,4.9426629354088565,1.0425668310857477,2036-08-23T00:00:00.000,18,32
2035-06-30T00:00:00.000,430.0,37.43261125248466,4.372317902380727,0.9847169593218297,0.8901209309573943,2.8823046179866267,5.249988287439766,1.2500217291562987,2036-09-02T00:00:00.000,18,33
2035-06-30T00:00:00.000,440.0,41.10667856715538,4.444650140295445,1.2966430780985725,1.0212922623494833,2.8047825608795556,5.576680258897193,1.4630484077321682,2036-09-12T00:00:00.000,18,34
2035-06-30T00:00:00.000,450.0,45.30656594881218,4.5024203787767565,1.6320391668251375,1.1672545516028592,2.714558337917495,5.92480467258096,1.6835761255784094,2036-09-22T00:00:00.000,18,35
2035-06-30T00:00:00.000,460.0,50.12409322303771,4.54339377946558,1.99318432170789,1.3289203858540795,2.609674794030912,6.296951604808349,1.9136591073487943,2036-10-02T00:00:00.000,18,36
2035-06-30T00:00:00.000,470.0,55.67582796719167,4.5648807166359235,2.382823645644244,1.507542796197801,2.487668332976174,6.6963312327033915,2.1555700531924953,2036-10-12T00:00:00.000,18,37
2035-06-30T00:00:00.000,480.0,62.111046944507024,4.563572699954674,2.80430342194672,1.704775826466899,2.345410734474221,7.126907773938761,2.4119040223216524,2036-10-22T00:00:00.000,18,38
2035-06-30T00:00:00.000,490.0,69.62301093220582,4.535310838015711,3.2617201490464964,1.9227508093461712,2.178887593999253,7.5935805512984285,2.6857018069518106,2036-11-01T00:00:00.000,18,39
2035-06-30T00:00:00.000,500.0,78.46515972358293,4.474777593953602,3.7601154365253304,2.164183453332848,1.9828835109071257,8.102427573566853,2.9806039859161273,2036-11-11T00:00:00.000,18,40
2035-06-30T00:00:00.000,510.0,88.97478171043215,4.375053437295147,4.3057372012448685,2.432524132858908,1.7505268463499846,8.66103363625617,3.301050411956681,2036-11-21T00:00:00.000,18,41
2035-06-30T00:00:00.000,520.0,101.60828133273615,4.226964049512057,4.906383884565411,2.7321638639316204,1.4726187571478633,9.27893275503216,3.652544627574551,2036-12-01T00:00:00.000,18,42
2035-06-30T00:00:00.000,530.0,116.99486359055356,4.0180999230416035,5.57185496352642,3.068713303862584,1.1366234360038554,9.968204941226196,4.042009525594169,2036-12-11T00:00:00.000,18,43
2035-06-30T00:00:00.000,540.0,136.02018117407684,3.7313086905135684,6.314533476332983,3.4493769997623405,0.7251137926383713,10.744277485988102,4.478268913976878,2036-12-21T00:00:00.000,18,44
2035-06-30T00:00:00.000,550.0,159.95995040349985,3.342324230315384,7.150102931197727,3.8834410711871166,0.21332111330819714,11.626983057440235,4.972696400155003,2036-12-31T00:00:00.000,18,45
2035-06-30T00:00:00.000,560.0,190.69902584755584,2.8159535098317683,8.098367167507545,4.382885276085274,-0.4348245677538074,12.64189843228341,5.5400683633565215,2037-01-10T00:00:00.000,18,46
2035-06-30T00:00:00.000,570.0,231.10007578722994,2.099735430670954,9.183941642048264,4.963054581140178,-1.2732499943662887,13.821857728838788,6.199609597613033,2037-01-20T00:00:00.000,18,47
2035-06-30T00:00:00.000,580.0,285.63833749486224,1.11324999196,10.43601546965464,5.643065268140891,-2.384811174153839,15.208092726960436,6.97602528426226,2037-01-30T00:00:00.000,18,48
2035-06-30T00:00:00.000,590.0,361.5092361980458,-0.27003890416867904,11.884924347348637,6.44493139701175,-3.9001595735850927,16.84912601285904,7.899679999937673,2037-02-09T00:00:00.000,18,49
2035-06-30T00:00:00.000,600.0,470.53821100150515,-2.2529345161226395,13.549132188397067,7.3883378623393945,-6.029221260515083,18.791739702633773,9.003178379978687,2037-02-19T00:00:00.000,18,50
2035-07-10T00:00:00.000,100.0,26.276771018192225,7.417867605358056,0.5567030182649724,-0.6894893970583968,5.080827437720412,0.12934879030651292,-0.6672574141558072,2035-10-18T00:00:00.000,19,0
2035-07-10T00:00:00.000,110.0,21.47758911860398,6.2790384132433275,0.575734477951432,-0.6319823802890063,4.589142162805704,-0.08174102687387119,-0.6408445464296109,2035-10-28T00:00:00.000,19,1
2035-07-10T00:00:00.000,120.0,18.361259525812752,5.3444231713361905,0.5406668240293442,-0.6156660632107567,4.23473484472645,-0.2531370062824774,-0.6034914885255147,2035-11-07T00:00:00.000,19,2
2035-07-10T00:00:00.000,130.0,16.286988812243322,4.57944232633432,0.4662650849588026,-0.6316866968241897,3.9790927458767698,-0.3863500287337267,-0.5518544982616684,2035-11-17T00:00:00.000,19,3
2035-07-10T00:00:00.000,140.0,14.870966724959738,3.9576570734763603,0.3653178481103829,-0.6730497658717507,3.795023271809825,-0.4844486539131596,-0.48381255988586824,2035-11-27T00:00:00.000,19,4
2035-07-10T00:00:00.000,150.0,13.87963113468532,3.457921729802763,0.24882589336635164,-0.7343572403584586,3.6629808385252005,-0.5513591409207539,-0.39775068699584537,2035-12-07T00:00:00.000,19,5
2035-07-10T00:00:00.000,160.0,13.170790634007282,3.0627391412182217,0.1261928955129683,-0.8116844551812266,3.5687064370559227,-0.5914795986353756,-0.2920220617026019,2035-12-17T00:00:00.000,19,6
2035-07-10T00:00:00.000,170.0,12.660150555351025,2.7572872108525246,0.005455883537759831,-0.9025642813080648,3.501654915830091,-0.6095200431207521,-0.16446495927114668,2035-12-27T00:00:00.000,19,7
2035-07-10T00:00:00.000,180.0,12.30237563311797,2.5288263281532934,-0.10642766833762352,-1.0060964548765643,3.4539087933199895,-0.6105318148327203,-0.011856796443006079,2036-01-06T00:00:00.000,19,8
2035-07-10T00:00:00.000,190.0,12.081596288440052,2.3663460866587975,-0.2032105064155445,-1.1232548019467048,3.419391250763116,-0.6001411755228991,0.17085178397282386,2036-01-16T00:00:00.000,19,9
2035-07-10T00:00:00.000,200.0,12.009912457340736,2.2603806155222976,-0.2788090690032128,-1.2575339639291818,3.3932417410815994,-0.5850795968732463,0.39179689795210537,2036-01-26T00:00:00.000,19,10
2035-07-10T00:00:00.000,210.0,12.13645826807281,2.2029464427035315,-0.32643448723074453,-1.4162904625675354,3.3712148288964485,-0.5742614714117993,0.664524347148737,2036-02-05T00:00:00.000,19,11
2035-07-10T00:00:00.000,220.0,12.578103847710278,2.187733650776387,-0.3369997351529266,-1.6136325343519977,3.34886160724923,-0.5810500989709624,1.012724328575263,2036-02-15T00:00:00.000,19,12
2035-07-10T00:00:00.000,230.0,13.6097374291273,2.2109209170926256,-0.295628889512912,-1.8771274896862988,3.319839123116335,-0.6285048427551985,1.481008875188372,2036-02-25T00:00:00.000,19,13
2035-07-10T00:00:00.000,240.0,15.96127486677088,2.2740976227813903,-0.17254104425074135,-2.265543095145298,3.2709376085037967,-0.7634371519633989,2.1631934132315487,2036-03-06T00:00:00.000,19,14
2035-07-10T00:00:00.000,250.0,22.05943014053289,2.396820703561442,0.10695522466078089,-2.926042366901654,3.1618383827170042,-1.1031139550106728,3.2932275634051043,2036-03-16T00:00:00.000,19,15
2035-07-10T00:00:00.000,260.0,43.96333811268683,2.697578425564455,0.8039206875906622,-4.348611830972473,2.79622208627001,-2.0561134125911797,5.649502437516535,2036-03-26T00:00:00.000,19,16
2035-07-10T00:00:00.000,270.0,232.7106033570828,4.718975925953842,3.735985123237414,-9.415289081928517,-0.2818447540142621,-6.46411527423348,13.814716088763419,2036-04-05T00:00:00.000,19,17
2035-07-10T00:00:00.000,280.0,489.03529280874454,7.527100626437154,-5.017890773540015,12.196282425979241,-4.528777989930248,7.341826220734007,-20.362294823305415,2036-04-15T00:00:00.000,19,18
2035-07-10T00:00:00.000,290.0,73.2871217947743,3.324887576536227,-2.7269328990980473,3.982189220955454,2.2555883226332583,4.066062843557986,-7.187946582008795,2036-04-25T00:00:00.000,19,19
2035-07-10T00:00:00.000,300.0,35.731310935033335,3.0469649521055757,-1.9828536724336754,2.1836893838537086,2.853323278939147,3.1875981418937913,-4.174814401466554,2036-05-05T00:00:00.000,19,20
2035-07-10T00:00:00.000,310.0,25.491846250666605,3.055635291049004,-1.6002194666478466,1.452160739174496,3.000652227571983,2.9027705863587245,-2.8393406598723803,2036-05-15T00:00:00.000,19,21
2035-07-10T00:00:00.000,320.0,21.498942182352277,3.129874084969213,-1.3349757627188836,1.076644134510047,3.0425901902659085,2.8326339196557813,-2.053721547256459,2036-05-25T00:00:00.000,19,22
2035-07-10T00:00:00.000,330.0,19.76844863930973,3.226361196860932,-1.1155798934170598,0.8649683273779702,3.0443565256136793,2.86546835397822,-1.5130872732967162,2036-06-04T00:00:00.000,19,23
2035-07-10T00:00:00.000,340.0,19.111093748175687,3.331063984370969,-0.9139458925542225,0.7441335356545746,3.025334812592874,2.957194589765776,-1.1015639691590091,2036-06-14T00:00:00.000,19,24
2035-07-10T00:00:00.000,350.0,19.073254238004356,3.4377642600052276,-0.7168931935384588,0.6804279911114337,2.9928239510323316,3.087108720784868,-0.7655186360798791,2036-06-24T00:00:00.000,19,25
2035-07-10T00:00:00.000,360.0,19.45516911479267,3.5429912066758753,-0.5174263095142493,0.6561769158428978,2.9499382049509357,3.2443539995272586,-0.47665587955568434,2036-07-04T00:00:00.000,19,26
2035-07-10T00:00:00.000,370.0,20.16226160740962,3.6444410292801113,-0.31145693017167986,0.6612623422556396,2.898042693182223,3.422841658120091,-0.21855237207693978,2036-07-14T00:00:00.000,19,27
2035-07-10T00:00:00.000,380.0,21.150172554698486,3.740368501529427,-0.09635992767976731,0.6895327518756531,2.8376498472999536,3.619054054497865,0.0190695946365107,2036-07-24T00:00:00.000,19,28
2035-07-10T00:00:00.000,390.0,22.401778207692985,3.8292958045016032,0.12972021486122642,0.7370988363259778,2.7687898609702906,3.8309920233090073,0.2430658981096725,2036-08-03T00:00:00.000,19,29
2035-07-10T00:00:00.000,400.0,23.916818469026808,3.9098651219350047,0.36823533946821385,0.8014547178237903,2.691173068911585,4.057632576234185,0.45828360048658157,2036-08-13T00:00:00.000,19,30
2035-07-10T00:00:00.000,410.0,25.70713129311808,3.9807465386767196,0.6204488584187047,0.880999072939165,2.6042588486791267,4.298636732994216,0.6683482475082623,2036-08-23T00:00:00.000,19,31
2035-07-10T00:00:00.000,420.0,27.794690793539008,4.040568020032067,0.887573554426691,0.9747624072306369,2.507276618966749,4.554190298664001,0.8761309679930123,2036-09-02T00:00:00.000,19,32
2035-07-10T00:00:00.000,430.0,30.21126200480222,4.08785160649657,1.170868755104351,1.0822490239619995,2.3992178349108535,4.8249214261782205,1.0840429035117656,2036-09-12T00:00:00.000,19,33
2035-07-10T00:00:00.000,440.0,32.99918120629191,4.120946632889028,1.4717164810169159,1.2033459826178117,2.2788062471932946,5.111866935177287,1.2942332599210595,2036-09-22T00:00:00.000,19,34
2035-07-10T00:00:00.000,450.0,36.21311428971688,4.137954484924222,1.791683560491741,1.3382716933809746,2.1444478457807143,5.416473263754265,1.5087329483638068,2036-10-02T00:00:00.000,19,35
2035-07-10T00:00:00.000,460.0,39.92286396534099,4.136654239228126,2.132587970412068,1.4875555129980116,1.9941578494026686,5.740626307324697,1.7295687429698536,2036-10-12T00:00:00.000,19,36
2035-07-10T00:00:00.000,470.0,44.21748099229254,4.114390275119279,2.496589241522024,1.652051246815498,1.8254582988764234,6.086709524204351,1.958864507646147,2036-10-22T00:00:00.000,19,37
2035-07-10T00:00:00.000,480.0,49.21111809258011,4.067918192369248,2.886273355052193,1.8329628684479626,1.6352365567888398,6.457691429747613,2.1989408573414875,2036-11-01T00:00:00.000,19,38
2035-07-10T00:00:00.000,490.0,55.05135391566782,3.993213220279996,3.3047589024410744,2.0318919440506598,1.4195489802463328,6.857248360885262,2.4524231946150326,2036-11-11T00:00:00.000,19,39
2035-07-10T00:00:00.000,500.0,61.93114042371219,3.8852047756661,3.7558373224916366,2.2509129031962836,1.173345242635353,7.289932180295835,2.722368485709531,2036-11-21T00:00:00.000,19,40
2035-07-10T00:00:00.000,510.0,70.10619898395703,3.7373995929063764,4.244153852382777,2.4926811394345263,0.8900755132207934,7.761396458547636,3.012422543064966,2036-12-01T00:00:00.000,19,41
2035-07-10T00:00:00.000,520.0,79.92081120094444,3.54133759089229,4.775440631690586,2.760582264809864,0.5611208779782721,8.278700075195616,3.32702263686279,2036-12-11T00:00:00.000,19,42
2035-07-10T00:00:00.000,530.0,91.84686125520284,3.2857885781200658,5.356817623837708,3.058935116336401,0.17495100444370593,8.85071353434228,3.6716649267406445,2036-12-21T00:00:00.000,19,43
2035-07-10T00:00:00.000,540.0,106.54432283842995,2.955543753549698,5.997167271926674,3.393261017886933,-0.28414866133953964,9.488658987467574,4.053262019193891,2036-12-31T00:00:00.000,19,44
2035-07-10T00:00:00.000,550.0,124.95739970055996,2.5295627290022793,6.707603490862956,3.7706437252956615,-0.838046085417357,10.206816613032466,4.4806219531668905,2037-01-10T00:00:00.000,19,45
2035-07-10T00:00:00.000,560.0,148.47165667076644,1.9780019276097711,7.5020026827764585,4.200193612896231,-1.517887735861013,11.023413335992654,4.965081259752802,2037-01-20T00:00:00.000,19,46
2035-07-10T00:00:00.000,570.0,179.17839387392468,1.257384616793182,8.397419126955873,4.693568904453242,-2.3691858807611013,11.961629913545615,5.521300747803695,2037-01-30T00:00:00.000,19,47
2035-07-10T00:00:00.000,580.0,220.3327236887105,0.3025647414965995,9.41393429774864,5.265400831598267,-3.4603055189809275,13.050408574208344,6.168131439119142,2037-02-09T00:00:00.000,19,48
2035-07-10T00:00:00.000,590.0,277.1685201074349,-0.9869197879822806,10.572569824744308,5.93305578766509,-4.896894187432583,14.323977736280316,6.929113163679007,2037-02-19T00:00:00.000,19,49
2035-07-10T00:00:00.000,600.0,358.3712208938213,-2.7700345005568217,11.887425452109337,6.713974463029109,-6.846487536495559,15.81679061400338,7.831089578034902,2037-03-01T00:00:00.000,19,50
2035-07-20T00:00:00.000,100.0,28.066420893821768,6.596584615393841,0.6715210376481551,-0.669282946209016,5.199465858522753,-0.5524266643807962,-0.8525259294350649,2035-10-28T00:00:00.000,20,0
2035-07-20T00:00:00.000,110.0,24.189357118811902,5.587838524861298,0.605085000640571,-0.6499041702271526,4.797841647590058,-0.7230604623696824,-0.804522349733034,2035-11-07T00:00:00.000,20,1
2035-07-20T00:00:00.000,120.0,21.631672434748765,4.771237934617268,0.5061098654519434,-0.6619126855219193,4.511324408961023,-0.8513299907842349,-0.7448904339918414,2035-11-17T00:00:00.000,20,2
2035-07-20T00:00:00.000,130.0,19.875895300851866,4.113146925638537,0.38601761239213417,-0.6977527523348286,4.305716771224784,-0.9411716758296169,-0.6714866070604506,2035-11-27T00:00:00.000,20,3
2035-07-20T00:00:00.000,140.0,18.616312709836386,3.5876432921027828,0.25466680508554873,-0.7515317264346013,4.15717331539215,-0.9971372482074479,-0.5830437752562876,2035-12-07T00:00:00.000,20,4
2035-07-20T00:00:00.000,150.0,17.6703875472781,3.17393352840444,0.12043244973629541,-0.8187775701934488,4.048795711931138,-1.0239955760955208,-0.4786166424842877,2035-12-17T00:00:00.000,20,5
2035-07-20T00:00:00.000,160.0,16.929938484534464,2.854843373495587,-0.009659383601885452,-0.8963004666121375,3.9684497122899565,-1.0265328837656114,-0.3571772726645497,2035-12-27T00:00:00.000,20,6
2035-07-20T00:00:00.000,170.0,16.333420368341763,2.61590110936444,-0.12974710597443817,-0.9821337320930086,3.907317661955954,-1.009496887485465,-0.21726732627336975,2036-01-06T00:00:00.000,20,7
2035-07-20T00:00:00.000,180.0,15.850197083270622,2.444769358185603,-0.23490688029340134,-1.075565134549744,3.8589080593109664,-0.9776600468844787,-0.05662601682382462,2036-01-16T00:00:00.000,20,8
2035-07-20T00:00:00.000,190.0,15.472379343913948,2.3308899166809454,-0.32084989931107266,-1.1772801566912094,3.818351445158406,-0.9360076582042236,0.1283013988766477,2036-01-26T00:00:00.000,20,9
2035-07-20T00:00:00.000,200.0,15.212529430626244,2.2652322940301737,-0.38353231238447716,-1.2897016218077368,3.7818673636764046,-0.8900990813497955,0.34312140645225586,2036-02-05T00:00:00.000,20,10
2035-07-20T00:00:00.000,210.0,15.107909271788087,2.2401582555141104,-0.41861214408405356,-1.417700955488082,3.7463055781670533,-0.8467239791669208,0.5967933393447371,2036-02-15T00:00:00.000,20,11
2035-07-20T00:00:00.000,220.0,15.235784496833627,2.2494219548344887,-0.42054446115699795,-1.570027624376482,3.708637966011249,-0.8151455265010767,0.9040612283019636,2036-02-25T00:00:00.000,20,12
2035-07-20T00:00:00.000,230.0,15.754018963249663,2.2884186406526332,-0.3808613557514693,-1.7623196369364937,3.665150799554759,-0.8096568931293451,1.2904047020919096,2036-03-06T00:00:00.000,20,13
2035-07-20T00:00:00.000,240.0,17.012750199009393,2.3551041390155802,-0.2843689366379144,-2.0239958253909105,3.609623506765274,-0.8554553146645247,1.8032095116844227,2036-03-16T00:00:00.000,20,14
2035-07-20T00:00:00.000,250.0,19.909394575024784,2.4531805932091792,-0.09916605511026888,-2.4161659925489936,3.5278778089816143,-1.0043075557519323,2.540637532860492,2036-03-26T00:00:00.000,20,15
2035-07-20T00:00:00.000,260.0,27.323187546396774,2.605355060193208,0.25612208443995055,-3.0878944429402155,3.3760402249713124,-1.3862822314817933,3.7421600073286934,2036-04-05T00:00:00.000,20,16
2035-07-20T00:00:00.000,270.0,52.80319777849667,2.9346100202824594,1.064758376940528,-4.514860450066302,2.9489475891587844,-2.450887053067616,6.17252448743598,2036-04-15T00:00:00.000,20,17
2035-07-20T00:00:00.000,280.0,243.12809248919896,4.818599161135701,4.212653085762598,-9.185299750215226,0.01920315562010444,-7.186247391912913,13.837831193877097,2036-04-25T00:00:00.000,20,18
2035-07-20T00:00:00.000,290.0,676.8807763674957,9.191730414808092,-4.147135176229288,14.685732630296943,-6.74284673947869,6.181687855671999,-24.355728883990203,2036-05-05T00:00:00.000,20,19
2035-07-20T00:00:00.000,300.0,91.2387898811435,3.6578630507241883,-2.6593163816094343,4.783103913966613,2.1787380381473227,4.243146974996943,-8.275723182347736,2036-05-15T00:00:00.000,20,20
2035-07-20T00:00:00.000,310.0,41.15536309747662,3.275569388071327,-1.8550910020512301,2.654614315063628,2.8935029740502287,3.3182186221457393,-4.666093528025808,2036-05-25T00:00:00.000,20,21
2035-07-20T00:00:00.000,320.0,27.86710223013962,3.2481017794504066,-1.4165050482356936,1.813568247679909,3.038715086912852,2.9924704507426867,-3.111018073258286,2036-06-04T00:00:00.000,20,22
2035-07-20T00:00:00.000,330.0,22.616337159469303,3.2956528725736423,-1.1054519401665335,1.3903497563382086,3.056026082891261,2.893954835300182,-2.214061234790108,2036-06-14T00:00:00.000,20,23
2035-07-20T00:00:00.000,340.0,20.177066859212218,3.3659577650030563,-0.8472249268215286,1.1556309392020516,3.025799627441611,2.905075900380396,-1.6069030732484957,2036-06-24T00:00:00.000,20,24
2035-07-20T00:00:00.000,350.0,19.026416973816907,3.442833590739161,-0.6118375297221696,1.0236143886501514,2.9713812079435016,2.9784234677866923,-1.1516528719343437,2036-07-04T00:00:00.000,20,25
2035-07-20T00:00:00.000,360.0,18.5920948267967,3.519457142889152,-0.3850615662880621,0.9550753561080203,2.901423205093245,3.091506029519218,-0.7851297225232674,2036-07-14T00:00:00.000,20,26
2035-07-20T00:00:00.000,370.0,18.62362705626683,3.5922100701294424,-0.1592805601510996,0.929600234280672,2.81956654628134,3.23245396137213,-0.47424986554301807,2036-07-24T00:00:00.000,20,27
2035-07-20T00:00:00.000,380.0,19.001635040721442,3.6587677897533926,0.06999367081185781,0.9355729271698605,2.7273773251688915,3.3945656536323625,-0.19992996287579334,2036-08-03T00:00:00.000,20,28
2035-07-20T00:00:00.000,390.0,19.66821779539063,3.71738367297405,0.30564426043399706,0.9659551819609788,2.6254148448060626,3.5739256437761746,0.049700913690205795,2036-08-13T00:00:00.000,20,29
2035-07-20T00:00:00.000,400.0,20.59809623540693,3.7665710409086266,0.5496945497376409,1.0163003420677645,2.513668647290036,3.7682562209603,0.2825087967338593,2036-08-23T00:00:00.000,20,30
2035-07-20T00:00:00.000,410.0,21.78562457597524,3.804936538671469,0.8037061032990067,1.0837364311450202,2.391748198932401,3.9763223411385127,0.5040096906227047,2036-09-02T00:00:00.000,20,31
2035-07-20T00:00:00.000,420.0,23.23876090308529,3.8310751743882117,1.069008691387321,1.1664122001895425,2.2589622593294116,4.197608190410143,0.718286776860281,2036-09-12T00:00:00.000,20,32
2035-07-20T00:00:00.000,430.0,24.976460010371838,3.8434896847993474,1.3468436543958546,1.2631807930484449,2.1143418591229874,4.432138072178162,0.9285314331141565,2036-09-22T00:00:00.000,20,33
2035-07-20T00:00:00.000,440.0,27.02799118100445,3.8405176693809993,1.6384561775309123,1.3734111593822655,1.956629140666383,4.680379965622354,1.1373816265003027,2036-10-02T00:00:00.000,20,34
2035-07-20T00:00:00.000,450.0,29.433556383690785,3.820272046999972,1.9451682530170658,1.4968773975323693,1.7842402753292212,4.9432011784208605,1.3471470347525187,2036-10-12T00:00:00.000,20,35
2035-07-20T00:00:00.000,460.0,32.2460127899366,3.7805559701090807,2.2684582492834835,1.6337068039170335,1.5952032432490633,5.2218609771205315,1.559970300451286,2036-10-22T00:00:00.000,20,36
2035-07-20T00:00:00.000,470.0,35.53374631071518,3.7187515464476935,2.6100195779651933,1.7843520522667884,1.3870676336555583,5.518031687238498,1.7779527521878107,2036-11-01T00:00:00.000,20,37
2035-07-20T00:00:00.000,480.0,39.384960246342565,3.6316925073856723,2.971824641957113,1.949588566041724,1.1567788531461183,5.833846185721999,2.0032627417773723,2036-11-11T00:00:00.000,20,38
2035-07-20T00:00:00.000,490.0,43.91388066367719,3.515494601460615,3.35620419208435,2.1305367110616196,0.9005037678259917,6.1719734297958055,2.2382398463308126,2036-11-21T00:00:00.000,20,39
2035-07-20T00:00:00.000,500.0,49.269701607685505,3.3653228359987946,3.76594414009379,2.3287077837864194,0.6133879009534589,6.535726281873988,2.485505755187673,2036-12-01T00:00:00.000,20,40
2035-07-20T00:00:00.000,510.0,55.64959255464224,3.175067275111857,4.204404849037157,2.5460756816228844,0.28921346401718395,6.929208940778139,2.7480923532359176,2036-12-11T00:00:00.000,20,41
2035-07-20T00:00:00.000,520.0,63.3179030926094,2.9368816164327782,4.675670827788609,2.7851794259946363,-0.08008974718629958,7.357514527100104,3.029598770219576,2036-12-21T00:00:00.000,20,42
2035-07-20T00:00:00.000,530.0,72.63506470565778,2.640517262373976,5.184729883221129,3.0492608064295865,-0.5051564300227902,7.826986314539116,3.3343915365298367,2036-12-31T00:00:00.000,20,43
2035-07-20T00:00:00.000,540.0,84.1020772093611,2.272350858515928,5.737703275752824,3.3424546825071033,-1.0002440570030586,8.345558751411662,3.667865614022328,2037-01-10T00:00:00.000,20,44
2035-07-20T00:00:00.000,550.0,98.4307623043052,1.8138752046995066,6.342123391608149,3.6700477759026513,-1.5848428102452807,8.923193039990608,4.036788518387136,2037-01-20T00:00:00.000,20,45
2035-07-20T00:00:00.000,560.0,116.65781879389846,1.2393541421902334,7.007195057466442,4.038795272978717,-2.286183860688027,9.572403792417063,4.4497491821390875,2037-01-30T00:00:00.000,20,46
2035-07-20T00:00:00.000,570.0,140.33569909162335,0.5120894132745946,7.743946115276602,4.457286688932658,-3.143249529774117,10.308817321395328,4.917719686938022,2037-02-09T00:00:00.000,20,47
2035-07-20T00:00:00.000,580.0,171.8625295956583,-0.4217085052516687,8.56493299401059,4.936262338024932,-4.213354594255716,11.151531674123657,5.45467817380085,2037-02-19T00:00:00.000,20,48
2035-07-20T00:00:00.000,590.0,215.0712049425974,-1.6432107299486205,9.482588637764316,5.48853602004659,-5.583204869787007,12.12256097923417,6.078037810785083,2037-03-01T00:00:00.000,20,49
2035-07-20T00:00:00.000,600.0,276.31207362762575,-3.278461885210355,10.503766026563717,6.127470275850395,-7.387754438931129,13.243276620917381,6.807994001138829,2037-03-11T00:00:00.000,20,50
2035-07-30T00:00:00.000,100.0,34.17922088973069,5.895913136497272,0.5890120889588211,-0.7197228995031182,5.611772851032232,-1.263171442859381,-1.0448082427377878,2035-11-07T00:00:00.000,21,0
2035-07-30T00:00:00.000,110.0,30.679836291326037,5.015230345939943,0.4679049504434829,-0.72480416664982,5.277241862463335,-1.3749292837031692,-0.9695999593678026,2035-11-17T00:00:00.000,21,1
2035-07-30T00:00:00.000,120.0,28.252862767492317,4.313268608212576,0.3313578672314321,-0.7531842351746416,5.037915771538934,-1.4459767541721877,-0.8839788870585359,2035-11-27T00:00:00.000,21,2
2035-07-30T00:00:00.000,130.0,26.470332840789172,3.7575377909495753,0.188066902548929,-0.7983833925351433,4.863781907696396,-1.4816356748468031,-0.7865838303548083,2035-12-07T00:00:00.000,21,3
2035-07-30T00:00:00.000,140.0,25.08225362782346,3.322882127608546,0.04543536224984024,-0.855444664699414,4.734199802992578,-1.4871780318279821,-0.6766885212686455,2035-12-17T00:00:00.000,21,4
2035-07-30T00:00:00.000,150.0,23.94175267027024,2.989120539463178,-0.09038809906671652,-0.9206897043464526,4.6347712561342185,-1.4676468490537928,-0.5537696272320778,2035-12-27T00:00:00.000,21,5
2035-07-30T00:00:00.000,160.0,22.963775985176213,2.739644298253907,-0.21439982144787528,-0.9915617058680386,4.555340632708074,-1.4277917510333147,-0.4172030930568953,2036-01-06T00:00:00.000,21,6
2035-07-30T00:00:00.000,170.0,22.101608548407583,2.560555292620638,-0.3225870370801598,-1.0665371069862042,4.48867668820915,-1.372088121592908,-0.26601564562815394,2036-01-16T00:00:00.000,21,7
2035-07-30T00:00:00.000,180.0,21.33346679545527,2.440119293787685,-0.4117181359429445,-1.1450918311044984,4.429578849098515,-1.3048254080612267,-0.09863401823000739,2036-01-26T00:00:00.000,21,8
2035-07-30T00:00:00.000,190.0,20.655293444812667,2.368372251747175,-0.47910053921394447,-1.2277450081702668,4.374253134896588,-1.2302680784901057,0.0874266075534722,2036-02-05T00:00:00.000,21,9
2035-07-30T00:00:00.000,200.0,20.078001142138067,2.3368509610814776,-0.5223067856942345,-1.3162301173430215,4.319857415868416,-1.152912391874029,0.2960170018225732,2036-02-15T00:00:00.000,21,10
2035-07-30T00:00:00.000,210.0,19.628954834786168,2.3384126212269933,-0.5388087139427449,-1.4138576125255804,4.264141377496866,-1.0779003311894328,0.5330891328164631,2036-02-25T00:00:00.000,21,11
2035-07-30T00:00:00.000,220.0,19.35936739040409,2.3671314111122506,-0.5254415678720961,-1.52623043513663,4.205109604204477,-1.0117277218830658,0.8079774896645686,2036-03-06T00:00:00.000,21,12
2035-07-30T00:00:00.000,230.0,19.363050087681803,2.4183097921857346,-0.4775059918901132,-1.662658517557386,4.140602544512454,-0.9635550881261103,1.1357914633439874,2036-03-16T00:00:00.000,21,13
2035-07-30T00:00:00.000,240.0,19.82205580144831,2.4887212559493825,-0.3870372414715477,-1.8390833593989857,4.067564603049696,-0.9478728092539779,1.5422422439235826,2036-03-26T00:00:00.000,21,14
2035-07-30T00:00:00.000,250.0,21.127315242707574,2.5774708507646373,-0.23896307811421336,-2.084647426084837,3.9803352539167314,-0.9905697889570888,2.074371712673675,2036-04-05T00:00:00.000,21,15
2035-07-30T00:00:00.000,260.0,24.24934764759334,2.6889205030867487,-0.001070333442141802,-2.4583666361240653,3.865582153587944,-1.1449298435014441,2.827677123526569,2036-04-15T00:00:00.000,21,16
2035-07-30T00:00:00.000,270.0,32.172971026726955,2.84437473393049,0.40843533490348527,-3.099707520191486,3.6828166242887512,-1.543472821526656,4.028340152941147,2036-04-25T00:00:00.000,21,17
2035-07-30T00:00:00.000,280.0,57.98702143991785,3.14889031955871,1.266495587477733,-4.4307738937654495,3.2543465029792635,-2.6310326448379353,6.361911465924497,2036-05-05T00:00:00.000,21,18
2035-07-30T00:00:00.000,290.0,221.05743144300533,4.593888093035934,4.264669288574727,-8.41217702244769,0.9522077508701052,-7.120146283329898,13.017459381391273,2036-05-15T00:00:00.000,21,19
2035-07-30T00:00:00.000,300.0,1024.9936187019198,11.761129284837843,-2.121067094015565,18.28071939158614,-10.34989601787236,3.2155440251397316,-30.125297471453088,2036-05-25T00:00:00.000,21,20
2035-07-30T00:00:00.000,310.0,115.52996542390184,4.000694978835483,-2.516761490830822,5.742297843095717,2.1449914011611426,4.397123507937,-9.570490173904073,2036-06-04T00:00:00.000,21,21
2035-07-30T00:00:00.000,320.0,47.35567992301027,3.4908994889120972,-1.669374715654266,3.151578735395754,2.9989846079399705,3.442430899114001,-5.14892617437603,2036-06-14T00:00:00.000,21,22
2035-07-30T00:00:00.000,330.0,30.421577868014253,3.4231622865595632,-1.1803511273641014,2.17659047383189,3.1359238984529796,3.0729352156153453,-3.338357130649265,2036-06-24T00:00:00.000,21,23
2035-07-30T00:00:00.000,340.0,23.82153314112625,3.440305578985104,-0.8287483748553477,1.6990836991270104,3.123833857768709,2.9429371858437143,-2.324288254576526,2036-07-04T00:00:00.000,21,24
2035-07-30T00:00:00.000,350.0,20.66628077856604,3.480658479228616,-0.5368860330635741,1.4390643206511884,3.0586395061802847,2.9293257274923654,-1.6522880899076258,2036-07-14T00:00:00.000,21,25
2035-07-30T00:00:00.000,360.0,19.03042442473754,3.526102892075782,-0.27281843747850587,1.2948090239012577,2.9670727539428015,2.981268018580426,-1.1571277798658883,2036-07-24T00:00:00.000,21,26
2035-07-30T00:00:00.000,370.0,18.209189079585077,3.5693207964460365,-0.021232858079372363,1.2206854223698151,2.8587513993780043,3.074452753241818,-0.7645062355685424,2036-08-03T00:00:00.000,21,27
2035-07-30T00:00:00.000,380.0,17.89899655002279,3.6065546322454693,0.22610529725163175,1.1932532932229192,2.737608270653876,3.1959933707378774,-0.43603197207295086,2036-08-13T00:00:00.000,21,28
2035-07-30T00:00:00.000,390.0,17.955930235546568,3.6354392190838207,0.47405348673888525,1.199296815473125,2.605263001859427,3.3385772394990525,-0.14978966115142178,2036-08-23T00:00:00.000,21,29
2035-07-30T00:00:00.000,400.0,18.30939383826514,3.6542010209976024,0.7257248936971727,1.2308598117800509,2.46222303979253,3.4978915986759276,0.10773070357301417,2036-09-02T00:00:00.000,21,30
2035-07-30T00:00:00.000,410.0,18.926866903838853,3.6613065253612804,0.9832860797214735,1.2829337886338061,2.30836645361272,3.6713768402497102,0.34540312180456656,2036-09-12T00:00:00.000,21,31
2035-07-30T00:00:00.000,420.0,19.798193510777114,3.655278700463349,1.248379959835244,1.3522832514965906,2.1431474273744655,3.8575776694302704,0.5693919033743375,2036-09-22T00:00:00.000,21,32
2035-07-30T00:00:00.000,430.0,20.92829655914404,3.634582147518239,1.5223615555523935,1.436805006896427,1.9656793990419317,4.055787860741692,0.7842103595251215,2036-10-02T00:00:00.000,21,33
2035-07-30T00:00:00.000,440.0,22.333965907936733,3.597551472856403,1.8064445167525953,1.5351627514811197,1.7747556729852434,4.2658508816853455,0.9933400547485176,2036-10-12T00:00:00.000,21,34
2035-07-30T00:00:00.000,450.0,24.042898836950226,3.542312065111677,2.101814984487021,1.646581586565664,1.5688310904359604,4.48804988422642,1.19961497295047,2036-10-22T00:00:00.000,21,35
2035-07-30T00:00:00.000,460.0,26.094224403247217,3.4666889557776006,2.4096999786003153,1.7707203594635583,1.3459740975474865,4.7230519905646595,1.4054743065604773,2036-11-01T00:00:00.000,21,36
2035-07-30T00:00:00.000,470.0,28.540258680034512,3.3681144897398916,2.73142331812274,1.907597693904747,1.1037899184904418,4.9718894882701115,1.6131402333035227,2036-11-11T00:00:00.000,21,37
2035-07-30T00:00:00.000,480.0,31.44954272859036,3.243512465080972,3.0684617593675796,2.0575567855232055,0.8393098446326697,5.235969432908348,1.8247536302039444,2036-11-21T00:00:00.000,21,38
2035-07-30T00:00:00.000,490.0,34.91145989919491,3.089145457904964,3.422503352088029,2.2212585798880067,0.5488368343611221,5.517107920948277,2.0424882415948327,2036-12-01T00:00:00.000,21,39
2035-07-30T00:00:00.000,500.0,39.043006553856046,2.9004098460067276,3.7955111331718054,2.399698224955979,0.22773133836024684,5.817588688300155,2.2686574984220895,2036-12-11T00:00:00.000,21,40
2035-07-30T00:00:00.000,510.0,43.99867835261064,2.6715538326862642,4.189796779424249,2.5942437575334143,-0.129887744251576,6.14024814369456,2.5058252653286486,2036-12-21T00:00:00.000,21,41
2035-07-30T00:00:00.000,520.0,49.98503619634722,2.3952861196636164,4.608099252216945,2.806695002225212,-0.5315655751082886,6.488590531942595,2.7569307471338336,2036-12-31T00:00:00.000,21,42
2035-07-30T00:00:00.000,530.0,57.2825221523677,2.062232018182957,5.053686942742264,3.0393736216905607,-0.9871182553554689,6.8669383871333025,3.0254382971111395,2037-01-10T00:00:00.000,21,43
2035-07-30T00:00:00.000,540.0,66.27883916186711,1.6601081084409515,5.530482515903897,3.2952541899322365,-1.5095224222952446,7.280623329703268,3.315524867865647,2037-01-20T00:00:00.000,21,44
2035-07-30T00:00:00.000,550.0,77.52125714606454,1.1724939449109115,6.04316857125733,3.5781250276034497,-2.116245794279216,7.736215171991265,3.6323182262726137,2037-01-30T00:00:00.000,21,45
2035-07-30T00:00:00.000,560.0,91.80085293983052,0.576967149256248,6.5972566792105996,3.892789480817838,-2.8312842974155217,8.241770634271735,3.982197757406694,2037-02-09T00:00:00.000,21,46
2035-07-30T00:00:00.000,570.0,110.29237313333496,-0.15782961755112623,7.199013963186968,4.245290826102568,-3.6883608683038354,8.807034176385859,4.373158613001752,2037-02-19T00:00:00.000,21,47
2035-07-30T00:00:00.000,580.0,134.79425390195644,-1.0769185811262538,7.854977931555762,4.643085857275487,-4.7360805403876896,9.443392831563568,4.8151974877144275,2037-03-01T00:00:00.000,21,48
2035-07-30T00:00:00.000,590.0,168.15522355587976,-2.246795352987494,8.570396886098116,5.094934685997424,-6.046449962289479,10.163044041605005,5.320545293276463,2037-03-11T00:00:00.000,21,49
2035-07-30T00:00:00.000,600.0,215.0595886430642,-3.768560887770686,9.344910385029848,5.609828129993932,-7.7292442184302175,10.975923544229193,5.903174976752978,2037-03-21T00:00:00.000,21,50
2035-08-09T00:00:00.000,100.0,46.26089308263974,5.353605552264265,0.33245191892024906,-0.8304554687574761,6.404978994926314,-1.936627071328207,-1.21926729792576,2035-11-17T00:00:00.000,22,0
2035-08-09T00:00:00.000,110.0,42.49268599054453,4.592913061701049,0.1853747468560485,-0.847433495845225,6.111756976143841,-1.975019843775904,-1.1128383852981631,2035-11-27T00:00:00.000,22,1
2035-08-09T00:00:00.000,120.0,39.68353582260869,3.997262644167936,0.03560324592237052,-0.8813329679815469,5.896839042047457,-1.9781721096558584,-0.9988294345748967,2035-12-07T00:00:00.000,22,2
2035-08-09T00:00:00.000,130.0,37.45680247892972,3.5353431579630303,-0.11025769477914338,-0.9265268014057852,5.734051957974984,-1.9518226591385748,-0.8762641892980669,2035-12-17T00:00:00.000,22,3
2035-08-09T00:00:00.000,140.0,35.592796615953525,3.1828729812753416,-0.24675652887144217,-0.9788211340055666,5.605664863402392,-1.9012632537449043,-0.7446583747791378,2035-12-27T00:00:00.000,22,4
2035-08-09T00:00:00.000,150.0,33.96281026241238,2.9204153694387003,-0.36954716572870616,-1.0351939855655594,5.499521389445189,-1.8312984083234447,-0.6036728328484413,2036-01-06T00:00:00.000,22,5
2035-08-09T00:00:00.000,160.0,32.492530773806756,2.732067659357835,-0.47527970177844026,-1.0936208414983497,5.407216052015659,-1.7462660098251916,-0.45288007635591754,2036-01-16T00:00:00.000,22,6
2035-08-09T00:00:00.000,170.0,31.14112136596698,2.6046423905522396,-0.5614332535564781,-1.152950095214889,5.32289985824352,-1.6501021571753647,-0.2915841833215538,2036-01-26T00:00:00.000,22,7
2035-08-09T00:00:00.000,180.0,29.889149069422743,2.5270977385861286,-0.6261285635355573,-1.212828758856869,5.242478797047532,-1.5464432931045131,-0.11865189902345108,2036-02-05T00:00:00.000,22,8
2035-08-09T00:00:00.000,190.0,28.73185031082572,2.4901436293828283,-0.6679399994319573,-1.2736953230519892,5.16306333552205,-1.4387654770219989,0.06768460935323617,2036-02-15T00:00:00.000,22,9
2035-08-09T00:00:00.000,200.0,27.675985417140836,2.48595832170642,-0.6856799636505637,-1.3368438091774204,5.0825786172122704,-1.3305734807779643,0.2701004058639178,2036-02-25T00:00:00.000,22,10
2035-08-09T00:00:00.000,210.0,26.739664355831973,2.507974747504001,-0.6781450742227955,-1.4045979127631707,4.9994742248114115,-1.2256715420195405,0.4925962874015095,2036-03-06T00:00:00.000,22,11
2035-08-09T00:00:00.000,220.0,25.95556370781272,2.5507266543422134,-0.6437855009582459,-1.4806680588202163,4.912485081025526,-1.1285810101619411,0.7411875201433187,2036-03-16T00:00:00.000,22,12
2035-08-09T00:00:00.000,230.0,25.37954580002613,2.6097549424575313,-0.5802130585835055,-1.570834518026286,4.820391864211899,-1.045240844807502,1.0251047028533034,2036-03-26T00:00:00.000,22,13
2035-08-09T00:00:00.000,240.0,25.11019493465026,2.681603679233284,-0.4833655173277811,-1.6842684142044975,4.721698588147248,-0.9842905753244615,1.359017822056055,2036-04-05T00:00:00.000,22,14
2035-08-09T00:00:00.000,250.0,25.334241492575384,2.7640190763064467,-0.3458808593256588,-1.8362105211976536,4.614041638170253,-0.9596529626002308,1.767463562617106,2036-04-15T00:00:00.000,22,15
2035-08-09T00:00:00.000,260.0,26.44270968206902,2.8566447028066158,-0.15346502184073696,-2.0538392500743647,4.492802151913143,-0.9963398375110337,2.294503308784309,2036-04-25T00:00:00.000,22,16
2035-08-09T00:00:00.000,270.0,29.375099129653385,2.9632687711225962,0.1244222847969958,-2.3907724843901037,4.3470889552333745,-1.1454727993916158,3.027508680548303,2036-05-05T00:00:00.000,22,17
2035-08-09T00:00:00.000,280.0,36.886556477508684,3.100488802584902,0.5638029455022426,-2.969405786151012,4.14498523220583,-1.5315471350901788,4.166535404301916,2036-05-15T00:00:00.000,22,18
2035-08-09T00:00:00.000,290.0,60.131954238958585,3.343615275371274,1.410817392087548,-4.139735231619811,3.756629021050294,-2.5541027777048733,6.284604334250609,2036-05-25T00:00:00.000,22,19
2035-08-09T00:00:00.000,300.0,184.22984873086844,4.290367981954239,4.01161124062774,-7.3596613242301405,2.1843907059850025,-6.394120036643558,11.771725231735074,2036-06-04T00:00:00.000,22,20
2035-08-09T00:00:00.000,310.0,1640.7865147971877,15.354850911420476,2.5844008511738092,22.688911132534773,-15.486236344418211,-4.053515291294323,-37.209300080292444,2036-06-14T00:00:00.000,22,21
2035-08-09T00:00:00.000,320.0,150.80382087454097,4.34648290821332,-2.2847299038043154,6.939676877288404,2.222279508765162,4.538388866441707,-11.192333141772604,2036-06-24T00:00:00.000,22,22
2035-08-09T00:00:00.000,330.0,54.966652583523114,3.6836159509165025,-1.4249617078834476,3.6769432694533783,3.2433695969067244,3.593826267055043,-5.615302218368076,2036-07-04T00:00:00.000,22,23
2035-08-09T00:00:00.000,340.0,33.65073577367759,3.575107681631958,-0.8894003668276618,2.53626337668182,3.361966978757547,3.1756141346033395,-3.501912145604016,2036-07-14T00:00:00.000,22,24
2035-08-09T00:00:00.000,350.0,25.6376936992459,3.5601255997962955,-0.5015273020885012,1.9976613284504445,3.314150261665919,3.0100849774238547,-2.365056060864701,2036-07-24T00:00:00.000,22,25
2035-08-09T00:00:00.000,360.0,21.780321843930253,3.5679565131812403,-0.18060937850331982,1.7108824749169038,3.2103860172413192,2.968517392716329,-1.631455777326594,2036-08-03T00:00:00.000,22,26
2035-08-09T00:00:00.000,370.0,19.67466299653186,3.579091185370041,0.10755258065007567,1.5542165174011524,3.0796163048955165,2.996131577607109,-1.1017358943136442,2036-08-13T00:00:00.000,22,27
2035-08-09T00:00:00.000,380.0,18.473690201391367,3.5859682306574885,0.37944531217021193,1.474546385046378,2.9318092129784077,3.0665777351168018,-0.6886842052582622,2036-08-23T00:00:00.000,22,28
2035-08-09T00:00:00.000,390.0,17.82156323892491,3.584799155373697,0.6439361485518305,1.4450916131583167,2.7708624475736805,3.1658672717778167,-0.348093310819074,2036-09-02T00:00:00.000,22,29
2035-08-09T00:00:00.000,400.0,17.55206166703635,3.5732099135097055,0.9062403518674458,1.4509514843831788,2.598261425863452,3.28604080229152,-0.05509152005232032,2036-09-12T00:00:00.000,22,30
2035-08-09T00:00:00.000,410.0,17.583886939090156,3.549390966306657,1.1696749692629602,1.4832376490417118,2.4143445075850103,3.4223689601932286,0.20547077186347273,2036-09-22T00:00:00.000,22,31
2035-08-09T00:00:00.000,420.0,17.87884749039498,3.511730530151341,1.4365071036317971,1.5363812636184226,2.218798828976645,3.5719943220353514,0.4434363655295517,2036-10-02T00:00:00.000,22,32
2035-08-09T00:00:00.000,430.0,18.423515465458163,3.45864140750954,1.7084023543524438,1.606780420763803,2.010864870690888,3.7332234827372233,0.6655677014540604,2036-10-12T00:00:00.000,22,33
2035-08-09T00:00:00.000,440.0,19.22080846111917,3.388443018608884,1.9866940718348616,1.6920813472375231,1.7894131888076217,3.905138398207807,0.8767570881854745,2036-10-22T00:00:00.000,22,34
2035-08-09T00:00:00.000,450.0,20.286281893977065,3.299262463724231,2.2725322853148384,1.7907649014440779,1.5529562320360917,4.087375331415718,1.0807274103545161,2036-11-01T00:00:00.000,22,35
2035-08-09T00:00:00.000,460.0,21.64697826184497,3.1889535540520964,2.5669786013402884,1.9019024212671356,1.2996194662316398,4.279998313902272,1.280461611228727,2036-11-11T00:00:00.000,22,36
2035-08-09T00:00:00.000,470.0,23.34194272975129,3.055008239590814,2.8710758006920045,2.0250113309685593,1.0270794297000272,4.483429829824523,1.478481496630243,2036-11-21T00:00:00.000,22,37
2035-08-09T00:00:00.000,480.0,25.424113224849037,2.894448655711857,3.185901833947863,2.1599714728863244,0.7324681470777605,4.698418744447789,1.6770405302756313,2036-12-01T00:00:00.000,22,38
2035-08-09T00:00:00.000,490.0,27.963647121068064,2.703689606959827,3.512614658412696,2.306980813588244,0.4122373048279684,4.926034778002958,1.8782675239383746,2036-12-11T00:00:00.000,22,39
2035-08-09T00:00:00.000,500.0,31.0530362135109,2.4783565631909426,3.852493388564527,2.466539284016858,0.06196954957586698,5.167683909749879,2.084283809213243,2036-12-21T00:00:00.000,22,40
2035-08-09T00:00:00.000,510.0,34.8146904090184,2.2130431432874715,4.2069702801203555,2.63945142527218,-0.3238831161480782,5.425141693752085,2.2973088035362945,2036-12-31T00:00:00.000,22,41
2035-08-09T00:00:00.000,520.0,39.412145319131525,1.9009917251217878,4.57767113512013,2.8268527338275384,-0.7523653697037602,5.700603120797087,2.519765014591748,2037-01-10T00:00:00.000,22,42
2035-08-09T00:00:00.000,530.0,45.06681427467877,1.5336130041835077,4.966463602656217,3.030264025891906,-1.232539098460169,5.996747859990933,2.7543922649361203,2037-01-20T00:00:00.000,22,43
2035-08-09T00:00:00.000,540.0,52.08346463652066,1.0997989080922572,5.37547715984576,3.251658132252581,-1.77623494363473,6.316815597570777,3.004379264976068,2037-01-30T00:00:00.000,22,44
2035-08-09T00:00:00.000,550.0,60.88984478136213,0.5849265387366991,5.807098014884249,3.4935491195246278,-2.3991591496181144,6.664679241061666,3.2735196302951213,2037-02-09T00:00:00.000,22,45
2035-08-09T00:00:00.000,560.0,72.09996671461492,-0.030646280132565096,6.2638936576647835,3.7590998214746856,-3.1225605627550728,7.044884744388458,3.5663961059905294,2037-02-19T00:00:00.000,22,46
2035-08-09T00:00:00.000,570.0,86.61819525532464,-0.773905955464933,6.748362299643334,4.0522251729647545,-3.9758014138819426,7.462580420998318,3.8885848110632146,2037-03-01T00:00:00.000,22,47
2035-08-09T00:00:00.000,580.0,105.81615399389001,-1.682859508219206,7.2622813959476415,4.377627238597897,-5.000422070106431,7.923150372044837,4.24683662231646,2037-03-11T00:00:00.000,22,48
2035-08-09T00:00:00.000,590.0,131.8442912266356,-2.8124916669135764,7.805131412336403,4.740586031416805,-6.256730578178841,8.431104587786589,4.649095517250789,2037-03-21T00:00:00.000,22,49
2035-08-09T00:00:00.000,600.0,168.20154547007365,-4.244597255029781,8.370345874981691,5.146024051004034,-7.834722190325898,8.987126220461096,5.103943178366043,2037-03-31T00:00:00.000,22,50
2035-08-19T00:00:00.000,100.0,64.35830733847854,5.005011939166048,-0.06280152440000109,-0.9869928213329473,7.525438215387982,-2.443878746229636,-1.324214362776564,2035-11-27T00:00:00.000,23,0
2035-08-19T00:00:00.000,110.0,59.6550116577533,4.350442292830506,-0.21048036081048593,-1.0049073936557962,7.245318347423744,-2.399452314903762,-1.1844839765658062,2035-12-07T00:00:00.000,23,1
2035-08-19T00:00:00.000,120.0,55.9305535980358,3.8480336777828796,-0.35210557589107694,-1.0349687589330774,7.030282503476627,-2.328393164619701,-1.0412813214009269,2035-12-17T00:00:00.000,23,2
2035-08-19T00:00:00.000,130.0,52.8229177504309,3.467512716099245,-0.4825631335472913,-1.0721944801155825,6.857444913851541,-2.2360092893920367,-0.8936607083647825,2035-12-27T00:00:00.000,23,3
2035-08-19T00:00:00.000,140.0,50.11821809905762,3.185430688006644,-0.5978697634287382,-1.1129900743266408,6.711542995184896,-2.1270072266525375,-0.7411133385724824,2036-01-06T00:00:00.000,23,4
2035-08-19T00:00:00.000,150.0,47.68897172108838,2.98311090460928,-0.695076611411368,-1.1548630163389442,6.5822993406142025,-2.0055176879278456,-0.5832717334542856,2036-01-16T00:00:00.000,23,5
2035-08-19T00:00:00.000,160.0,45.45955796938284,2.8454006276739605,-0.7721113604448373,-1.1962149731023652,6.462753666991141,-1.875155521829246,-0.4197198805497475,2036-01-26T00:00:00.000,23,6
2035-08-19T00:00:00.000,170.0,43.38628878070542,2.7598399141533747,-0.8276039284437964,-1.2361921478639148,6.3481791327946695,-1.7391037608659552,-0.24985713437408563,2036-02-05T00:00:00.000,23,7
2035-08-19T00:00:00.000,180.0,41.445733735339026,2.7160992222675624,-0.8607223949548652,-1.2745940852982027,6.235362840839112,-1.6002146665127093,-0.07278048845284424,2036-02-15T00:00:00.000,23,8
2035-08-19T00:00:00.000,190.0,39.62796066214478,2.705579992121791,-0.8710016347004959,-1.311825616966598,6.122118375767702,-1.4611275671380248,0.11284275688553969,2036-02-25T00:00:00.000,23,9
2035-08-19T00:00:00.000,200.0,37.93293982617143,2.721113163454465,-0.8581699781473484,-1.348900607444653,6.006948629442114,-1.3244107981087403,0.3089401677799586,2036-03-06T00:00:00.000,23,10
2035-08-19T00:00:00.000,210.0,36.36927793832637,2.7567274249207365,-0.821965983980174,-1.3875147341334164,5.8888055512197255,-1.192743897889038,0.518275131854292,2036-03-16T00:00:00.000,23,11
2035-08-19T00:00:00.000,220.0,34.95513247223527,2.80746672926119,-0.7619255867962222,-1.4302178795325005,5.76690912972126,-1.069171831772124,0.7448242449852813,2036-03-26T00:00:00.000,23,12
2035-08-19T00:00:00.000,230.0,33.72192976204419,2.869248618672959,-0.6771043934167484,-1.4807506073538639,5.640594482028522,-0.9574932352840335,0.9943994950415522,2036-04-05T00:00:00.000,23,13
2035-08-19T00:00:00.000,240.0,32.72284101699062,2.938782821015039,-0.5656558841264774,-1.5446712480764015,5.509151920799354,-0.8629076814158942,1.2757258576578483,2036-04-15T00:00:00.000,23,14
2035-08-19T00:00:00.000,250.0,32.0509962513792,3.0135617449733516,-0.42407282463908924,-1.6305233409385442,5.371602165963708,-0.7931927790190905,1.6024143151211483,2036-04-25T00:00:00.000,23,15
2035-08-19T00:00:00.000,260.0,31.88050307137152,3.091963630048763,-0.24573038886112464,-1.7521621971947998,5.226278429575309,-0.7610495212971813,1.9968276024886809,2036-05-05T00:00:00.000,23,16
2035-08-19T00:00:00.000,270.0,32.5681395691458,3.1737059918017074,-0.017700596944933977,-1.9337614623378379,5.06985668155356,-0.7892888666092546,2.498342627162895,2036-05-15T00:00:00.000,23,17
2035-08-19T00:00:00.000,280.0,34.94351094026407,3.2613293168801736,0.28728814024087157,-2.22182180923052,4.8946324492473074,-0.9239310850033178,3.183148673437037,2036-05-25T00:00:00.000,23,18
2035-08-19T00:00:00.000,290.0,41.32248138526684,3.365648337738394,0.7352253731335718,-2.718862478373282,4.6790055532883414,-1.2739545288907799,4.219766376931592,2036-06-04T00:00:00.000,23,19
2035-08-19T00:00:00.000,300.0,60.34808938611468,3.5324818072310133,1.5286086747271526,-3.702330275932874,4.341790103907993,-2.1708716984475096,6.065003227418838,2036-06-14T00:00:00.000,23,20
2035-08-19T00:00:00.000,310.0,147.72430445060866,4.072115044274305,3.6513544179400697,-6.222482064647819,3.35515677728257,-5.221996534558031,10.449783712763026,2036-06-24T00:00:00.000,23,21
2035-08-19T00:00:00.000,320.0,2468.1450015557994,18.4069083192024,10.990114343997979,25.889283924181107,-19.629879119886255,-17.2720834520924,-42.243200405726945,2036-07-04T00:00:00.000,23,22
2035-08-19T00:00:00.000,330.0,204.478748134751,4.678578197224435,-1.922674147771211,8.495358160096485,2.3531907127152465,4.688504969412943,-13.30259984950806,2036-07-14T00:00:00.000,23,23
2035-08-19T00:00:00.000,340.0,63.86441032649384,3.8397730897317066,-1.1180869179844812,4.2280256262466915,3.564744457031722,3.8545685332702675,-6.024890762900034,2036-07-24T00:00:00.000,23,24
2035-08-19T00:00:00.000,350.0,37.37029126786685,3.6946509775437377,-0.5384011420675954,2.8847376731989023,3.648574903502059,3.3801733254632644,-3.5542398246641156,2036-08-03T00:00:00.000,23,25
2035-08-19T00:00:00.000,360.0,27.984732260036452,3.6474417654069047,-0.11783324027824094,2.2800989644040666,3.557092250911708,3.1739943779211046,-2.292942796378826,2036-08-13T00:00:00.000,23,26
2035-08-19T00:00:00.000,370.0,23.513815005619865,3.6207778533002086,0.22778506482337235,1.9669929780997553,3.410808675793234,3.100948731340086,-1.5047644826861717,2036-08-23T00:00:00.000,23,27
2035-08-19T00:00:00.000,380.0,21.00735078288979,3.5948987482387813,0.5354884765649679,1.7991435607570558,3.238773356918781,3.101248667955552,-0.94865938297513,2036-09-02T00:00:00.000,23,28
2035-08-19T00:00:00.000,390.0,19.476457901068095,3.5624449760979537,0.8231370979876615,1.714967350365205,3.050416609584982,3.1461011224426727,-0.5229379852344955,2036-09-12T00:00:00.000,23,29
2035-08-19T00:00:00.000,400.0,18.519394566066104,3.51976777487389,1.1002772116990371,1.684145399169605,2.8491850144285458,3.220264478689799,-0.17730202173305365,2036-09-22T00:00:00.000,23,30
2035-08-19T00:00:00.000,410.0,17.952778164573996,3.4645389081695472,1.3724621051650523,1.6900804746208493,2.6362123462403773,3.315071307579661,0.1160381651262945,2036-10-02T00:00:00.000,23,31
2035-08-19T00:00:00.000,420.0,17.6882208481629,3.3949319802499067,1.6431592233215149,1.7229752737224917,2.411542142458117,3.4253446520186444,0.3737637732561634,2036-10-12T00:00:00.000,23,32
2035-08-19T00:00:00.000,430.0,17.684416260752844,3.309269303292817,1.9146885043895985,1.7767327696801347,2.174589584676742,3.547907040936874,0.6065740085421041,2036-10-22T00:00:00.000,23,33
2035-08-19T00:00:00.000,440.0,17.926578087827966,3.205832823868043,2.1887001100750823,1.847418130992927,1.9243226443777388,3.6808045357889156,0.8217289197045314,2036-11-01T00:00:00.000,23,34
2035-08-19T00:00:00.000,450.0,18.41717459188999,3.0827528862991738,2.4664386450411655,1.9324388288389045,1.6593219055042638,3.8228791572625305,1.0244121996400732,2036-11-11T00:00:00.000,23,35
2035-08-19T00:00:00.000,460.0,19.17192490440074,2.937919226825141,2.748901372925225,2.030084119954095,1.3777772915711886,3.973523299580883,1.2185102490005377,2036-11-21T00:00:00.000,23,36
2035-08-19T00:00:00.000,470.0,20.218614352461316,2.76889205921716,3.0369367318942526,2.1392557212608514,1.0774434084589437,4.132535003517962,1.4070836857587725,2036-12-01T00:00:00.000,23,37
2035-08-19T00:00:00.000,480.0,21.597741062544937,2.5728011131885964,3.3313074024468765,2.259306155663615,0.7555594006724959,4.300032244082871,1.5926687522670822,2036-12-11T00:00:00.000,23,38
2035-08-19T00:00:00.000,490.0,23.36468896628451,2.3462206022944336,3.6327322809055875,2.3899414360533333,0.40873063257078357,4.47640346435314,1.7774814374867614,2036-12-21T00:00:00.000,23,39
2035-08-19T00:00:00.000,500.0,25.593525425524362,2.085011305156005,3.941906351302457,2.531160944261144,0.03276333467938031,4.662281027493009,1.9635650256876591,2036-12-31T00:00:00.000,23,40
2035-08-19T00:00:00.000,510.0,28.38286237930021,1.7841260035491722,4.259518389326473,2.6832286108788352,-0.37756390874726975,4.8585293211836245,2.152905178894482,2037-01-10T00:00:00.000,23,41
2035-08-19T00:00:00.000,520.0,31.86462989700611,1.437314937291596,4.586267738250378,2.8466724021064835,-0.8288183409384171,5.066241337649966,2.3475282242002713,2037-01-20T00:00:00.000,23,42
2035-08-19T00:00:00.000,530.0,36.217193683304025,1.0367201182110577,4.922847270789083,3.022291202638638,-1.3293594552577677,5.286735773042835,2.5495925141186717,2037-01-30T00:00:00.000,23,43
2035-08-19T00:00:00.000,540.0,41.68521824259577,0.5723136255009571,5.269904059312751,3.211175970992912,-1.8899751167862675,5.521543637126186,2.7614793433657674,2037-02-09T00:00:00.000,23,44
2035-08-19T00:00:00.000,550.0,48.61035011809597,0.031078354239095773,5.627953641019393,3.414741376398129,-2.5248052845572673,5.772364216726523,2.9858867598458705,2037-02-19T00:00:00.000,23,45
2035-08-19T00:00:00.000,560.0,57.47978582549485,-0.6042107058415986,5.997195919449638,3.634756017419206,-3.252710720584325,6.040949863054177,3.2259236732688468,2037-03-01T00:00:00.000,23,46
2035-08-19T00:00:00.000,570.0,69.0053449914278,-1.3568346792478394,6.3771368448514645,3.873345830951144,-4.099346213409447,6.328836007692036,3.485188718243842,2037-03-11T00:00:00.000,23,47
2035-08-19T00:00:00.000,580.0,84.25634946601383,-2.259001173301737,6.765813432973884,4.132910870401157,-5.1003752751223566,6.636738817645675,3.7677870674030203,2037-03-21T00:00:00.000,23,48
2035-08-19T00:00:00.000,590.0,104.8908513382667,-3.356387779505571,7.158181498060384,4.415803696419221,-6.306573446902677,6.963231392159287,4.07816028085413,2037-03-31T00:00:00.000,23,49
2035-08-19T00:00:00.000,600.0,133.5734596005563,-4.715476477453464,7.542729487227816,4.723418448486759,-7.792106696980726,7.30181805762712,4.42040562355254,2037-04-10T00:00:00.000,23,50
2035-08-29T00:00:00.000,100.0,89.43380570716933,4.875757446863741,-0.5588099323629478,-1.173451250874793,8.93883643882281,-2.7764488626493815,-1.3499409395361877,2035-12-07T00:00:00.000,24,0
2035-08-29T00:00:00.000,110.0,83.06684387730826,4.309072016364491,-0.6855926929232439,-1.1831721251884826,8.642175251918,-2.6447582014720616,-1.1768198027695593,2035-12-17T00:00:00.000,24,1
2035-08-29T00:00:00.000,120.0,77.83396681692219,3.883290728340029,-0.8010629445967901,-1.2016745703737417,8.401547933835323,-2.4974777506831245,-1.0052681320087569,2035-12-27T00:00:00.000,24,2
2035-08-29T00:00:00.000,130.0,73.3505323449943,3.568886992606309,-0.9010689202555611,-1.2244418656732474,8.196644039402186,-2.3387773264595317,-0.8340740096452652,2036-01-06T00:00:00.000,24,3
2035-08-29T00:00:00.000,140.0,69.38373770938557,3.3430897932399617,-0.9826673739744489,-1.248339185886528,8.01411620499177,-2.1722793696677236,-0.6624813222951005,2036-01-16T00:00:00.000,24,4
2035-08-29T00:00:00.000,150.0,65.7903415370012,3.187904868576865,-1.043920840128937,-1.2712812123284336,7.845123944495624,-2.001087947121036,-0.4899171974829475,2036-01-26T00:00:00.000,24,5
2035-08-29T00:00:00.000,160.0,62.48143609707129,3.0888566780897193,-1.0836941637132815,-1.2919963729146726,7.683791827331378,-1.827849540712215,-0.3158248055884183,2036-02-05T00:00:00.000,24,6
2035-08-29T00:00:00.000,170.0,59.40187278426657,3.034163750338635,-1.1014749323863748,-1.3098669380630483,7.526216521413032,-1.6548302656667495,-0.13955088286862782,2036-02-15T00:00:00.000,24,7
2035-08-29T00:00:00.000,180.0,56.51799689548106,3.0141699985920383,-1.097200616840062,-1.324815422036582,7.369813775270332,-1.4840021239667571,0.039743041892490893,2036-02-25T00:00:00.000,24,8
2035-08-29T00:00:00.000,190.0,53.81031723822045,3.0209283314165347,-1.0711004750545987,-1.3372328683294163,7.212881798752948,-1.317136983899104,0.22316711470122108,2036-03-06T00:00:00.000,24,9
2035-08-29T00:00:00.000,200.0,51.269262212851615,3.0478861239999198,-1.0235506846278435,-1.3479495110875148,7.054304901164118,-1.155911119081967,0.4122063306721415,2036-03-16T00:00:00.000,24,10
2035-08-29T00:00:00.000,210.0,48.89303118192898,3.0896377460714923,-0.9549362703455866,-1.3582515522038916,6.893348773548839,-1.002028310510802,0.6088621626251456,2036-03-26T00:00:00.000,24,11
2035-08-29T00:00:00.000,220.0,46.687103831197746,3.1417239376661463,-0.8655120743582638,-1.3699593933702314,6.7295152017003605,-0.8573772647924116,0.8158634733204995,2036-04-05T00:00:00.000,24,12
2035-08-29T00:00:00.000,230.0,44.6654304174427,3.200483016254953,-0.7552420779273294,-1.3855955110710767,6.562432888646528,-0.7242519309772177,1.036997656665072,2036-04-15T00:00:00.000,24,13
2035-08-29T00:00:00.000,240.0,42.85391351776852,3.262938748662755,-0.6235568391120614,-1.4086790360434964,6.391764704493999,-0.605689133401512,1.2776533778112835,2036-04-25T00:00:00.000,24,14
2035-08-29T00:00:00.000,250.0,41.29787856221105,3.3267006685384537,-0.4689924338685163,-1.444265718810025,6.217110825413338,-0.5060324410840842,1.54574988769523,2036-05-05T00:00:00.000,24,15
2035-08-29T00:00:00.000,260.0,40.07764374704067,3.389924975726206,-0.2885669011905261,-1.4999534693891965,6.037873110272619,-0.43195094635820297,1.8534158818861375,2036-05-15T00:00:00.000,24,16
2035-08-29T00:00:00.000,270.0,39.3426580347824,3.4513597227975286,-0.0765546402897872,-1.5878317209867756,5.8530048165238835,-0.39444250580193696,2.2202269618548716,2036-05-25T00:00:00.000,24,17
2035-08-29T00:00:00.000,280.0,39.39364640943597,3.5105794230755833,0.1781648878633515,-1.7285775971363533,5.660442473455019,-0.41318092335535184,2.6799848765837506,2036-06-04T00:00:00.000,24,18
2035-08-29T00:00:00.000,290.0,40.90822475673036,3.5687743851110003,0.49861966640336597,-1.9610197978752941,5.455564541945636,-0.5272014563396219,3.296528311698422,2036-06-14T00:00:00.000,24,19
2035-08-29T00:00:00.000,300.0,45.6882448764414,3.6315730496348486,0.9387244117474651,-2.3679769724411877,5.22606930013354,-0.8260520522848012,4.206433471904578,2036-06-24T00:00:00.000,24,20
2035-08-29T00:00:00.000,310.0,59.94829169166786,3.7219668912361463,1.654702534454195,-3.162490399174903,4.929256394156601,-1.5670575653685468,5.761514877109606,2036-07-04T00:00:00.000,24,21
2035-08-29T00:00:00.000,320.0,118.03556036128607,3.976402078044109,3.3221702434038036,-5.086432985472892,4.326562985076071,-3.860377617968723,9.187703616472499,2036-07-14T00:00:00.000,24,22
2035-08-29T00:00:00.000,330.0,782.4532933670616,6.728244262104503,13.149526754668349,-11.46860414981439,-0.5409902218824225,-19.55135482508968,19.997628545663403,2036-07-24T00:00:00.000,24,23
2035-08-29T00:00:00.000,340.0,293.7036026559626,4.9692820704113005,-1.333458812584805,10.649926596281443,2.5221379144350564,4.649364252493452,-16.30109919742125,2036-08-03T00:00:00.000,24,24
2035-08-29T00:00:00.000,350.0,73.56653242670365,3.942190690038795,-0.7465304226586156,4.798884571796295,3.9276415979943398,4.182737694415252,-6.3753328763387636,2036-08-13T00:00:00.000,24,25
2035-08-29T00:00:00.000,360.0,41.020892047563606,3.7698185647890416,-0.12207088546144007,3.210381752466758,3.9525287550701105,3.639288828149059,-3.4862566332983835,2036-08-23T00:00:00.000,24,26
2035-08-29T00:00:00.000,370.0,30.40517216573407,3.6911605913212413,0.32830338279079996,2.5382448842649072,3.8086190769061776,3.385785707388415,-2.106192782345609,2036-09-02T00:00:00.000,24,27
2035-08-29T00:00:00.000,380.0,25.447083717092415,3.6279871883339636,0.6941158167044037,2.201975574242601,3.6162469939339026,3.2774090907147553,-1.2760999365475687,2036-09-12T00:00:00.000,24,28
2035-08-29T00:00:00.000,390.0,22.612692773506854,3.5620694455571162,1.0164099776390039,2.0259471044387682,3.401425175849699,3.2473149215287513,-0.7056524264958064,2036-09-22T00:00:00.000,24,29
2035-08-29T00:00:00.000,400.0,20.789508691227347,3.4868376748802423,1.314757395690009,1.9394351952267508,3.1719469169078085,3.2636045684080237,-0.2777528912768865,2036-10-02T00:00:00.000,24,30
2035-08-29T00:00:00.000,410.0,19.54428329632528,3.39900695035971,1.5994409295000267,1.9085935473243936,2.930355461517067,3.309565821131592,0.06382978207662049,2036-10-12T00:00:00.000,24,31
2035-08-29T00:00:00.000,420.0,18.685324374887642,3.2963974766889486,1.8763361083148595,1.9152490304143601,2.6772190230382105,3.3757473378371543,0.3495033456997767,2036-10-22T00:00:00.000,24,32
2035-08-29T00:00:00.000,430.0,18.122575169776276,3.1771910203878715,2.149028626128718,1.9488140481182814,2.4121710943465864,3.456492683695995,0.597213620851976,2036-11-01T00:00:00.000,24,33
2035-08-29T00:00:00.000,440.0,17.815096504997413,3.039627631402597,2.419822291938427,2.002741221371333,2.134285300668317,3.5482816509836823,0.818303174649273,2036-11-11T00:00:00.000,24,34
2035-08-29T00:00:00.000,450.0,17.749152446845013,2.8818490453294388,2.6902595363446977,2.0728027999213694,1.842209929116832,3.6488735404195403,1.0203611664183132,2036-11-21T00:00:00.000,24,35
2035-08-29T00:00:00.000,460.0,17.928600496244826,2.701793300273353,2.961405863833953,2.1561876664090134,1.53419859204004,3.756835829558945,1.208726489396728,2036-12-01T00:00:00.000,24,36
2035-08-29T00:00:00.000,470.0,18.370904523478348,2.497103852822029,3.2340110672393294,2.2509972729847574,1.2080850935725458,3.8712707723027577,1.38733468841537,2036-12-11T00:00:00.000,24,37
2035-08-29T00:00:00.000,480.0,19.10613661363682,2.265033700302464,3.508602524337176,2.3559503571002063,0.8612187256086994,3.991649145022702,1.559222890845719,2036-12-21T00:00:00.000,24,38
2035-08-29T00:00:00.000,490.0,20.1779403928981,2.0023357513382827,3.785529703930374,2.470199846202857,0.4903627321815591,4.117703923247046,1.7268466012536923,2036-12-31T00:00:00.000,24,39
2035-08-29T00:00:00.000,500.0,21.64617757246449,1.705140515167031,4.064990337711036,2.5932208914005352,0.09155037586560866,4.249357670102999,1.8922884274550142,2037-01-10T00:00:00.000,24,40
2035-08-29T00:00:00.000,510.0,23.591436653630474,1.368767407920732,4.347045595418266,2.7247479521873874,-0.3401147759681322,4.38666743217858,2.0574030796765133,2037-01-20T00:00:00.000,24,41
2035-08-29T00:00:00.000,520.0,26.121978579310387,0.9874748317649029,4.631596203130814,2.8647291037436773,-0.8107337104945724,4.529774142872441,2.223923479920641,2037-01-30T00:00:00.000,24,42
2035-08-29T00:00:00.000,530.0,29.384194152183177,0.5541307683755612,4.918336910171016,3.0132980140784538,-1.3279934415719357,4.678844250023367,2.3935421565847506,2037-02-09T00:00:00.000,24,43
2035-08-29T00:00:00.000,540.0,33.578411147617764,0.05974622338590052,5.206675698264043,3.1707566517556787,-1.90170423996741,4.833987397269421,2.5679754621779676,2037-02-19T00:00:00.000,24,44
2035-08-29T00:00:00.000,550.0,38.9831607762378,-0.5071969304377291,5.495587813286527,3.337558044818627,-2.5445685703746346,4.995124062205672,2.7490120352725445,2037-03-01T00:00:00.000,24,45
2035-08-29T00:00:00.000,560.0,45.993254591425234,-1.1617284459378858,5.783357209851007,3.5142739242317775,-3.2733021466773256,5.161757051016984,2.938539057807347,2037-03-11T00:00:00.000,24,46
2035-08-29T00:00:00.000,570.0,55.18112540808578,-1.923857992343251,6.067112063892089,3.7015195571264385,-4.110301744006914,5.332560421631165,3.1385258212976925,2037-03-21T00:00:00.000,24,47
2035-08-29T00:00:00.000,580.0,67.39865349067142,-2.8208000880815653,6.341965238483776,3.8997720295371114,-5.086179369165086,5.504616623387989,3.3509146131871965,2037-03-31T00:00:00.000,24,48
2035-08-29T00:00:00.000,590.0,83.9519573237433,-3.890413970198388,6.599418642811524,4.108965108937754,-6.243696771061421,5.671958264804367,3.577303089912556,2037-04-10T00:00:00.000,24,49
2035-08-29T00:00:00.000,600.0,106.91269872208207,-5.186666292120936,6.824247908622835,4.32756566488579,-7.643999636734037,5.822688903545497,3.8181490552648825,2037-04-20T00:00:00.000,24,50
2035-09-08T00:00:00.000,100.0,123.4910073471118,4.9886919155085305,-1.1162285447518006,-1.373457678247183,10.675299546480073,-2.8204881525538603,-1.2545252174976316,2035-12-17T00:00:00.000,25,0
2035-09-08T00:00:00.000,110.0,114.61280983440012,4.48782250246882,-1.204949876856249,-1.3678697337977184,10.331526777740667,-2.6019582234647203,-1.0498465023859485,2035-12-27T00:00:00.000,25,1
2035-09-08T00:00:00.000,120.0,107.18128164794044,4.1190051306769995,-1.2799698586874566,-1.3688576699451414,10.039303715481303,-2.3805751285410715,-0.8523641320676294,2036-01-06T00:00:00.000,25,2
2035-09-08T00:00:00.000,130.0,100.74582107653491,3.8530245408324433,-1.337668692486254,-1.3722330822577806,9.780041710750801,-2.1588225714970903,-0.6603713480339319,2036-01-16T00:00:00.000,25,3
2035-09-08T00:00:00.000,140.0,95.02585770639388,3.6675175262247457,-1.375764020153909,-1.37519820447014,9.541658401453315,-1.938858762417592,-0.47269372300228163,2036-01-26T00:00:00.000,25,4
2035-09-08T00:00:00.000,150.0,89.84256204567986,3.5449626363443407,-1.3930008753857264,-1.375969763944485,9.316242338835249,-1.722499782911143,-0.28841849393623065,2036-02-05T00:00:00.000,25,5
2035-09-08T00:00:00.000,160.0,85.07975103842934,3.4714114910500236,-1.388903715592014,-1.3735267875291222,9.098598258735734,-1.511247476227652,-0.1067325168631239,2036-02-15T00:00:00.000,25,6
2035-09-08T00:00:00.000,170.0,80.66074534116864,3.4356449047334294,-1.363561066799916,-1.367429808830479,8.885317559093973,-1.3063390227500733,0.0731817795993468,2036-02-25T00:00:00.000,25,7
2035-09-08T00:00:00.000,180.0,76.53434499420615,3.428578151575138,-1.3174445860156296,-1.3576931266878665,8.674172923912973,-1.108807197505861,0.2522214880227356,2036-03-06T00:00:00.000,25,8
2035-09-08T00:00:00.000,190.0,72.66622137993976,3.4428259520109066,-1.2512584140374412,-1.3447000744642081,8.46371818275438,-0.919546414207641,0.43142820372631263,2036-03-16T00:00:00.000,25,9
2035-09-08T00:00:00.000,200.0,69.03365225376187,3.4723702089516415,-1.165812987268305,-1.32915440630035,8.253020628134859,-0.739384052039803,0.6120571778286497,2036-03-26T00:00:00.000,25,10
2035-09-08T00:00:00.000,210.0,65.6224277987334,3.5122968671191934,-1.0619201445833304,-1.3120689747398233,8.041480130277087,-0.5691604054451886,0.7956642168438091,2036-04-05T00:00:00.000,25,11
2035-09-08T00:00:00.000,220.0,62.425284603592374,3.558597784920387,-0.9402999052804848,-1.294796963310845,7.828705206566469,-0.4098244038871961,0.9842272858694479,2036-04-15T00:00:00.000,25,12
2035-09-08T00:00:00.000,230.0,59.441590773549066,3.608014827316161,-0.8014622638425326,-1.279101028132449,7.614425785605209,-0.26255864653123595,1.1803277876044636,2036-04-25T00:00:00.000,25,13
2035-09-08T00:00:00.000,240.0,56.67836048285072,3.6578928999198865,-0.6455776037562995,-1.2672967117858378,7.398429711269922,-0.12895886407510204,1.3874321250517578,2036-05-05T00:00:00.000,25,14
2035-09-08T00:00:00.000,250.0,54.15309680537634,3.7060738042690122,-0.47230362047208274,-1.2625149914397849,7.180511689419235,-0.011311969428074775,1.6103480129579832,2036-05-15T00:00:00.000,25,15
2035-09-08T00:00:00.000,260.0,51.89976995324348,3.750816800944561,-0.28049853945334746,-1.2691578804050074,6.960422773342475,0.08694003813623752,1.8559973597362145,2036-05-25T00:00:00.000,25,16
2035-09-08T00:00:00.000,270.0,49.98106309154324,3.7907451023572705,-0.0677140577622648,-1.2937238327795555,6.7378038380462515,0.16036722544361837,2.134793874020618,2036-06-04T00:00:00.000,25,17
2035-09-08T00:00:00.000,280.0,48.51465261475629,3.824831771567723,0.17078535586860966,-1.3463837165475931,6.512068854745395,0.1999355056594574,2.463257525998447,2036-06-14T00:00:00.000,25,18
2035-09-08T00:00:00.000,290.0,47.73470034422286,3.8524654387820085,0.44410599412478113,-1.4442249163491923,6.282149639203852,0.1895694458279671,2.8693831532373384,2036-06-24T00:00:00.000,25,19
2035-09-08T00:00:00.000,300.0,48.15462627230055,3.873738077458965,0.7707002017821605,-1.618637928246601,6.045828390551461,0.09794128093463428,3.4048484327193425,2036-07-04T00:00:00.000,25,20
2035-09-08T00:00:00.000,310.0,51.07951336234666,3.890526546387777,1.1923024988437128,-1.9345913121614027,5.7976207934225945,-0.1445023144110209,4.176867914975345,2036-07-14T00:00:00.000,25,21
2035-09-08T00:00:00.000,320.0,60.69406985665775,3.911193565277607,1.8231919231265827,-2.551813802797988,5.520032544678046,-0.7266784422534762,5.449334730397558,2036-07-24T00:00:00.000,25,22
2035-09-08T00:00:00.000,330.0,97.19908897118971,3.9817404056200596,3.106756767754515,-3.98766912724313,5.127667552032666,-2.379610481348024,8.077349095097949,2036-08-03T00:00:00.000,25,23
2035-09-08T00:00:00.000,340.0,406.8307842297728,4.710618437382187,8.821828986796682,-8.80787236525879,3.5571954322117465,-11.331006014022021,16.302927577494216,2036-08-13T00:00:00.000,25,24
2035-09-08T00:00:00.000,350.0,463.1924561047839,5.1465887300044475,-0.22249057107472225,13.885464827610885,2.8579343943001527,4.004760881754574,-20.952006046739974,2036-08-23T00:00:00.000,25,25
2035-09-08T00:00:00.000,360.0,84.34787385689418,3.97469926520804,-0.3080881457079059,5.372103001786737,4.36277059835608,4.642245715600641,-6.615410892680923,2036-09-02T00:00:00.000,25,26
2035-09-08T00:00:00.000,370.0,45.07181319066171,3.790373276348409,0.36664182012092184,3.4950782449551188,4.295536057233533,4.008454387430891,-3.2484575717645345,2036-09-12T00:00:00.000,25,27
2035-09-08T00:00:00.000,380.0,33.55551210797594,3.680882194441572,0.8441364480816418,2.7612416551244907,4.091029246200523,3.700129054939353,-1.7686256787408503,2036-09-22T00:00:00.000,25,28
2035-09-08T00:00:00.000,390.0,28.289933898401515,3.5783837210289824,1.2248948491421423,2.409305416487725,3.850228848868489,3.5530477053771996,-0.9173460159918729,2036-10-02T00:00:00.000,25,29
2035-09-08T00:00:00.000,400.0,25.204878960135957,3.4685629712409005,1.555931109193974,2.230558721245975,3.5921009031053446,3.4899228233579542,-0.3494692390625733,2036-10-12T00:00:00.000,25,30
2035-09-08T00:00:00.000,410.0,23.112914391725727,3.346314027033312,1.8589892154053658,2.145282692020211,3.3216781740520096,3.4748933846548837,0.0669661484181514,2036-10-22T00:00:00.000,25,31
2035-09-08T00:00:00.000,420.0,21.574546307218,3.2089262340962694,2.1451704953647024,2.1165584416129013,3.0402092536395147,3.4895649040751415,0.3932057750716691,2036-11-01T00:00:00.000,25,32
2035-09-08T00:00:00.000,430.0,20.402802579261053,3.0544232275429817,2.4206217153563774,2.124978796619998,2.747536601120385,3.5236575473002,0.6615759171245852,2036-11-11T00:00:00.000,25,33
2035-09-08T00:00:00.000,440.0,19.513074977476602,2.8810189624299305,2.6889479930972833,2.159384089885682,2.4428087951822564,3.571028132267543,0.8907964112021336,2036-11-21T00:00:00.000,25,34
2035-09-08T00:00:00.000,450.0,18.868973750375268,2.686888372145704,2.9523363201296178,2.2129149488921627,2.1247173360281133,3.627806358019104,1.092506760195576,2036-12-01T00:00:00.000,25,35
2035-09-08T00:00:00.000,460.0,18.460498711450104,2.4700409105077625,3.212118856689468,2.2811342676517024,1.7915645010052748,3.691445567499052,1.2743723837165604,2036-12-11T00:00:00.000,25,36
2035-09-08T00:00:00.000,470.0,18.294828826302886,2.2282262876624053,3.4690709424540156,2.361054704149163,1.4412561245826927,3.7602031946276533,1.4416939844390537,2036-12-21T00:00:00.000,25,37
2035-09-08T00:00:00.000,480.0,18.392775773936904,1.958847942988804,3.723564503602443,2.4505961843426682,1.0712504511948095,3.832836640502908,1.5982995751642441,2036-12-31T00:00:00.000,25,38
2035-09-08T00:00:00.000,490.0,18.78825117616664,1.6588820700406686,3.975653797908107,2.5482699104345494,0.6784712670820285,3.9084121243614263,1.747066851055033,2037-01-10T00:00:00.000,25,39
2035-09-08T00:00:00.000,500.0,19.52977394760732,1.3247511751139491,4.2251237954217835,2.6529913887140344,0.25918209987499097,3.9861732875269134,1.890243663795383,2037-01-20T00:00:00.000,25,40
2035-09-08T00:00:00.000,510.0,20.683827997034907,0.9521646428883095,4.471485924217327,2.763953369188936,-0.19118659361639878,4.065438306937015,2.0296519543866047,2037-01-30T00:00:00.000,25,41
2035-09-08T00:00:00.000,520.0,22.340374371981433,0.5359207139719686,4.71394730830678,2.8805397547625327,-0.6782731227077834,4.145504684088817,2.166820448766197,2037-02-09T00:00:00.000,25,42
2035-09-08T00:00:00.000,530.0,24.621295748743332,0.06963286168101845,4.951348498463339,3.0022633399443444,-1.2091085119993235,4.2255435646541315,2.3030705456334086,2037-02-19T00:00:00.000,25,43
2035-09-08T00:00:00.000,540.0,27.69318086037586,-0.45465432707935705,5.182052287166618,3.128712312873975,-1.7925667742462572,4.304462513637635,2.4395671109712485,2037-03-01T00:00:00.000,25,44
2035-09-08T00:00:00.000,550.0,31.786852950144826,-1.0470093645679839,5.403758846309415,3.2594915152239987,-2.4399999154550303,4.3807065984225275,2.577336427644168,2037-03-11T00:00:00.000,25,45
2035-09-08T00:00:00.000,560.0,37.22775612911416,-1.7204015831716326,5.613198981576818,3.3941406779545207,-3.166148581885441,4.451948673713627,2.71724351009593,2037-03-21T00:00:00.000,25,46
2035-09-08T00:00:00.000,570.0,44.484379943410175,-2.49184733895747,5.805610753026548,3.5319942101997195,-3.9904713043970057,4.5145827611215985,2.8599058035498164,2037-03-31T00:00:00.000,25,47
2035-09-08T00:00:00.000,580.0,54.247622336590624,-3.3841069967287716,5.973862398530204,3.6719368989456362,-4.939121869788301,4.5628623577855265,3.005492404893655,2037-04-10T00:00:00.000,25,48
2035-09-08T00:00:00.000,590.0,67.56506782973067,-4.428290201012679,6.106893555243284,3.8119364409596947,-6.047949782950633,4.587380534585279,3.1533016163294842,2037-04-20T00:00:00.000,25,49
2035-09-08T00:00:00.000,600.0,86.07625389734156,-5.667839051355884,6.186838416925175,3.948099635236714,-7.367129177952424,4.572287254932164,3.300886370520576,2037-04-30T00:00:00.000,25,50
2035-09-18T00:00:00.000,100.0,166.10826404193318,5.357766333319013,-1.6850786888409033,-1.5668640959523845,12.60593256486727,-2.4898071008481075,-0.9997943851204756,2035-12-27T00:00:00.000,26,0
2035-09-18T00:00:00.000,110.0,153.85163771077328,4.897677175290449,-1.7238622940893986,-1.5412258945503012,12.184544141957728,-2.190715285134388,-0.7676511596652826,2036-01-06T00:00:00.000,26,1
2035-09-18T00:00:00.000,120.0,143.51530713771066,4.563787728466647,-1.7486377159296005,-1.5207999353869655,11.815059737120572,-1.90231323641164,-0.5485206436918464,2036-01-16T00:00:00.000,26,2
2035-09-18T00:00:00.000,130.0,134.53881013851534,4.3266515082874015,-1.7560084085598096,-1.5016354272678702,11.479651058728834,-1.6250487265667282,-0.3400563844793698,2036-01-26T00:00:00.000,26,3
2035-09-18T00:00:00.000,140.0,126.56461505443474,4.1639187982628485,-1.7440799018972015,-1.4811870537510625,11.166778354161952,-1.3593820668194816,-0.14055831481777226,2036-02-05T00:00:00.000,26,4
2035-09-18T00:00:00.000,150.0,119.35823889671072,4.0582608505038955,-1.7120475690798527,-1.4579077658093795,10.868903309414616,-1.1056884376616907,0.051311072177199435,2036-02-15T00:00:00.000,26,5
2035-09-18T00:00:00.000,160.0,112.7620419799797,3.9960451839800406,-1.6598776030866222,-1.4309693322318076,10.581073827788506,-0.8642302728067577,0.2366953029384966,2036-02-25T00:00:00.000,26,6
2035-09-18T00:00:00.000,170.0,106.66758093786811,3.9664407036697256,-1.588060563209906,-1.4000670138536269,10.300026657102533,-0.6351654290943038,0.4166493472079029,2036-03-06T00:00:00.000,26,7
2035-09-18T00:00:00.000,180.0,100.998628596562,3.9607873900397337,-1.497420986329133,-1.3652837744651163,10.023607672824568,-0.4185731441306224,0.5922113987986588,2036-03-16T00:00:00.000,26,8
2035-09-18T00:00:00.000,190.0,95.70054683042396,3.9721322342377405,-1.388970450830634,-1.326997499496933,9.750391991736771,-0.21448888085873108,0.7644588660532126,2036-03-26T00:00:00.000,26,9
2035-09-18T00:00:00.000,200.0,90.7335702596139,3.9948742431827817,-1.263797806378689,-1.2858245085802837,9.479432496022394,-0.022944617231381415,0.9345605157017154,2036-04-05T00:00:00.000,26,10
2035-09-18T00:00:00.000,210.0,86.06857459755922,4.024500336799424,-1.12298686757698,-1.2425961447997824,9.210091863044179,0.15598570287538394,1.103834649005508,2036-04-15T00:00:00.000,26,11
2035-09-18T00:00:00.000,220.0,81.68449116414223,4.057380496344756,-0.9675284376267879,-1.198352163980175,8.941929079335916,0.32213270279613226,1.2738233888802046,2036-04-25T00:00:00.000,26,12
2035-09-18T00:00:00.000,230.0,77.56692500524312,4.090582955525917,-0.7982493644955237,-1.1543684736792756,8.674623073041632,0.4751632138236914,1.4463953353511698,2036-05-05T00:00:00.000,26,13
2035-09-18T00:00:00.000,240.0,73.70777021806924,4.121736464171914,-0.6157457863934575,-1.1122299751558105,8.407921041869129,0.6144868502638658,1.623896512286537,2036-05-15T00:00:00.000,26,14
2035-09-18T00:00:00.000,250.0,70.10585365941479,4.148920375489823,-0.4202910148883383,-1.0739558448803521,8.141602545114983,0.7391187108011081,1.809382543337847,2036-05-25T00:00:00.000,26,15
2035-09-18T00:00:00.000,260.0,66.76897288708803,4.170573908522774,-0.21170079897445326,-1.0422145086854835,7.87545356139619,0.8474631960271708,2.00699033898011,2036-06-04T00:00:00.000,26,16
2035-09-18T00:00:00.000,270.0,63.71827083173965,4.185421226426131,0.010886951236454223,-1.0206932811363023,7.6092457107168645,0.9369517347894813,2.2225597837519757,2036-06-14T00:00:00.000,26,17
2035-09-18T00:00:00.000,280.0,60.997157317873175,4.1924079839689234,0.24940137530906803,-1.0147567666947621,7.342715525584209,1.0033960850262638,2.464727637036546,2036-06-24T00:00:00.000,26,18
2035-09-18T00:00:00.000,290.0,58.69014748052105,4.190649347677802,0.50757976633132,-1.0326875519943872,7.075535695643271,1.0397496290339987,2.74697339068339,2036-07-04T00:00:00.000,26,19
2035-09-18T00:00:00.000,300.0,56.96584949022144,4.179408857123468,0.792521951439447,-1.0881921452862722,6.8072590239829385,1.0335251641178793,3.091747047505569,2036-07-14T00:00:00.000,26,20
2035-09-18T00:00:00.000,310.0,56.18693382169475,4.158104127176875,1.118336109122069,-1.205958704408256,6.53717834628025,0.9607960882995386,3.539647435455638,2036-07-24T00:00:00.000,26,21
2035-09-18T00:00:00.000,320.0,57.240505149957656,4.126407977725645,1.5159164999080588,-1.4357482153930743,6.263898004514596,0.7700608635383794,4.172660207282908,2036-08-03T00:00:00.000,26,22
2035-09-18T00:00:00.000,330.0,62.794681653107205,4.084892335160996,2.0655026647167816,-1.8952713535718058,5.983639025197986,0.3285472528714486,5.184862811286864,2036-08-13T00:00:00.000,26,23
2035-09-18T00:00:00.000,340.0,84.33109552812031,4.039491022724991,3.0499001895345863,-2.943174092859998,5.680300110326792,-0.8303783323917919,7.167688470478888,2036-08-23T00:00:00.000,26,24
2035-09-18T00:00:00.000,350.0,229.27398946805323,4.067775445886367,6.405012018889682,-6.290134900680766,5.195581355146736,-5.89812739449134,12.941870695091017,2036-09-02T00:00:00.000,26,25
2035-09-18T00:00:00.000,360.0,833.9163380908252,4.906073094397763,2.4046531434139204,19.05010942883186,3.723750518657995,1.1500691693296083,-28.61341225843882,2036-09-12T00:00:00.000,26,26
2035-09-18T00:00:00.000,370.0,94.543344034906,3.9175937193017796,0.19951727931544738,5.904494729961845,4.751507215134982,5.252461785819939,-6.661694109453498,2036-09-22T00:00:00.000,26,27
2035-09-18T00:00:00.000,380.0,48.727849070865744,3.741637673373854,0.9358933838068069,3.7129315975491304,4.552295460215902,4.496442644020863,-2.790422667409743,2036-10-02T00:00:00.000,26,28
2035-09-18T00:00:00.000,390.0,36.949774948527754,3.6001101977526444,1.435868163614007,2.936389620261873,4.282706844661634,4.127627034120007,-1.2533523440827903,2036-10-12T00:00:00.000,26,29
2035-09-18T00:00:00.000,400.0,31.64843034169652,3.4539879917779164,1.8240132060740422,2.582221722278807,3.9939118690096893,3.940405800759038,-0.4126747504083301,2036-10-22T00:00:00.000,26,30
2035-09-18T00:00:00.000,410.0,28.4279685076271,3.2953313920943987,2.1559475208630197,2.4089997193742088,3.693881495280267,3.8426969275479763,0.12995510558058854,2036-11-01T00:00:00.000,26,31
2035-09-18T00:00:00.000,420.0,26.115091147304486,3.120974656002865,2.455942169009397,2.3298291014283095,3.384119742053065,3.79401818592995,0.5179292650391485,2036-11-11T00:00:00.000,26,32
2035-09-18T00:00:00.000,430.0,24.30063728952398,2.928901298879568,2.73583862762608,2.305855034738981,3.064402561462431,3.774285877022553,0.8153774275355978,2036-11-21T00:00:00.000,26,33
2035-09-18T00:00:00.000,440.0,22.81890765607821,2.717381055463404,3.0019121974083074,2.3170941344326375,2.733806843677106,3.772477437289261,1.0552827974935806,2036-12-01T00:00:00.000,26,34
2035-09-18T00:00:00.000,450.0,21.599061512587635,2.4846787148080125,3.25764369386318,2.3521984027163114,2.3909922795710323,3.7820323066033907,1.2563634280842422,2036-12-11T00:00:00.000,26,35
2035-09-18T00:00:00.000,460.0,20.613934908806968,2.228918067539606,3.504962942958743,2.4042199385898337,2.0342732712899934,3.798765236957461,1.4300523910002738,2036-12-21T00:00:00.000,26,36
2035-09-18T00:00:00.000,470.0,19.860267866838072,1.947995886248485,3.744844552342119,2.468633474423749,1.6616128157059582,3.8198249573568823,1.5837449329589912,2036-12-31T00:00:00.000,26,37
2035-09-18T00:00:00.000,480.0,19.35083365595164,1.6395221795754757,3.977616287248317,2.542328307836134,1.2705759488705546,3.843128864836107,1.7224491116915086,2037-01-10T00:00:00.000,26,38
2035-09-18T00:00:00.000,490.0,19.11184338359775,1.3007308820057375,4.203126929057503,2.6230612937693762,0.8582514635423251,3.867029159433841,1.849684645828475,2037-01-20T00:00:00.000,26,39
2035-09-18T00:00:00.000,500.0,19.183217718689757,0.9283751452744511,4.420810976018081,2.7091297467285904,0.42114191661694633,3.890094849217281,1.9679987979801066,2037-01-30T00:00:00.000,26,40
2035-09-18T00:00:00.000,510.0,19.620928252691115,0.5186073184086268,4.629702609417586,2.7991672988794565,-0.04498509298323894,3.910949677648592,2.079273241543973,2037-02-09T00:00:00.000,26,41
2035-09-18T00:00:00.000,520.0,20.501381713497814,0.06681656489025656,4.828409464747379,2.8920080267966415,-0.5452974641324118,3.928130016136649,2.1849089146769636,2037-02-19T00:00:00.000,26,42
2035-09-18T00:00:00.000,530.0,21.92835229841959,-0.4325947451418095,5.0150412431337745,2.9865853851339015,-1.0861704367111074,3.9399359376124288,2.285933264193087,2037-03-01T00:00:00.000,26,43
2035-09-18T00:00:00.000,540.0,24.043532559049073,-0.9865199273575094,5.187083054497144,3.0818439901420525,-1.675558982481149,3.9442491614056685,2.383051239068621,2037-03-11T00:00:00.000,26,44
2035-09-18T00:00:00.000,550.0,27.04258339877478,-1.6035845083339986,5.341188382206311,3.1766462406440508,-2.3235148223010667,3.938284415238538,2.4766465500775983,2037-03-21T00:00:00.000,26,45
2035-09-18T00:00:00.000,560.0,31.199893100551503,-2.2947584768966856,5.472839119968641,3.269647384474092,-3.0429144744573637,3.918223921107842,2.566726690893999,2037-03-31T00:00:00.000,26,46
2035-09-18T00:00:00.000,570.0,36.9075883631473,-3.074226438124164,5.575818132639024,3.359118729580729,-3.8505008201442648,3.8786521265759255,2.6527889999439633,2037-04-10T00:00:00.000,26,47
2035-09-18T00:00:00.000,580.0,44.738626186028874,-3.9606908612030374,5.641334619835616,3.4426595439525567,-4.7684000948921526,3.8116455058365446,2.733559082752274,2037-04-20T00:00:00.000,26,48
2035-09-18T00:00:00.000,590.0,55.55188130097205,-4.979280525455096,5.656522250707548,3.516682424230929,-5.8263644565528105,3.7052526542447524,2.8065033918743687,2037-04-30T00:00:00.000,26,49
2035-09-18T00:00:00.000,600.0,70.67299973523907,-6.164378124839654,5.6018312357096285,3.5754823362146686,-7.065129986311362,3.54086363463281,2.866918682609956,2037-05-10T00:00:00.000,26,50
2035-09-28T00:00:00.000,100.0,219.21622057721615,5.986345879689038,-2.2172567472338685,-1.7337044479824186,14.686493158290663,-1.784490065735092,-0.5820090153858999,2036-01-06T00:00:00.000,27,0
2035-09-28T00:00:00.000,110.0,202.56487916412246,5.5404998976734845,-2.199404721739855,-1.685600227060113,14.158042268740203,-1.4165726541531498,-0.3286946853748933,2036-01-16T00:00:00.000,27,1
2035-09-28T00:00:00.000,120.0,188.48779424624755,5.218344700423163,-2.16849630637154,-1.6418377222905889,13.686779956855755,-1.0728503208314848,-0.09402578343667045,2036-01-26T00:00:00.000,27,2
2035-09-28T00:00:00.000,130.0,176.26549801865633,4.989560751752414,-2.1212025878052065,-1.598672463397215,13.254621365684265,-0.7515816413683609,0.12504202237881934,2036-02-05T00:00:00.000,27,3
2035-09-28T00:00:00.000,140.0,165.430867164225,4.831366906817248,-2.0558720863025393,-1.55378130078277,12.849811605405257,-0.4514366865543238,0.3307775504023951,2036-02-15T00:00:00.000,27,4
2035-09-28T00:00:00.000,150.0,155.67136927948923,4.726301818743327,-1.9719995751296366,-1.5058174356344116,12.464606828712327,-0.1713005911116916,0.5249780877256178,2036-02-25T00:00:00.000,27,5
2035-09-28T00:00:00.000,160.0,146.77211554959976,4.660792923334384,-1.8698477826650155,-1.454112091841991,12.093847768331699,0.08982089860617393,0.7091501337458226,2036-03-06T00:00:00.000,27,6
2035-09-28T00:00:00.000,170.0,138.58151360214265,4.6241897971454975,-1.7501738820833959,-1.3984708902134093,11.734060409440378,0.3328423741897488,0.8846218761088274,2036-03-16T00:00:00.000,27,7
2035-09-28T00:00:00.000,180.0,130.9899647518224,4.608080685515429,-1.6140306435846996,-1.3390331241333988,11.382878090428125,0.5586115701033201,1.0526178052933055,2036-03-26T00:00:00.000,27,8
2035-09-28T00:00:00.000,190.0,123.91635916059515,4.605789496237389,-1.462625961948571,-1.276177834789279,11.038664847011706,0.7679070909451973,1.2143130797365504,2036-04-05T00:00:00.000,27,9
2035-09-28T00:00:00.000,200.0,117.29936671416974,4.612008948781959,-1.2972254283762874,-1.210466787443518,10.700267028787383,0.9614277664533049,1.370878870180718,2036-04-15T00:00:00.000,27,10
2035-09-28T00:00:00.000,210.0,111.0917501262123,4.622522649534634,-1.1190621736835453,-1.1426022152248403,10.366847505915302,1.1397761637861308,1.5235265707479329,2036-04-25T00:00:00.000,27,11
2035-09-28T00:00:00.000,220.0,105.25666817442858,4.63396735218565,-0.9292766232759622,-1.0734103432004871,10.03777520289179,1.3034355265166404,1.6735569840473161,2036-05-05T00:00:00.000,27,12
2035-09-28T00:00:00.000,230.0,99.76532800879176,4.643656190451635,-0.7288760638012768,-1.0038521824930218,9.712551465429481,1.4527386575063197,1.8224221336348307,2036-05-15T00:00:00.000,27,13
2035-09-28T00:00:00.000,240.0,94.59560582574349,4.649439436101591,-0.5186916289517232,-0.9350538411439526,9.39076066317488,1.5878244816556801,1.9718096784846253,2036-05-25T00:00:00.000,27,14
2035-09-28T00:00:00.000,250.0,89.73146559611153,4.649591186795805,-0.2993306143721881,-0.86836654369018,9.072037424196898,1.7085741448343406,2.123764808467749,2036-06-04T00:00:00.000,27,15
2035-09-28T00:00:00.000,260.0,85.16317856625315,4.642716243645944,-0.07111265318886417,-0.805469050914045,8.756045537666196,1.8145125937389324,2.280874647088666,2036-06-14T00:00:00.000,27,16
2035-09-28T00:00:00.000,270.0,80.88857060968144,4.627670390574647,0.16602580421251822,-0.7485385281703749,8.442465577758078,1.9046500658529233,2.446559564919248,2036-06-24T00:00:00.000,27,17
2035-09-28T00:00:00.000,280.0,76.91591608694988,4.603490395228697,0.4126851714469453,-0.7005429518400783,8.130990185658888,1.977214610886545,2.6255546214401058,2036-07-04T00:00:00.000,27,18
2035-09-28T00:00:00.000,290.0,73.26991798683588,4.5693448252269135,0.6702805150467199,-0.6657537105437656,7.821327573418642,2.0291766274787513,2.8247469250556065,2036-07-14T00:00:00.000,27,19
2035-09-28T00:00:00.000,300.0,70.00421672285513,4.524477205076225,0.9415958411210568,-0.6506798398661937,7.513217189478419,2.05534884652284,3.0547218049567757,2036-07-24T00:00:00.000,27,20
2035-09-28T00:00:00.000,310.0,67.22937018248763,4.468118601533047,1.2318938446849081,-0.665940055108047,7.2064724090733,2.0465438795796764,3.332834191601476,2036-08-03T00:00:00.000,27,21
2035-09-28T00:00:00.000,320.0,65.18229646072315,4.399364511897025,1.5514374400065023,-0.7303479486397375,6.901090647027332,1.985403732526791,3.6899073648404404,2036-08-13T00:00:00.000,27,22
2035-09-28T00:00:00.000,330.0,64.4262782198283,4.316891592629664,1.9220563242233162,-0.8809871044314495,6.597567045940082,1.835583765259237,4.186767193774989,2036-08-23T00:00:00.000,27,23
2035-09-28T00:00:00.000,340.0,66.56688873748892,4.218065439782356,2.3978783547818097,-1.2027897723947358,6.297986774116411,1.5076424647400017,4.962788080208179,2036-09-02T00:00:00.000,27,24
2035-09-28T00:00:00.000,350.0,77.88150657306429,4.094853323190548,3.1545929613510815,-1.941733541223707,6.011353812189986,0.7122385211165394,6.421670203831004,2036-09-12T00:00:00.000,27,25
2035-09-28T00:00:00.000,360.0,145.8061751719248,3.8971203048000533,5.192039370691516,-4.191655080272486,5.8045333171017415,-2.194916387918159,10.35837391643249,2036-09-22T00:00:00.000,27,26
2035-09-28T00:00:00.000,370.0,1711.6360579330526,2.9677114384829655,9.70067845338469,26.43058212918387,7.189312106105731,-9.115381172638568,-39.70969246231404,2036-10-02T00:00:00.000,27,27
2035-09-28T00:00:00.000,380.0,102.04703769655026,3.7570028493550334,0.7780199243217076,6.321370471345807,5.057662379970189,5.938200070004967,-6.419101874513095,2036-10-12T00:00:00.000,27,28
2035-09-28T00:00:00.000,390.0,51.566150910988505,3.6076065527167565,1.5939799672390116,3.8317432186514147,4.69275137525659,5.0165713493256305,-2.092426184633789,2036-10-22T00:00:00.000,27,29
2035-09-28T00:00:00.000,400.0,40.39892619488472,3.428741451270156,2.1066653402932864,3.049486784441707,4.361409526904762,4.588032873921708,-0.5718281921371293,2036-11-01T00:00:00.000,27,30
2035-09-28T00:00:00.000,410.0,35.3162438759854,3.2326722050624745,2.4906711720830153,2.713015753336342,4.029113099145358,4.363079414563575,0.2145449428261017,2036-11-11T00:00:00.000,27,31
2035-09-28T00:00:00.000,420.0,32.02144807238781,3.019115072895561,2.812615240998255,2.5560501246156244,3.691106281382215,4.2310546277526235,0.7038176105367615,2036-11-21T00:00:00.000,27,32
2035-09-28T00:00:00.000,430.0,29.479279744255,2.7868785233454876,3.0991498451006336,2.488670994377399,3.3454782923805344,4.147078923945976,1.043451550398343,2036-12-01T00:00:00.000,27,33
2035-09-28T00:00:00.000,440.0,27.353190910339226,2.534591156654823,3.3625141313848257,2.4720784957907416,2.990716011921172,4.089844181433399,1.2969129569762643,2036-12-11T00:00:00.000,27,34
2035-09-28T00:00:00.000,450.0,25.51556103931711,2.26074224503407,3.608821240982598,2.4867255948277167,2.6252591008941213,4.047911875686509,1.4959896855145178,2036-12-21T00:00:00.000,27,35
2035-09-28T00:00:00.000,460.0,23.91696050830968,1.9636506253900308,3.841185684669533,2.521615303540015,2.247364702470379,4.014498910063708,1.6583458335031338,2036-12-31T00:00:00.000,27,36
2035-09-28T00:00:00.000,470.0,22.543463150687458,1.6414375798376284,4.061067926233151,2.5700022267146223,1.855032670764342,3.9852057797871474,1.7945617386525008,2037-01-10T00:00:00.000,27,37
2035-09-28T00:00:00.000,480.0,21.401071324454016,1.2919692015745703,4.2689129778374815,2.6274371088003594,1.4459364192506627,3.9569103123920435,1.911334605877288,2037-01-20T00:00:00.000,27,38
2035-09-28T00:00:00.000,490.0,20.51013478816914,0.9127900199038663,4.464449080754226,2.6907760491086212,1.0173433572920794,3.9271718255371653,2.013074448263131,2037-01-30T00:00:00.000,27,39
2035-09-28T00:00:00.000,500.0,19.904211819714536,0.5010532110705981,4.646829329906839,2.757638991497633,0.5660156717540374,3.8938740620627215,2.1027560171923234,2037-02-09T00:00:00.000,27,40
2035-09-28T00:00:00.000,510.0,19.63148643235364,0.05342634135443802,4.814684534685107,2.826091717162247,0.08808214358326394,3.8549811174600777,2.1823951412064844,2037-02-19T00:00:00.000,27,41
2035-09-28T00:00:00.000,520.0,19.758257253762554,-0.4340378071023281,4.966111774931241,2.8944422734745077,-0.4211301341384024,3.808340398053545,2.2533197900956026,2037-03-01T00:00:00.000,27,42
2035-09-28T00:00:00.000,530.0,20.374724405515465,-0.9660768214467055,5.098607546224666,2.961095005974552,-0.967319518556442,3.7514912249963714,2.316318402834641,2037-03-11T00:00:00.000,27,43
2035-09-28T00:00:00.000,540.0,21.603865373107155,-1.5484636998955494,5.208938112634432,3.0244288925306377,-1.5575111594237319,3.6814452875068575,2.371705073669837,2037-03-21T00:00:00.000,27,44
2035-09-28T00:00:00.000,550.0,23.614878360441217,-2.18833930286479,5.292918283750981,3.0826702617908173,-2.2004675704806234,3.5944020829461287,2.4193169486069515,2037-03-31T00:00:00.000,27,45
2035-09-28T00:00:00.000,560.0,26.64372923928557,-2.8946667527973453,5.3450834731626164,3.1337466776736327,-2.9072554231936056,3.485349206945788,2.458441792932936,2037-04-10T00:00:00.000,27,46
2035-09-28T00:00:00.000,570.0,31.025149318823154,-3.6789069513657893,5.35816749427868,3.1750846545077414,-3.692040811408976,3.347469224386259,2.487656278005577,2037-04-20T00:00:00.000,27,47
2035-09-28T00:00:00.000,580.0,37.24365469027886,-4.555966543590216,5.322246028683223,3.2032866179048565,-4.573218256661181,3.17122317344365,2.504530505191285,2037-04-30T00:00:00.000,27,48
2035-09-28T00:00:00.000,590.0,46.017132467296136,-5.545544935694924,5.223348151537802,3.2136077704949324,-5.575031627864523,2.9428844392900047,2.505111972066546,2037-05-10T00:00:00.000,27,49
2035-09-28T00:00:00.000,600.0,58.437994159910104,-6.674066440359091,5.04112986082537,3.1990650458517385,-6.729920271008051,2.6421134757535754,2.4830230943401226,2037-05-20T00:00:00.000,27,50
2035-10-08T00:00:00.000,100.0,284.56293147645977,6.8730991804548776,-2.6630547950765706,-1.8537926686985267,16.858809979802867,-0.5845077514604498,0.04252328587522136,2036-01-16T00:00:00.000,28,0
2035-10-08T00:00:00.000,110.0,262.4176796905904,6.414120300561631,-2.58735252556785,-1.7832252245991294,16.195532180479713,-0.164816910075281,0.3086299852406622,2036-01-26T00:00:00.000,28,1
2035-10-08T00:00:00.000,120.0,243.7000341639896,6.079895036876241,-2.499911043608887,-1.716242185388452,15.599642661544156,0.21808582644921515,0.551018664314693,2036-02-05T00:00:00.000,28,2
2035-10-08T00:00:00.000,130.0,227.47616859211632,5.838539358330202,-2.3974969292395416,-1.6493515279658137,15.051754451626426,0.5680759806342834,0.7733991209503746,2036-02-15T00:00:00.000,28,3
2035-10-08T00:00:00.000,140.0,213.1326548476709,5.666351011367212,-2.2786753783426525,-1.580468197448881,14.539122989538082,0.888216318371299,0.9785853639489215,2036-02-25T00:00:00.000,28,4
2035-10-08T00:00:00.000,150.0,200.25378632290753,5.545366324738815,-2.143188342446874,-1.5084469762627561,14.053212077261259,1.1810507907403718,1.1688180628812006,2036-03-06T00:00:00.000,28,5
2035-10-08T00:00:00.000,160.0,188.54977273636314,5.461783816089536,-1.9915317087997138,-1.4327755574372725,13.588202483758858,1.4487662038500986,1.3459578311799145,2036-03-16T00:00:00.000,28,6
2035-10-08T00:00:00.000,170.0,177.81319454312117,5.404897135409946,-1.82466310100721,-1.3533676031132207,13.140054597575453,1.6932826645349088,1.511606276066269,2036-03-26T00:00:00.000,28,7
2035-10-08T00:00:00.000,180.0,167.8918195272082,5.366341582968296,-1.6438028726469258,-1.2704240862386842,12.70590755539425,1.9163047922630412,1.6671858517073677,2036-04-05T00:00:00.000,28,8
2035-10-08T00:00:00.000,190.0,158.67121620506842,5.339558389667658,-1.4503007781665902,-1.1843437776182235,12.28368774024688,2.119351014348748,1.8139964121121857,2036-04-15T00:00:00.000,28,9
2035-10-08T00:00:00.000,200.0,150.0633930580498,5.319399827013255,-1.2455254253698484,-1.0956547207144447,11.871849723670152,2.3037699287516347,1.95325915127062,2036-04-25T00:00:00.000,28,10
2035-10-08T00:00:00.000,210.0,141.99927387996433,5.30180875057623,-1.0307951716670818,-1.0049732142088037,11.469203988095042,2.4707476653919294,2.086154292805171,2036-05-05T00:00:00.000,28,11
2035-10-08T00:00:00.000,220.0,134.42365944283938,5.283582312190381,-0.8073384616690777,-0.9129875494828452,11.074801681195435,2.621308805792239,2.2138580148027103,2036-05-15T00:00:00.000,28,12
2035-10-08T00:00:00.000,230.0,127.29182835473165,5.262189332313051,-0.576261224330942,-0.8204537626729866,10.687856689703027,2.7563112108410053,2.337583419708073,2036-05-25T00:00:00.000,28,13
2035-10-08T00:00:00.000,240.0,120.56726678693263,5.2356251894845744,-0.3385214592985193,-0.7282064763118115,10.307692919189751,2.8764333139508196,2.4586306882108175,2036-06-04T00:00:00.000,28,14
2035-10-08T00:00:00.000,250.0,114.22021745843783,5.20229550811281,-0.0949050280872843,-0.6371858557975392,9.933708804065766,2.9821509156998687,2.5784535618185096,2036-06-14T00:00:00.000,28,15
2035-10-08T00:00:00.000,260.0,108.22688370073433,5.16092001299919,0.15400153946421113,-0.5484858800696184,9.565353915940186,3.0736980372194473,2.698753145349796,2036-06-24T00:00:00.000,28,16
2035-10-08T00:00:00.000,270.0,102.56925352142679,5.110452033652818,0.407844493075876,-0.463437146189829,9.202114700004284,3.1510021377758974,2.821617283956771,2036-07-04T00:00:00.000,28,17
2035-10-08T00:00:00.000,280.0,97.23565110109023,5.05002513223819,0.6665593792570199,-0.38374149458625784,8.843507512709108,3.213576233181911,2.9497379150148504,2036-07-14T00:00:00.000,28,18
2035-10-08T00:00:00.000,290.0,92.22236062520828,4.978901122587058,0.9304920196913038,-0.3116815624484799,8.489078440151873,3.2603345103945784,3.0867663893607276,2036-07-24T00:00:00.000,28,19
2035-10-08T00:00:00.000,300.0,87.53719505454663,4.8964054015583764,1.2005894545413405,-0.2504960704474577,8.138413985522659,3.2892641537211524,3.2379243632056784,2036-08-03T00:00:00.000,28,20
2035-10-08T00:00:00.000,310.0,83.20703056499923,4.801871336562216,1.478762763847488,-0.20506807812171957,7.791170861572532,3.296809630417947,3.41111908786044,2036-08-13T00:00:00.000,28,21
2035-10-08T00:00:00.000,320.0,79.29442318040425,4.694562731841992,1.7686359086128363,-0.18326908935061859,7.447146585721464,3.2766325529872304,3.6191311144922302,2036-08-23T00:00:00.000,28,22
2035-10-08T00:00:00.000,330.0,75.93780614823787,4.573527931226053,2.0772140700609327,-0.19884221449342654,7.106454394536332,3.2168683482333975,3.8843107646978066,2036-09-02T00:00:00.000,28,23
2035-10-08T00:00:00.000,340.0,73.46308707038546,4.437242933096162,2.419085579538219,-0.2783693211192162,6.770010932501967,3.093236823202144,4.249932352376401,2036-09-12T00:00:00.000,28,24
2035-10-08T00:00:00.000,350.0,72.7627026109433,4.282476260711567,2.8290839927890516,-0.4811451843942418,6.4411842505765975,2.8483097310895538,4.812585556314593,2036-09-22T00:00:00.000,28,25
2035-10-08T00:00:00.000,360.0,77.06547204315328,4.099211177056294,3.4128594604186553,-0.9720391728674471,6.1334086739673035,2.3087602930376327,5.840924241123892,2036-10-02T00:00:00.000,28,26
2035-10-08T00:00:00.000,370.0,107.03282035032151,3.8290276292946706,4.689334228934214,-2.4361879151161556,5.934185847005723,0.6253564342542148,8.45146070295871,2036-10-12T00:00:00.000,28,27
2035-10-08T00:00:00.000,380.0,1045.9879021981353,1.1515838779885623,18.684452641760828,-10.54286204778878,9.513704389030382,-21.848073751476093,21.866389833402785,2036-10-22T00:00:00.000,28,28
2035-10-08T00:00:00.000,390.0,104.53801557436235,3.496001983396594,1.4417011416083838,6.493942584145873,5.212395049618085,6.7213526409023885,-5.673832223260899,2036-11-01T00:00:00.000,28,29
2035-10-08T00:00:00.000,400.0,54.44602277572918,3.3722517377297283,2.3520321186801496,3.8188013754350125,4.6822150256074515,5.595730879638559,-1.100309571150083,2036-11-11T00:00:00.000,28,30
2035-10-08T00:00:00.000,410.0,44.845507010413634,3.1448281302938597,2.8570570522543868,3.0898634157333706,4.302980721395002,5.122824605685139,0.2941631878795956,2036-11-21T00:00:00.000,28,31
2035-10-08T00:00:00.000,420.0,40.13754921156819,2.8905502068790607,3.219609705226505,2.7968261698412533,3.935680706179422,4.868484731186154,0.9725343247323046,2036-12-01T00:00:00.000,28,32
2035-10-08T00:00:00.000,430.0,36.74587238628368,2.6152924317632014,3.516829807782898,2.668319298909017,3.565873452510198,4.704731526581462,1.3769241699371637,2036-12-11T00:00:00.000,28,33
2035-10-08T00:00:00.000,440.0,33.9037740352168,2.3191797832145227,3.776406029566303,2.618370316706348,3.189542831471843,4.584532093739352,1.6470142813276567,2036-12-21T00:00:00.000,28,34
2035-10-08T00:00:00.000,450.0,31.382925009650933,2.001239548390757,4.010134618397444,2.6110819692183753,2.80445468890444,4.4866160250288445,1.840716043143864,2036-12-31T00:00:00.000,28,35
2035-10-08T00:00:00.000,460.0,29.105403833381406,1.660127903852345,4.223440207289409,2.6286591129585637,2.408694006168811,4.399800790609316,1.986290517769616,2037-01-10T00:00:00.000,28,36
2035-10-08T00:00:00.000,470.0,27.04760560178874,1.2942616584568185,4.418733884941001,2.661127194319564,2.0002787315347197,4.317436853149623,2.0991020978085064,2037-01-20T00:00:00.000,28,37
2035-10-08T00:00:00.000,480.0,25.21090659380052,0.9018258743912,4.5967709207935945,2.7023092287698507,1.5770044958813285,4.23508907936823,2.1881462253667046,2037-01-30T00:00:00.000,28,38
2035-10-08T00:00:00.000,490.0,23.611946111114843,0.4807530186166922,4.757259072191471,2.748022381089185,1.1363440989930504,4.1494339785926755,2.258952380440782,2037-02-09T00:00:00.000,28,39
2035-10-08T00:00:00.000,500.0,22.280003731553652,0.028677772049672257,4.899141747870327,2.795180495560287,0.6753518570404946,4.057667349421585,2.3150030847028287,2037-02-19T00:00:00.000,28,40
2035-10-08T00:00:00.000,510.0,21.25766457690913,-0.45713203860971774,5.020716525251764,2.841304454675275,0.19055307133076838,3.9571396405840105,2.358474076354071,2037-03-01T00:00:00.000,28,41
2035-10-08T00:00:00.000,520.0,20.603654497330314,-0.9798713565445141,5.119657396744873,2.8842285935036065,-0.3221941766557963,3.8450902119656725,2.3906331110618346,2037-03-11T00:00:00.000,28,42
2035-10-08T00:00:00.000,530.0,20.397783103525995,-1.5433335174031981,5.192964804522091,2.921903594228916,-0.8678778652959975,3.718411851132551,2.4120498377546546,2037-03-21T00:00:00.000,28,43
2035-10-08T00:00:00.000,540.0,20.74855254166184,-2.152089117611194,5.236837586576077,2.9522374567428655,-1.4525673602326252,3.573399652922145,2.422687665825819,2037-03-31T00:00:00.000,28,44
2035-10-08T00:00:00.000,550.0,21.804597799001225,-2.8117211293544813,5.246476630413382,2.972951868614443,-2.0837272196758887,3.40544279274172,2.421907937628202,2037-04-10T00:00:00.000,28,45
2035-10-08T00:00:00.000,560.0,23.77198470683025,-3.5291825162878325,5.215769309981029,2.9814202947154858,-2.7706425392180885,3.208608793159563,2.4083924595390442,2037-04-20T00:00:00.000,28,46
2035-10-08T00:00:00.000,570.0,26.940799234583377,-4.3132774432414855,5.136777589616955,2.974441689253533,-3.525000239611013,2.975048579806735,2.379970271477273,2037-04-30T00:00:00.000,28,47
2035-10-08T00:00:00.000,580.0,31.726905531411944,-5.175316994830556,4.998947726331426,2.9479128586367436,-4.3616901846929865,2.6941091968429234,2.3333109307700894,2037-05-10T00:00:00.000,28,48
2035-10-08T00:00:00.000,590.0,38.739183606367995,-6.130026269405505,4.787856525761827,2.896320043367358,-5.299916806011491,2.350965072734194,2.263410851460435,2037-05-20T00:00:00.000,28,49
2035-10-08T00:00:00.000,600.0,48.89083879363236,-7.1967775288527704,4.483177135492657,2.81191122756551,-6.364741581377365,1.924440735329295,2.162736981725601,2037-05-30T00:00:00.000,28,50
2035-10-18T00:00:00.000,100.0,361.08331935656344,8.001929991338361,-2.967557877368481,-1.9049804071184546,18.948773777173564,1.1176961031990302,0.8820697925655452,2036-01-26T00:00:00.000,29,0
2035-10-18T00:00:00.000,110.0,332.33456843700884,7.502932062374265,-2.8386678970444974,-1.8145001695903726,18.12616174247934,1.5663795407951469,1.1503408436917884,2036-02-05T00:00:00.000,29,1
2035-10-18T00:00:00.000,120.0,308.07278795588996,7.133286334029,-2.698790704843391,-1.7265692655602525,17.385835182167547,1.9675477980588703,1.3907834614880894,2036-02-15T00:00:00.000,29,2
2035-10-18T00:00:00.000,130.0,287.0923563445139,6.858860451232662,-2.5449979574590404,-1.638067027980449,16.706083692340385,2.3269303751514734,1.6076439401278861,2036-02-25T00:00:00.000,29,3
2035-10-18T00:00:00.000,140.0,268.59549918456185,6.654535014349442,-2.37618563184179,-1.5472179348218509,16.0724192770016,2.6491032217836157,1.8041867667081686,2036-03-06T00:00:00.000,29,4
2035-10-18T00:00:00.000,150.0,252.0373295788127,6.501469821084555,-2.1924005571576997,-1.4531232729639254,15.474944923251265,2.937859598179852,1.9830255123258294,2036-03-16T00:00:00.000,29,5
2035-10-18T00:00:00.000,160.0,237.03489697753346,6.385338078840061,-1.9943967051201723,-1.355456883256144,14.906745091452708,3.1964267603650995,2.146323303140969,2036-03-26T00:00:00.000,29,6
2035-10-18T00:00:00.000,170.0,223.31185093615696,6.295133002059831,-1.7833426338619556,-1.254265462295957,14.362874920668075,3.4275979331598165,2.2959197194151972,2036-04-05T00:00:00.000,29,7
2035-10-18T00:00:00.000,180.0,210.66374513426712,6.222344934897137,-1.560629950825537,-1.1498391520991709,13.83971146696906,3.633816483307072,2.4334151743913406,2036-04-15T00:00:00.000,29,8
2035-10-18T00:00:00.000,190.0,198.93570460404442,6.160373135475275,-1.3277269329636443,-1.0426155154414913,13.33452907078737,3.81723201647349,2.560230223394109,2036-04-25T00:00:00.000,29,9
2035-10-18T00:00:00.000,200.0,188.00775791835966,6.104071849267585,-1.0860883570967452,-0.9331180364027891,12.845218191337299,3.9797387338260783,2.6776495561931526,2036-05-05T00:00:00.000,29,10
2035-10-18T00:00:00.000,210.0,177.78502869703192,6.0494198771058265,-0.8371049554448433,-0.8219226484525404,12.37009714178618,4.123002685733983,2.786857415304139,2036-05-15T00:00:00.000,29,11
2035-10-18T00:00:00.000,220.0,168.19105890122583,5.993270365495222,-0.5820675450208963,-0.7096365582437585,11.907784205662145,4.248481256892855,2.8889688856820737,2036-05-25T00:00:00.000,29,12
2035-10-18T00:00:00.000,230.0,159.16320621133264,5.933156579774462,-0.32214486140105514,-0.5968895150309308,11.457110040847528,4.357436274363327,2.9850602737810927,2036-06-04T00:00:00.000,29,13
2035-10-18T00:00:00.000,240.0,150.649444129119,5.867139647930946,-0.05836929695219162,-0.48433494457532866,11.017057245724002,4.450941132250904,3.0762016856500622,2036-06-14T00:00:00.000,29,14
2035-10-18T00:00:00.000,250.0,142.606136438748,5.793686162895282,0.2083719353168778,-0.37266086512521923,10.58671849140647,4.529881338604891,3.1634953896946723,2036-06-24T00:00:00.000,29,15
2035-10-18T00:00:00.000,260.0,134.99651908619273,5.711568906531779,0.47733946917528236,-0.26261512015065236,10.16526774012667,4.594946768175063,3.248124852183226,2036-07-04T00:00:00.000,29,16
2035-10-18T00:00:00.000,270.0,127.7897250067783,5.619800901958812,0.74794697890459,-0.15504674963331944,9.751940573068358,4.646612391551631,3.3314221210768675,2036-07-14T00:00:00.000,29,17
2035-10-18T00:00:00.000,280.0,120.96026861303147,5.517576820993472,1.0197940257093947,-0.0509572872851356,9.346020623519989,4.685101323434868,3.4149659891306907,2036-07-24T00:00:00.000,29,18
2035-10-18T00:00:00.000,290.0,114.4880401608423,5.404209140117833,1.2926982576925177,0.04840631030186415,8.946832377386114,4.7103188749111595,3.500732304597639,2036-08-03T00:00:00.000,29,19
2035-10-18T00:00:00.000,300.0,108.3589768761264,5.2790853973797045,1.5667540401491173,0.14139766145100374,8.553740621507712,4.721736812796067,3.5913367604252446,2036-08-13T00:00:00.000,29,20
2035-10-18T00:00:00.000,310.0,102.56683568921576,5.141628539252838,1.8424516184082513,0.22571293780687718,8.166158498047935,4.718186079643949,3.6904486437057127,2036-08-23T00:00:00.000,29,21
2035-10-18T00:00:00.000,320.0,97.11711022081505,4.991252179365824,2.1209079430703923,0.2979255106666088,7.783571244463282,4.697469358234695,3.803539211264356,2036-09-02T00:00:00.000,29,22
2035-10-18T00:00:00.000,330.0,92.03569528829166,4.827296761654365,2.404333510696876,0.3525845787390267,7.405593856515658,4.655589756569668,3.939334834607587,2036-09-12T00:00:00.000,29,23
2035-10-18T00:00:00.000,340.0,87.38947971147857,4.64891208923448,2.6970544327053823,0.3803045797602085,7.0321133097673805,4.585076081718274,4.112899152049078,2036-09-22T00:00:00.000,29,24
2035-10-18T00:00:00.000,350.0,83.3417716916165,4.454781511603837,3.0080194668608122,0.3632174355896378,6.663676920518351,4.470887613603605,4.352969737672597,2036-10-02T00:00:00.000,29,25
2035-10-18T00:00:00.000,360.0,80.3322725257743,4.242294497740111,3.358094365150812,0.2622855299990796,6.302756349773932,4.278556423735171,4.722445325260335,2036-10-12T00:00:00.000,29,26
2035-10-18T00:00:00.000,370.0,79.86217526653604,4.003975232144551,3.8075168218020288,-0.027720145390347284,5.9592425169067305,3.9096494429391875,5.391126517208855,2036-10-22T00:00:00.000,29,27
2035-10-18T00:00:00.000,380.0,90.39735112232836,3.70120525401561,4.6212263020258355,-0.9213126727770664,5.691483575873582,2.9335917398502147,7.028399912623941,2036-11-01T00:00:00.000,29,28
2035-10-18T00:00:00.000,390.0,364.6785048855398,2.238771245197823,10.271291286159524,-6.7692619133061385,7.236768708121878,-5.898326438265315,16.658854365722398,2036-11-11T00:00:00.000,29,29
2035-10-18T00:00:00.000,400.0,97.63368776806824,3.155373354732987,2.240639894138317,6.2113077994194725,5.023796127864931,7.438198320346185,-4.131387900078709,2036-11-21T00:00:00.000,29,30
2035-10-18T00:00:00.000,410.0,57.13801305883316,3.010612506200646,3.216898230324105,3.6482083425916905,4.405648555501864,6.139609912264753,0.18293165242212517,2036-12-01T00:00:00.000,29,31
2035-10-18T00:00:00.000,420.0,49.776718747571636,2.7190100750545625,3.6765389707179086,3.0521501772605735,4.001302107968094,5.661348621292142,1.309745004394097,2036-12-11T00:00:00.000,29,32
2035-10-18T00:00:00.000,430.0,45.43305652170002,2.3980572558098885,3.993180484964318,2.8309794883362978,3.6102172136711594,5.392633530133985,1.8217825889735444,2036-12-21T00:00:00.000,29,33
2035-10-18T00:00:00.000,440.0,41.85490873719074,2.0549659504104696,4.246573531318852,2.7424666147414127,3.2166498847428056,5.201648220370981,2.109722267903111,2036-12-31T00:00:00.000,29,34
2035-10-18T00:00:00.000,450.0,38.62429053120742,1.6900480897118442,4.462164465771921,2.7140475578515444,2.816603951352807,5.044545232311634,2.289889978054216,2037-01-10T00:00:00.000,29,35
2035-10-18T00:00:00.000,460.0,35.63359922200494,1.3024488354053467,4.649866360145788,2.7161733649700204,2.407865599000962,4.9023267234710275,2.4089365237578377,2037-01-20T00:00:00.000,29,36
2035-10-18T00:00:00.000,470.0,32.855758828706946,0.8909489717131542,4.813695065468827,2.7343003054590977,1.988496776848626,4.765097456325623,2.4890732469914667,2037-01-30T00:00:00.000,29,37
2035-10-18T00:00:00.000,480.0,30.292476875842958,0.45412749542783715,4.9549272230836845,2.7601969865349627,1.556465234717157,4.626844920167258,2.542085548065261,2037-02-09T00:00:00.000,29,38
2035-10-18T00:00:00.000,490.0,27.960207739063335,-0.009613447679079457,5.073329210106042,2.788624360149022,1.1095002699036218,4.483341165857073,2.5746589833759472,2037-02-19T00:00:00.000,29,39
2035-10-18T00:00:00.000,500.0,25.886693526441665,-0.5020686753953463,5.1676821419767425,2.815868522784458,0.644997727402135,4.331159222912529,2.5907009174869042,2037-03-01T00:00:00.000,29,40
2035-10-18T00:00:00.000,510.0,24.111412051008067,-1.0252739372286257,5.236006999639382,2.8390128101593257,0.15992733875099496,4.167137008022017,2.592451437096056,2037-03-11T00:00:00.000,29,41
2035-10-18T00:00:00.000,520.0,22.688157476773444,-1.5815761945716673,5.275638100642774,2.8555362352083677,-0.3492757217958111,3.9880288159014334,2.5810443836705463,2037-03-21T00:00:00.000,29,42
2035-10-18T00:00:00.000,530.0,21.689487692091607,-2.1737252419122797,5.283193605659766,2.863058844589292,-0.8868462519248563,3.790226401335733,2.5567900273890345,2037-03-31T00:00:00.000,29,43
2035-10-18T00:00:00.000,540.0,21.213446262220486,-2.8049892349510017,5.254484172376666,2.859162201266099,-1.4578626799867322,3.56948427010753,2.5192984567091887,2037-04-10T00:00:00.000,29,44
2035-10-18T00:00:00.000,550.0,21.393505279148528,-3.4793456200041426,5.184335688350659,2.8412332614700713,-2.0684746420184474,3.32060001039045,2.467495391175053,2037-04-20T00:00:00.000,29,45
2035-10-18T00:00:00.000,560.0,22.413377173515485,-4.20172718471839,5.066283212736719,2.806284939803951,-2.7262027234670843,3.037000119689143,2.3995470733211857,2037-04-30T00:00:00.000,29,46
2035-10-18T00:00:00.000,570.0,24.529434286723884,-4.978343332193518,4.8921081143403065,2.7507307139952397,-3.4403352482499994,2.710166930965787,2.312687370284186,2037-05-10T00:00:00.000,29,47
2035-10-18T00:00:00.000,580.0,28.10533642293823,-5.817110447966822,4.651127335160462,2.6700683418560915,-4.222455758422667,2.328810304998985,2.202917691252223,2037-05-20T00:00:00.000,29,48
2035-10-18T00:00:00.000,590.0,33.66675993657046,-6.728211423648162,4.329089103982863,2.5584040079684414,-5.087142395018239,1.8776308846392027,2.0645203923496513,2037-05-30T00:00:00.000,29,49
2035-10-18T00:00:00.000,600.0,41.99011101498425,-7.724796043208752,3.9064387298988237,2.4077100456344374,-6.052882551490958,1.3354212472003795,1.8892786785877682,2037-06-09T00:00:00.000,29,50
2035-10-28T00:00:00.000,100.0,451.53295239632297,9.347210699916134,-3.0827991329686126,-1.8674575283509873,20.90236158566723,3.3026095005303517,1.9279530661695379,2036-02-05T00:00:00.000,30,0
2035-10-28T00:00:00.000,110.0,414.870626329629,8.783042612312414,-2.910544585990112,-1.7618595862390336,19.900018050966622,3.752635990291438,2.1857792718389764,2036-02-15T00:00:00.000,30,1
2035-10-28T00:00:00.000,120.0,383.98994090209686,8.356105241663963,-2.7266532384300017,-1.6571373679263557,18.999178871367576,4.147125899907277,2.412983606698356,2036-02-25T00:00:00.000,30,2
2035-10-28T00:00:00.000,130.0,357.34786793424234,8.029378729926025,-2.528883985753702,-1.5507311431390796,18.174858801147472,4.493182415097255,2.614132222603784,2036-03-06T00:00:00.000,30,3
2035-10-28T00:00:00.000,140.0,333.91880450545057,7.7758625444538865,-2.3167078999522137,-1.4413001227070865,17.41012531406252,4.796531512140323,2.792781142004314,2036-03-16T00:00:00.000,30,4
2035-10-28T00:00:00.000,150.0,312.9989514026261,7.575485280999599,-2.090635724882784,-1.3282770497219452,16.693192988294193,5.061931359218281,2.9517977865623326,2036-03-26T00:00:00.000,30,5
2035-10-28T00:00:00.000,160.0,294.0913306690098,7.413111282341383,-1.8517894352601378,-1.2115848315309228,16.015646429194547,5.293420336176663,3.0935580273512073,2036-04-05T00:00:00.000,30,6
2035-10-28T00:00:00.000,170.0,276.8356806922154,7.277214331055953,-1.6016283643601419,-1.0914557943539631,15.371322400659052,5.494475390787947,3.220072751854886,2036-04-15T00:00:00.000,30,7
2035-10-28T00:00:00.000,180.0,260.9643555109285,7.158961269636286,-1.341752611207033,-0.9683031211487556,14.755589240998537,5.66811836714777,3.333073032181984,2036-04-25T00:00:00.000,30,8
2035-10-28T00:00:00.000,190.0,246.2738714928233,7.051537754407288,-1.0737826148346539,-0.8426379552623078,14.164874094872355,5.81699046811131,3.434069781343929,2036-05-05T00:00:00.000,30,9
2035-10-28T00:00:00.000,200.0,232.60613983607797,6.949666101488015,-0.7992910753678064,-0.7150210089794724,13.59634774123781,5.943407093769466,3.524397828444778,2036-05-15T00:00:00.000,30,10
2035-10-28T00:00:00.000,210.0,219.83582499540762,6.849248311078819,-0.5197579441939588,-0.5860299262752902,13.047710827313825,6.049399745537418,3.6052503215306757,2036-05-25T00:00:00.000,30,11
2035-10-28T00:00:00.000,220.0,207.86167941259208,6.74709539669526,-0.23654496568485506,-0.45624038970843195,12.517046989654075,6.136748714985785,3.6777070683381314,2036-06-04T00:00:00.000,30,12
2035-10-28T00:00:00.000,230.0,196.60051027866882,6.640719640237881,0.04911743168676885,-0.326216547795509,12.00272069229468,6.207008808697861,3.742759397847676,2036-06-14T00:00:00.000,30,13
2035-10-28T00:00:00.000,240.0,185.9829211473235,6.528171530386965,0.33613390273420407,-0.19650874862320933,11.503305366365506,6.261529349952529,3.801333581146638,2036-06-24T00:00:00.000,30,14
2035-10-28T00:00:00.000,250.0,175.95027649591702,6.407910579440241,0.6235375816817186,-0.06766063392514976,11.01753252033266,6.301469008142185,3.8543147249222987,2036-07-04T00:00:00.000,30,15
2035-10-28T00:00:00.000,260.0,166.45251909290374,6.278717473551432,0.9104805202100117,0.05977630259053601,10.54425517258973,6.327805483991192,3.902573472080885,2036-07-14T00:00:00.000,30,16
2035-10-28T00:00:00.000,270.0,157.44658266446166,6.1396197848202165,1.1962435025089349,0.18523304891202752,10.082420533796933,6.341339164445557,3.9469984096273123,2036-07-24T00:00:00.000,30,17
2035-10-28T00:00:00.000,280.0,148.89527314895628,5.989817785834314,1.4802314800690333,0.3080974520490649,9.6310503983713,6.342688976615747,3.9885383185955963,2036-08-03T00:00:00.000,30,18
2035-10-28T00:00:00.000,290.0,140.76653054285205,5.828636601163857,1.7619709776508827,0.4276736443250968,9.189227393587698,6.332277476004315,4.028261711790572,2036-08-13T00:00:00.000,30,19
2035-10-28T00:00:00.000,300.0,133.03302912562418,5.655487863292097,2.0411216962094336,0.5431243623031765,8.756085551612012,6.310299210915424,4.067446226712251,2036-08-23T00:00:00.000,30,20
2035-10-28T00:00:00.000,310.0,125.67216001851665,5.469836610403405,2.317505988323699,0.6533798642195734,8.33080521227374,6.276661085091558,4.107720798273249,2036-09-02T00:00:00.000,30,21
2035-10-28T00:00:00.000,320.0,118.66656029524952,5.271170070313033,2.5911689644840052,0.756985960016733,7.9126135262593404,6.230872494210001,4.151305269454957,2036-09-12T00:00:00.000,30,22
2035-10-28T00:00:00.000,330.0,112.00560541077522,5.058964201306548,2.8624974555126634,0.8518320483921507,7.500794301079823,6.171838548964683,4.201440132761288,2036-09-22T00:00:00.000,30,23
2035-10-28T00:00:00.000,340.0,105.68891225134168,4.832642005436886,3.132458708221254,0.9346261000673906,7.094717189772268,6.097450450411106,4.263214544598121,2036-10-02T00:00:00.000,30,24
2035-10-28T00:00:00.000,350.0,99.73467235857579,4.591521300355624,3.403134222046816,0.999798382284526,6.693912712603105,6.003707385302182,4.3453081117792305,2036-10-12T00:00:00.000,30,25
2035-10-28T00:00:00.000,360.0,94.20152577923089,4.334666607534899,3.679033847942671,1.0369373290350463,6.298274989449762,5.882611790643288,4.464094136225965,2036-10-22T00:00:00.000,30,26
2035-10-28T00:00:00.000,370.0,89.25676944703358,4.060453136140557,3.9707655382463756,1.0237150194986233,5.908703923583554,5.71625349159574,4.654936456094907,2036-11-01T00:00:00.000,30,27
2035-10-28T00:00:00.000,380.0,85.45644684447268,3.764860011075699,4.308240923778792,0.9013092891367673,5.52975235696959,5.455597206520938,5.011461347278145,2036-11-11T00:00:00.000,30,28
2035-10-28T00:00:00.000,390.0,85.64619281443538,3.4300193576949134,4.813678934820473,0.4464699958633638,5.187556010177781,4.9033699489524665,5.890027045728537,2036-11-21T00:00:00.000,30,29
2035-10-28T00:00:00.000,400.0,150.88530890886625,2.6927123857923565,7.032377814580029,-2.5947593218028544,5.45410075639256,1.5805891210854845,10.892191325821015,2036-12-01T00:00:00.000,30,30
2035-10-28T00:00:00.000,410.0,82.89755097955903,2.7473770620817355,3.2911806286202143,5.2519602835754124,4.4568857277592056,7.792701581702076,-1.5190532076900052,2036-12-11T00:00:00.000,30,31
2035-10-28T00:00:00.000,420.0,60.95825531183727,2.487910635236968,4.180583275793232,3.3187369738159838,3.9031953792592233,6.546959767828902,1.6913423490223494,2036-12-21T00:00:00.000,30,32
2035-10-28T00:00:00.000,430.0,55.51763659770005,2.1189657105592836,4.5390358626418355,2.939271831285678,3.4954147115328844,6.124806772754763,2.4055050589256552,2036-12-31T00:00:00.000,30,33
2035-10-28T00:00:00.000,440.0,51.18301764919276,1.725630017324896,4.779445027132909,2.8145993924978283,3.091543779080016,5.86008498398542,2.6990329178602135,2037-01-10T00:00:00.000,30,34
2035-10-28T00:00:00.000,450.0,47.16821151782058,1.3111794666361334,4.966246902556762,2.7738821292792357,2.6832960707178835,5.646325536873306,2.8437900144600903,2037-01-20T00:00:00.000,30,35
2035-10-28T00:00:00.000,460.0,43.3662153083201,0.8752555275277203,5.117650386890718,2.7678794300822975,2.2683253343849863,5.450841790841611,2.9170600365645463,2037-01-30T00:00:00.000,30,36
2035-10-28T00:00:00.000,470.0,39.765194791745294,0.4170053526555897,5.239829070594524,2.776706342156167,1.844929690677521,5.259749429475594,2.948976969617261,2037-02-09T00:00:00.000,30,37
2035-10-28T00:00:00.000,480.0,36.37581730656088,-0.06454945614909136,5.334554919083148,2.7904333075144203,1.4113716482567096,5.06563390198799,2.9535064835019327,2037-02-19T00:00:00.000,30,38
2035-10-28T00:00:00.000,490.0,33.21845884813075,-0.5704594645682448,5.401556718843969,2.803220578484108,0.9657201333017227,4.863668462606572,2.937783613221484,2037-03-01T00:00:00.000,30,39
2035-10-28T00:00:00.000,500.0,30.32159029209111,-1.1018539026835903,5.4393954021408515,2.811110133174512,0.5057766848327567,4.650087461724166,2.90559233814491,2037-03-11T00:00:00.000,30,40
2035-10-28T00:00:00.000,510.0,27.723209735017875,-1.6599724091352996,5.4458151428430295,2.811054674714958,0.02901045979507444,4.421462696933901,2.858852173139134,2037-03-21T00:00:00.000,30,41
2035-10-28T00:00:00.000,520.0,25.47375414969862,-2.246207517701059,5.417862244589723,2.8004265169846376,-0.46751643370804175,4.174285222710488,2.7983075980621557,2037-03-31T00:00:00.000,30,42
2035-10-28T00:00:00.000,530.0,23.640400456566766,-2.8621547406049146,5.351901363316842,2.7767410093312495,-0.9872411129420833,3.904661122489756,2.723853329384804,2037-04-10T00:00:00.000,30,43
2035-10-28T00:00:00.000,540.0,22.31318982325761,-3.5097151041387136,5.243546017343304,2.7374718402555835,-1.534217391264729,3.6080306012900003,2.63466923915572,2037-04-20T00:00:00.000,30,44
2035-10-28T00:00:00.000,550.0,21.613822180859763,-4.19122082203242,5.087489003223807,2.6798865082189547,-2.113265239778997,3.278855244673341,2.5292371363080424,2037-04-30T00:00:00.000,30,45
2035-10-28T00:00:00.000,560.0,21.70849197611729,-4.90959177012007,4.877235749733465,2.600875596470961,-2.7301607146111486,2.910225641670632,2.4052652999355377,2037-05-10T00:00:00.000,30,46
2035-10-28T00:00:00.000,570.0,22.826971359666814,-5.6685401117346625,4.604694752762855,2.496741881907984,-3.391877169691451,2.4933328268795805,2.259520311879804,2037-05-20T00:00:00.000,30,47
2035-10-28T00:00:00.000,580.0,25.29155728135074,-6.472823257326246,4.259554118820574,2.3629083359241037,-4.106888801152131,2.016724842570081,2.087544626033809,2037-05-30T00:00:00.000,30,48
2035-10-28T00:00:00.000,590.0,29.561934743416202,-7.328538776148402,3.8283377414767408,2.193492316833436,-4.885544349699806,1.465228947241755,1.8832140830764086,2037-06-09T00:00:00.000,30,49
2035-10-28T00:00:00.000,600.0,36.30632342600208,-8.243437603411051,3.292962172275004,1.9806629040411163,-5.74050556893604,0.8183500561099315,1.6380544632829714,2037-06-19T00:00:00.000,30,50
2035-11-07T00:00:00.000,100.0,556.512929406302,10.87622469736237,-2.9613231419499986,-1.7223159139942767,22.57897193130193,6.0368546967751975,3.2030206527284317,2036-02-15T00:00:00.000,31,0
2035-11-07T00:00:00.000,110.0,510.6508405874483,10.22425954389812,-2.7607459282681357,-1.608614680414965,21.381365998665956,6.456118159252611,3.4360685284651,2036-02-25T00:00:00.000,31,1
2035-11-07T00:00:00.000,120.0,472.10620810142166,9.720309438853937,-2.5456252437070517,-1.4931156794757499,20.30828927023842,6.815364938379965,3.637361100364082,2036-03-06T00:00:00.000,31,2
2035-11-07T00:00:00.000,130.0,438.92921261065476,9.323900451597876,-2.31496932636609,-1.3740831448156468,19.33063316517785,7.122389996829149,3.811481965987632,2036-03-16T00:00:00.000,31,3
2035-11-07T00:00:00.000,140.0,409.82066985761554,9.005733822573363,-2.0692032736683625,-1.2507898338872168,18.428396151744032,7.383561931145856,3.9620573369065504,2036-03-26T00:00:00.000,31,4
2035-11-07T00:00:00.000,150.0,383.88678128092494,8.74418422909685,-1.8095687429816567,-1.1231281411214165,17.587435692234088,7.6042142391880745,4.092042626486773,2036-04-05T00:00:00.000,31,5
2035-11-07T00:00:00.000,160.0,360.4948791290951,8.52306287281365,-1.5377511446353909,-0.9913684926272779,16.797478882175213,7.7888896409168,4.203900628415454,2036-04-15T00:00:00.000,31,6
2035-11-07T00:00:00.000,170.0,339.18534189275806,8.330128781033876,-1.255625427141144,-0.8559947245879931,16.050866689978783,7.941501548836619,4.299717844593204,2036-04-25T00:00:00.000,31,7
2035-11-07T00:00:00.000,180.0,319.6161269686443,8.156042381547648,-0.96510234521309,-0.7175994014134539,15.341742292181713,8.065446299830658,4.381283646772401,2036-05-05T00:00:00.000,31,8
2035-11-07T00:00:00.000,190.0,301.52691176356456,7.993634098215786,-0.6680417402534626,-0.5768219660214537,14.665515480542718,8.163685516589155,4.4501467660919864,2036-05-15T00:00:00.000,31,9
2035-11-07T00:00:00.000,200.0,284.7153502393196,7.837376170312904,-0.3661979404504212,-0.43430747304345285,14.018502022045485,8.238809162212583,4.507657361187537,2036-05-25T00:00:00.000,31,10
2035-11-07T00:00:00.000,210.0,269.0210275291101,7.68299186612491,-0.06119043197951335,-0.29068173016424215,13.39767676745903,8.293085346954118,4.554999472220995,2036-06-04T00:00:00.000,31,11
2035-11-07T00:00:00.000,220.0,254.31441684335772,7.527161949641815,0.2455094015883681,-0.1465369583309606,12.800502016716697,8.328500656349924,4.5932169315816544,2036-06-14T00:00:00.000,31,12
2035-11-07T00:00:00.000,230.0,240.4891524323389,7.367299445273093,0.5525796376833068,-0.002424838454697209,12.224806484821935,8.346793358091812,4.623234741856493,2036-06-24T00:00:00.000,31,13
2035-11-07T00:00:00.000,240.0,227.4565452158986,7.201374890376776,0.8588368227855092,0.14114202028737743,11.668698966129122,8.349481031615511,4.645877329035766,2036-07-04T00:00:00.000,31,14
2035-11-07T00:00:00.000,250.0,215.1416327865255,7.027794808508111,1.1632201632598225,0.2836832380568852,11.130505734981767,8.337883678347335,4.661884880218796,2036-07-14T00:00:00.000,31,15
2035-11-07T00:00:00.000,260.0,203.4802758226937,6.845302400775153,1.4647929071923045,0.4247523535532469,10.608723655423203,8.313142682360123,4.671928613354467,2036-07-24T00:00:00.000,31,16
2035-11-07T00:00:00.000,270.0,192.41701821765176,6.652884933463175,1.7627262818031362,0.5639285447302118,10.101985410737562,8.276235920046524,4.676625703926804,2036-08-03T00:00:00.000,31,17
2035-11-07T00:00:00.000,280.0,181.90350108314274,6.449712597904303,2.0562805651813463,0.7008033080127349,9.609033475187985,8.227989283977784,4.676555259868763,2036-08-13T00:00:00.000,31,18
2035-11-07T00:00:00.000,290.0,171.8972710913499,6.235091120951619,2.3447921883362106,0.834966845000439,9.128699917766316,8.16908420764048,4.672276972869017,2036-08-23T00:00:00.000,31,19
2035-11-07T00:00:00.000,300.0,162.36088756785415,6.00842361620313,2.627664193396811,0.9659906964211586,8.659890530234588,8.100060292270783,4.664354921506899,2036-09-02T00:00:00.000,31,20
2035-11-07T00:00:00.000,310.0,153.26126893694672,5.769178896075585,2.904360143625034,1.0934044065486699,8.201572300077359,8.021311283876873,4.6533908100115635,2036-09-12T00:00:00.000,31,21
2035-11-07T00:00:00.000,320.0,144.56924956914142,5.516864268608078,3.174402856383768,1.2166602185330522,7.752763664902508,7.933070946684083,4.640074404595875,2036-09-22T00:00:00.000,31,22
2035-11-07T00:00:00.000,330.0,136.2593594833088,5.251002768058276,3.4373772143665455,1.3350734761712983,7.312527698660801,7.835381978072988,4.625266197454627,2036-10-02T00:00:00.000,31,23
2035-11-07T00:00:00.000,340.0,128.30989210097488,4.971129011624787,3.6929561251675587,1.4477232932926736,6.879968673112135,7.728033392695632,4.610143494442635,2036-10-12T00:00:00.000,31,24
2035-11-07T00:00:00.000,350.0,120.70344233860457,4.676770007433317,3.940983062110554,1.5532787354483242,6.454233312202801,7.610433241585657,4.59647914882949,2036-10-22T00:00:00.000,31,25
2035-11-07T00:00:00.000,360.0,113.42848418748102,4.367414434920898,4.18162690676693,1.6496229607485917,6.034524076338105,7.481335498936588,4.5872238349494125,2036-11-01T00:00:00.000,31,26
2035-11-07T00:00:00.000,370.0,106.48363686479583,4.042477520832195,4.415773382057454,1.732981212183133,5.6201436197354155,7.338192519317147,4.587870214792588,2036-11-11T00:00:00.000,31,27
2035-11-07T00:00:00.000,380.0,99.89047574123991,3.7012042997456476,4.646139563542974,1.795551840097528,5.210638133872131,7.175369860296183,4.610183656540226,2036-11-21T00:00:00.000,31,28
2035-11-07T00:00:00.000,390.0,93.7424176521694,3.3423046045277065,4.881181843141064,1.8173678218510663,4.806359805106851,6.977942303163424,4.685044747891418,2036-12-01T00:00:00.000,31,29
2035-11-07T00:00:00.000,400.0,88.49941332116765,2.9617631060437937,5.155516414185723,1.7246633700246532,4.411886133867739,6.689369118990157,4.928185756731789,2036-12-11T00:00:00.000,31,30
2035-11-07T00:00:00.000,410.0,91.49956669564841,2.5047286689274806,5.837381171435448,0.8032154935892617,4.111532399446304,5.725188614361183,6.466612973879046,2036-12-21T00:00:00.000,31,31
2035-11-07T00:00:00.000,420.0,74.46742870855051,2.181305283393378,4.728784764649397,3.592921696481692,3.5752438437173737,7.5596673065543705,2.129903843070039,2036-12-31T00:00:00.000,31,32
2035-11-07T00:00:00.000,430.0,67.99112106314666,1.760978064803819,5.203864549249065,2.870780996081732,3.159597164651558,6.852900145631217,3.3235262018344525,2037-01-10T00:00:00.000,31,33
2035-11-07T00:00:00.000,440.0,62.8994440641757,1.3139258803793687,5.399189624746832,2.767323392342668,2.755137660204614,6.549525747135952,3.523119785800816,2037-01-20T00:00:00.000,31,34
2035-11-07T00:00:00.000,450.0,57.94118535304682,0.8483358286271212,5.531866774839562,2.7517732170671754,2.346613329426873,6.302586582065004,3.5653882833118065,2037-01-30T00:00:00.000,31,35
2035-11-07T00:00:00.000,460.0,53.15355124470969,0.36344149618228627,5.62784617970188,2.7595495146103346,1.9332298179484937,6.067083242968899,3.550587928581761,2037-02-09T00:00:00.000,31,36
2035-11-07T00:00:00.000,470.0,48.567919546150875,-0.14137880550432058,5.692916523948609,2.7719478904713313,1.513947704984215,5.829391309574859,3.506291324544641,2037-02-19T00:00:00.000,31,37
2035-11-07T00:00:00.000,480.0,44.208186890156995,-0.6666111419573468,5.727847868475084,2.781017449977501,1.0874535268797842,5.583240607066632,3.4428267514697772,2037-03-01T00:00:00.000,31,38
2035-11-07T00:00:00.000,490.0,40.09811733803137,-1.2126585004568184,5.731531591209529,2.78235718153481,0.6522097429710705,5.32466717526253,3.3646187394542544,2037-03-11T00:00:00.000,31,39
2035-11-07T00:00:00.000,500.0,36.26577218319192,-1.7798749331878199,5.701902391920435,2.7729606814176995,0.20645796691442797,5.050449723256406,3.2735462245016134,2037-03-21T00:00:00.000,31,40
2035-11-07T00:00:00.000,510.0,32.74688441147798,-2.3685896006150244,5.636246247756847,2.7503988091998077,-0.25180344442377134,4.757470793247201,3.1701657824558875,2037-03-31T00:00:00.000,31,41
2035-11-07T00:00:00.000,520.0,29.58829660130038,-2.9791248807101667,5.531307731136908,2.7124556306387144,-0.7248578031977573,4.442373625373669,3.054209282126571,2037-04-10T00:00:00.000,31,42
2035-11-07T00:00:00.000,530.0,26.852148055079198,-3.6118540072602023,5.383293154521811,2.6569349188546054,-1.2153229453077259,4.101312742166776,2.924785801495247,2037-04-20T00:00:00.000,31,43
2035-11-07T00:00:00.000,540.0,24.62145700162046,-4.267266497380014,5.187785906388241,2.5815201645063226,-1.7262180722161773,3.729716384980641,2.7804395077724067,2037-04-30T00:00:00.000,31,44
2035-11-07T00:00:00.000,550.0,23.007899857342764,-4.946044677619444,4.939597311926249,2.4836510902205617,-2.2610454350970635,3.3220150328652736,2.6191199894595574,2037-05-10T00:00:00.000,31,45
2035-11-07T00:00:00.000,560.0,22.162941360371477,-5.649162836260469,4.632530323695461,2.360385893935754,-2.8238884409993332,2.871297460411398,2.4380825102930554,2037-05-20T00:00:00.000,31,46
2035-11-07T00:00:00.000,570.0,22.294095077929704,-6.378002789296444,4.2590197014795095,2.2082209124078496,-3.4195262223723475,2.3688503803171734,2.2337151492768257,2037-05-30T00:00:00.000,31,47
2035-11-07T00:00:00.000,580.0,23.689145507366543,-7.1344750386046485,3.809598632818126,2.0228389787809915,-4.053560896676178,1.803521822921386,2.001274243713411,2037-06-09T00:00:00.000,31,48
2035-11-07T00:00:00.000,590.0,26.752947729520073,-7.921126419559621,3.2721076283491115,1.798745418339788,-4.73254483623424,1.1608200585205353,1.7344924024881418,2037-06-19T00:00:00.000,31,49
2035-11-07T00:00:00.000,600.0,32.06449527498444,-8.741167652866167,2.6305224645475924,1.528729739974585,-5.464074742537342,0.4216140196620657,1.4249996846927075,2037-06-29T00:00:00.000,31,50
2035-11-17T00:00:00.000,100.0,674.0817854496938,12.539637784956247,-2.559321769738809,-1.4519477602330162,23.81230751260179,9.23037734408897,4.6750326694806335,2036-02-25T00:00:00.000,32,0
2035-11-17T00:00:00.000,110.0,617.7524667959043,11.781227615192654,-2.3502656393286934,-1.339191611500059,22.41048574247357,9.582838989061264,4.867421544516193,2036-03-06T00:00:00.000,32,1
2035-11-17T00:00:00.000,120.0,570.522826183815,11.18387313605538,-2.120746664311756,-1.2206446211604762,21.15926761502593,9.875136468477548,5.028906432662558,2036-03-16T00:00:00.000,32,2
2035-11-17T00:00:00.000,130.0,529.964820291644,10.70321612980291,-1.8717493018740516,-1.0957246596759718,20.0247346016454,10.114888030179978,5.1637064752202155,2036-03-26T00:00:00.000,32,3
2035-11-17T00:00:00.000,140.0,494.4586248930402,10.307337119982389,-1.6051579330500663,-0.9645483721238552,18.983310090445087,10.308463462376983,5.2752387574293484,2036-04-05T00:00:00.000,32,4
2035-11-17T00:00:00.000,150.0,462.88848581603975,9.972818534456003,-1.3233088814773035,-0.8276370743782453,18.018114282434464,10.461284103068548,5.366337525357138,2036-04-15T00:00:00.000,32,5
2035-11-17T00:00:00.000,160.0,434.4637550047366,9.68223108063493,-1.028698207030084,-0.6857244613243014,17.116726015824103,10.578017179557639,5.439393169548455,2036-04-25T00:00:00.000,32,6
2035-11-17T00:00:00.000,170.0,408.6095919643446,9.422444537241025,-0.7238101292458392,-0.5396375387295502,16.26976656775603,10.662709876048302,5.496444841376539,2036-05-05T00:00:00.000,32,7
2035-11-17T00:00:00.000,180.0,384.8980848814108,9.183479354472567,-0.4110235999895018,-0.39022764048288305,15.469980190274264,10.718887861022159,5.5392455097029645,2036-05-15T00:00:00.000,32,8
2035-11-17T00:00:00.000,190.0,363.0036296343249,8.95769994289602,-0.09255721188523758,-0.2383260068398565,14.711622853145768,10.749631244116705,5.569309721736983,2036-05-25T00:00:00.000,32,9
2035-11-17T00:00:00.000,200.0,342.6733332188821,8.739233164368716,0.2295571736742854,-0.08471789897404758,13.990047660125663,10.75763524380429,5.587949860866185,2036-06-04T00:00:00.000,32,10
2035-11-17T00:00:00.000,210.0,323.7069699849267,8.523541392168214,0.5534828798512983,0.06987174853464584,13.301418503248353,10.745260001261284,5.596304431646243,2036-06-14T00:00:00.000,32,11
2035-11-17T00:00:00.000,220.0,305.9431525710061,8.307102256553712,0.8775740293780423,0.2247849748071573,12.642508968129313,10.714572314431388,5.595360549651505,2036-06-24T00:00:00.000,32,12
2035-11-17T00:00:00.000,230.0,289.24963405704455,8.087165195357812,1.2003583735798706,0.3794291996436865,12.010559084282658,10.6673811708835,5.585972027774576,2036-07-04T00:00:00.000,32,13
2035-11-17T00:00:00.000,240.0,273.5163989177447,7.861579606903849,1.5205150946806505,0.5332708521109453,11.403171581067586,10.605268427770609,5.568874068014938,2036-07-14T00:00:00.000,32,14
2035-11-17T00:00:00.000,250.0,258.6506427916264,7.628658264920081,1.8368696264231694,0.6858385476623887,10.818234750471063,10.529615252533835,5.544694969872869,2036-07-24T00:00:00.000,32,15
2035-11-17T00:00:00.000,260.0,244.57309430020172,7.387056976651817,2.148370752179215,0.8367178278494816,10.253865077907875,10.441625139011952,5.513964972741181,2036-08-03T00:00:00.000,32,16
2035-11-17T00:00:00.000,270.0,231.21529226765878,7.135692750850107,2.4540642594121884,0.9855431460756066,9.708364075567156,10.34234440384589,5.477122554419746,2036-08-13T00:00:00.000,32,17
2035-11-17T00:00:00.000,280.0,218.51753218660002,6.873680977702903,2.7530715103579553,1.131993026337022,9.18018484039627,10.23268061948559,5.434517993563232,2036-08-23T00:00:00.000,32,18
2035-11-17T00:00:00.000,290.0,206.42729634125936,6.600285915527209,3.044569343364987,1.2757868782566275,8.667905683787575,10.11341957249324,5.3864136444329125,2036-09-02T00:00:00.000,32,19
2035-11-17T00:00:00.000,300.0,194.8980377429906,6.314880901826054,3.3277698129690947,1.4166846202744594,8.170208953530349,9.985241534652479,5.332979926203936,2036-09-12T00:00:00.000,32,20
2035-11-17T00:00:00.000,310.0,183.8882234404327,6.016915844633248,3.601898270381927,1.5544892217124984,7.685863656832083,9.848737945517042,5.274285180908708,2036-09-22T00:00:00.000,32,21
2035-11-17T00:00:00.000,320.0,173.36057212295162,5.705891852169172,3.866163577067912,1.689051511935185,7.21371106367188,9.704430330720273,5.210276074164013,2036-10-02T00:00:00.000,32,22
2035-11-17T00:00:00.000,330.0,163.2814265371595,5.381357614866789,4.1197283874001,1.8202855249755459,6.752652250269723,9.552794452268293,5.140742385764811,2036-10-12T00:00:00.000,32,23
2035-11-17T00:00:00.000,340.0,153.62018768408396,5.042895344180771,4.361688520421692,1.9482114971073026,6.3016359339111006,9.394294981690203,5.065253600513462,2036-10-22T00:00:00.000,32,24
2035-11-17T00:00:00.000,350.0,144.34877342694242,4.6901041725480415,4.591018303100364,2.07302380078006,5.859646738407719,9.229442620366582,4.983041485415412,2036-11-01T00:00:00.000,32,25
2035-11-17T00:00:00.000,360.0,135.44101439332155,4.322600992818362,4.80648500530652,2.195229510640292,5.425692689792665,9.058899669603596,4.892771198953397,2036-11-11T00:00:00.000,32,26
2035-11-17T00:00:00.000,370.0,126.87179608500156,3.9400266047895265,5.006495594855288,2.3159517068666506,4.998789008769538,8.883697489690567,4.792058372189547,2036-11-21T00:00:00.000,32,27
2035-11-17T00:00:00.000,380.0,118.61552381557107,3.542058898956169,5.188757837850918,2.437652292721669,4.577932508608722,8.705743246260306,4.676333210153824,2036-12-01T00:00:00.000,32,28
2035-11-17T00:00:00.000,390.0,110.64278804427494,3.1284429457768894,5.349377238476286,2.5661232889534107,4.162051753839837,8.529202454963182,4.535726923535379,2036-12-11T00:00:00.000,32,29
2035-11-17T00:00:00.000,400.0,102.9121547814852,2.6990615283363546,5.479792782951408,2.7173747236384704,3.7498929486770507,8.365243281835605,4.34432532053616,2036-12-21T00:00:00.000,32,30
2035-11-17T00:00:00.000,410.0,95.35771119167323,2.254031304752946,5.5512567437742435,2.9530979509459283,3.339859326247513,8.256149089793551,4.004878659791312,2036-12-31T00:00:00.000,32,31
2035-11-17T00:00:00.000,420.0,89.27218804088359,1.7815228914022008,5.302530143535045,3.8909688132502844,2.9487777257463996,8.605625273475647,2.5534509232688753,2037-01-10T00:00:00.000,32,32
2035-11-17T00:00:00.000,430.0,88.64101948215111,1.2490981202982283,6.43487673646076,1.674390094253758,2.627831412011094,6.763307290078648,5.999432977554453,2037-01-20T00:00:00.000,32,33
2035-11-17T00:00:00.000,440.0,77.52905959582725,0.7904955512544056,6.198112936262076,2.376709057084905,2.1645149835076047,7.0052915294102664,4.875430757376326,2037-01-30T00:00:00.000,32,34
2035-11-17T00:00:00.000,450.0,70.61217667279533,0.28111555776169084,6.18580591362215,2.5564366435868173,1.7536033278003416,6.847864219233186,4.543545716339692,2037-02-09T00:00:00.000,32,35
2035-11-17T00:00:00.000,460.0,64.38168893733726,-0.24897699726421152,6.1842404756448275,2.644371809683484,1.3470920162127307,6.619296296963247,4.33035201458286,2037-02-19T00:00:00.000,32,36
2035-11-17T00:00:00.000,470.0,58.545419876607966,-0.7970721755638301,6.166249237605953,2.6920770802167473,0.9399128527328884,6.357062596480626,4.153280492610931,2037-03-01T00:00:00.000,32,37
2035-11-17T00:00:00.000,480.0,53.04033814324411,-1.3622454071887269,6.122477157559068,2.713131581060436,0.5299258634611697,6.070392554507075,3.988715451954941,2037-03-11T00:00:00.000,32,38
2035-11-17T00:00:00.000,490.0,47.85549914614334,-1.9438366315831566,6.047592447663691,2.7120320241210716,0.11552373816130412,5.761668366849408,3.826921875673901,2037-03-21T00:00:00.000,32,39
2035-11-17T00:00:00.000,500.0,43.0014798569609,-2.5411762562831157,5.937459977898812,2.690129010920942,-0.3048121725889672,5.430730806677866,3.6627492818649854,2037-03-31T00:00:00.000,32,40
2035-11-17T00:00:00.000,510.0,38.503453367256405,-3.1535046619035327,5.788294009802164,2.6473948592055234,-0.7326486353751989,5.076102116185188,3.4928307503226543,2037-04-10T00:00:00.000,32,41
2035-11-17T00:00:00.000,520.0,34.40062145000491,-3.779977905339493,5.596320006315397,2.583072497471303,-1.169664500077591,4.695372683703662,3.314510788697576,2037-04-20T00:00:00.000,32,42
2035-11-17T00:00:00.000,530.0,30.748397750203516,-4.419692121132229,5.357573786151759,2.4959294789899813,-1.617693207226857,4.285286470285156,3.125345789682574,2037-04-30T00:00:00.000,32,43
2035-11-17T00:00:00.000,540.0,27.622618022433805,-5.07171801821756,5.067743134710508,2.384351264732934,-2.0787580763174454,3.841681721056089,2.922817893178144,2037-05-10T00:00:00.000,32,44
2035-11-17T00:00:00.000,550.0,25.125980889552164,-5.735151453284455,4.721992656036788,2.24634835063645,-2.555104495232431,3.3593329614281497,2.704127208963654,2037-05-20T00:00:00.000,32,45
2035-11-17T00:00:00.000,560.0,23.397470643582714,-6.4091708310781765,4.314731967686331,2.079498817362378,-3.0492280618145635,2.8316991618384844,2.466000553014646,2037-05-30T00:00:00.000,32,46
2035-11-17T00:00:00.000,570.0,22.62609104902516,-7.09308998385767,3.8392938132046943,1.8808289255746535,-3.563893367725697,2.250560844380731,2.204479756823873,2037-06-09T00:00:00.000,32,47
2035-11-17T00:00:00.000,580.0,23.071066080776045,-7.786392074523019,3.2874746774275927,1.6466192655249685,-4.102131774959503,1.6055102305567086,1.9146586853069634,2037-06-19T00:00:00.000,32,48
2035-11-17T00:00:00.000,590.0,25.091979051163577,-8.48869476832034,2.6488789132284083,1.3721102484720582,-4.667194835935405,0.8832369843140864,1.5903345069894028,2037-06-29T00:00:00.000,32,49
2035-11-17T00:00:00.000,600.0,29.194492195281747,-9.19959645496944,1.910015044867169,1.0510872351086658,-5.262418303660574,0.06652254283898706,1.2235279089069229,2037-07-09T00:00:00.000,32,50
2035-11-27T00:00:00.000,100.0,807.5200050386062,14.282885330282152,-1.8447445065857042,-1.0434235699640046,24.554558292852697,12.832819734552663,6.317626907469347,2036-03-06T00:00:00.000,33,0
2035-11-27T00:00:00.000,110.0,739.2579223176419,13.404099321550005,-1.6506216976125327,-0.9421643155140371,22.946512567355718,13.079815664014967,6.452434076316986,2036-03-16T00:00:00.000,33,1
2035-11-27T00:00:00.000,120.0,682.1529808328825,12.700881532919807,-1.42654199382809,-0.8295607468067283,21.517341424689448,13.271436082841882,6.559419421356469,2036-03-26T00:00:00.000,33,2
2035-11-27T00:00:00.000,130.0,633.2191945374766,12.124722598004428,-1.1763228658456355,-0.7065675308020187,20.227819439645216,13.414112596953617,6.641995068564712,2036-04-05T00:00:00.000,33,3
2035-11-27T00:00:00.000,140.0,590.4635305751262,11.640891427645235,-0.9039103878619832,-0.574417348174624,19.05042640185901,13.513473434677381,6.703045592322058,2036-04-15T00:00:00.000,33,4
2035-11-27T00:00:00.000,150.0,552.5125106305325,11.224030306727597,-0.6131499361310944,-0.43444724301416926,17.96526654195081,13.574465751906702,6.745041753577751,2036-04-25T00:00:00.000,33,5
2035-11-27T00:00:00.000,160.0,518.392571413502,10.855327626413537,-0.3076623665645908,-0.28799588266816967,16.957558176560994,13.601445511727578,6.770116106357196,2036-05-05T00:00:00.000,33,6
2035-11-27T00:00:00.000,170.0,487.39591898074144,10.520657368421722,0.009212152728229839,-0.1363484268564772,16.0160400258918,13.598249666004316,6.780117026334188,2036-05-15T00:00:00.000,33,7
2035-11-27T00:00:00.000,180.0,458.9959103164321,10.209311592592236,0.3344394712334431,0.019296267245115573,15.131930916176307,13.568257018731794,6.7766495068090356,2036-05-25T00:00:00.000,33,8
2035-11-27T00:00:00.000,190.0,432.7921877778426,9.913112060458557,0.6652936000177156,0.17784179791718913,14.298234365827932,13.514440876897611,6.761107126982879,2036-06-04T00:00:00.000,33,9
2035-11-27T00:00:00.000,200.0,408.4742440753231,9.625773818713988,0.9993451553301256,0.33830043722128345,13.509263762755022,13.439415271018705,6.734697753926773,2036-06-14T00:00:00.000,33,10
2035-11-27T00:00:00.000,210.0,385.7967115833152,9.342438872688032,1.334440259898118,0.4997930129112005,12.760311904129916,13.34547583322797,6.69846448653449,2036-06-24T00:00:00.000,33,11
2035-11-27T00:00:00.000,220.0,364.56229192621225,9.059329014469718,1.66866928246972,0.6615417254897729,12.0474171372239,13.23463616403467,6.653302777836122,2036-07-04T00:00:00.000,33,12
2035-11-27T00:00:00.000,230.0,344.60976080825145,8.773499149911443,2.000332657773221,0.8228592224619122,11.367194987695372,13.108660369577352,6.599974411695608,2036-07-14T00:00:00.000,33,13
2035-11-27T00:00:00.000,240.0,325.80537630342076,8.482645964865377,2.3279254247710597,0.9831481545801006,10.716714141795041,12.969091881451254,6.539118447997873,2036-07-24T00:00:00.000,33,14
2035-11-27T00:00:00.000,250.0,308.03665589732594,8.18494716730018,2.6501054368574835,1.141893159576707,10.093404535501225,12.817279216550896,6.471259094258371,2036-08-03T00:00:00.000,33,15
2035-11-27T00:00:00.000,260.0,291.20781842126075,7.878949572123892,2.96565924696543,1.298650938533351,9.494988408817584,12.654399508263955,6.396810660237601,2036-08-13T00:00:00.000,33,16
2035-11-27T00:00:00.000,270.0,275.2363886756291,7.563483730542217,3.2734737885430683,1.4530443700858777,8.919427393873868,12.481480175601847,6.316079184676169,2036-08-23T00:00:00.000,33,17
2035-11-27T00:00:00.000,280.0,260.05063483575,7.23759746755794,3.572510061361996,1.6047592052174462,8.364881291514632,12.299419338356836,6.229259968396916,2036-09-02T00:00:00.000,33,18
2035-11-27T00:00:00.000,290.0,245.58761092196394,6.900503364011385,3.8617771431929597,1.7535445981578004,7.829675484114102,12.109005835555672,6.136429777150979,2036-09-12T00:00:00.000,33,19
2035-11-27T00:00:00.000,300.0,231.79164278918537,6.551536733522772,4.140304866509986,1.8992177177299547,7.3122747749761,11.910940028200985,6.037531618884752,2036-09-22T00:00:00.000,33,20
2035-11-27T00:00:00.000,310.0,218.6131483663575,6.190123217660238,4.407108847375081,2.0416718973879666,6.811262268402849,11.705857276607246,5.93234861560667,2036-10-02T00:00:00.000,33,21
2035-11-27T00:00:00.000,320.0,206.00770552816942,5.815770014149975,4.661155806107697,2.1808964918465943,6.3253219264570255,11.494356944281238,5.820461020598379,2036-10-12T00:00:00.000,33,22
2035-11-27T00:00:00.000,330.0,193.93528079088333,5.428047973526677,4.901338599643966,2.317024660744482,5.853223066702554,11.277041335482282,5.701175250781936,2036-10-22T00:00:00.000,33,23
2035-11-27T00:00:00.000,340.0,182.3595982321587,5.026571963458318,5.126419544873693,2.45040298197907,5.393807105982958,11.054573840803316,5.573404734435985,2036-11-01T00:00:00.000,33,24
2035-11-27T00:00:00.000,350.0,171.2476260396231,4.610998607278516,5.3349505213692385,2.5817172551067156,4.945976232570782,10.82777368978257,5.435463372088935,2036-11-11T00:00:00.000,33,25
2035-11-27T00:00:00.000,360.0,160.5691670583165,4.181027415853091,5.525150681569366,2.712230675168816,4.508683561976177,10.597782718169496,5.284689305413358,2036-11-21T00:00:00.000,33,26
2035-11-27T00:00:00.000,370.0,150.29663143977987,3.736402435169081,5.694685694302645,2.84425373285773,4.080926002024608,10.366383885542172,5.1167137445191235,2036-12-01T00:00:00.000,33,27
2035-11-27T00:00:00.000,380.0,140.4053660188091,3.276910947856962,5.840218177528039,2.9821442277409416,3.661745629845303,10.136668487543952,4.9239147976738336,2036-12-11T00:00:00.000,33,28
2035-11-27T00:00:00.000,390.0,130.87617463552138,2.8023613295188383,5.956369300764212,3.1346817440193697,3.2502646008981024,9.914603375341779,4.691758153329249,2036-12-21T00:00:00.000,33,29
2035-11-27T00:00:00.000,400.0,121.70816704905486,2.312461613211905,6.032885756711249,3.3216491395162553,2.845877420798505,9.713329189161849,4.388665493953776,2036-12-31T00:00:00.000,33,30
2035-11-27T00:00:00.000,410.0,112.99488984306676,1.806083411504975,6.044918387123429,3.596942722438828,2.44940026833471,9.568000023030349,3.930483905047807,2037-01-10T00:00:00.000,33,31
2035-11-27T00:00:00.000,420.0,105.64391815377878,1.2741460515349736,5.9031707980577135,4.171089796164679,2.0738925986836776,9.611957025451568,2.992184784363441,2037-01-20T00:00:00.000,33,32
2035-11-27T00:00:00.000,430.0,132.55934315489648,0.39487266919718067,4.7667731765072885,7.350050205346044,2.210839624767857,11.125820466478567,-1.9717125186343547,2037-01-30T00:00:00.000,33,33
2035-11-27T00:00:00.000,440.0,119.80930665333459,-0.09881928734751,7.922327678016899,0.16589322758958458,1.7465902731762988,6.027758463304311,8.967990687943637,2037-02-09T00:00:00.000,33,34
2035-11-27T00:00:00.000,450.0,88.52901877993955,-0.4347604250407713,7.041190851272688,1.9116992774490105,1.0127890827493253,7.0434645631550215,6.155719616859005,2037-02-19T00:00:00.000,33,35
2035-11-27T00:00:00.000,460.0,78.16632223808249,-0.9823421981965232,6.81205225412196,2.3218527383780594,0.5867213615405831,7.000180711582432,5.368384327447479,2037-03-01T00:00:00.000,33,36
2035-11-27T00:00:00.000,470.0,70.17540363030096,-1.5621371166633793,6.659008779433632,2.4885307515672364,0.1922991543712982,6.7739227563647635,4.924672086173113,2037-03-11T00:00:00.000,33,37
2035-11-27T00:00:00.000,480.0,63.07405905952466,-2.158764010477565,6.5071920495549485,2.558588745053378,-0.19339739942224554,6.473848463235592,4.596296615807506,2037-03-21T00:00:00.000,33,38
2035-11-27T00:00:00.000,490.0,56.53580117487238,-2.7676474521815138,6.333592522015265,2.5734481610207007,-0.5762792547417028,6.129342605926611,4.316811626026726,2037-03-31T00:00:00.000,33,39
2035-11-27T00:00:00.000,500.0,50.4651605132616,-3.3861210357284115,6.1275113441402125,2.5486695214089266,-0.958970919870584,5.7504648464095585,4.059272020733775,2037-04-10T00:00:00.000,33,40
2035-11-27T00:00:00.000,510.0,44.84186576257895,-4.011943411889334,5.8823489453366875,2.49088209054492,-1.3431451814825621,5.340443404110415,3.8101825456968177,2037-04-20T00:00:00.000,33,41
2035-11-27T00:00:00.000,520.0,39.681733942704696,-4.642928116944933,5.5931136664941,2.402914089012582,-1.730137653506283,4.899357764176871,3.5615517883675762,2037-04-30T00:00:00.000,33,42
2035-11-27T00:00:00.000,530.0,35.02577771719785,-5.276837647656826,5.255459734573741,2.285706415989444,-2.1211531786036453,4.425437391811284,3.307868014485469,2037-05-10T00:00:00.000,33,43
2035-11-27T00:00:00.000,540.0,30.93886288443974,-5.911369012940835,4.865216389182047,2.1391197377342612,-2.5173431608739207,3.9155326443126643,3.0447414350257906,2037-05-20T00:00:00.000,33,44
2035-11-27T00:00:00.000,550.0,27.51307893309087,-6.54417201067881,4.418076528837343,1.962285225623976,-2.9198290708333694,3.3652299631357323,2.7681951566717062,2037-05-30T00:00:00.000,33,45
2035-11-27T00:00:00.000,560.0,24.87475577247321,-7.172873596578643,3.9093161772918634,1.7537331084950099,-3.329692865181425,2.768772379700561,2.474227294619558,2037-06-09T00:00:00.000,33,46
2035-11-27T00:00:00.000,570.0,23.195531635094266,-7.795091585958186,3.3334726694243457,1.511387348048439,-3.747935071123596,2.1188371903084864,2.1584817114586983,2037-06-19T00:00:00.000,33,47
2035-11-27T00:00:00.000,580.0,22.708856227528322,-8.408395208054841,2.6839322519978275,1.232454981269413,-4.1753888482280885,1.4061754131458333,1.8159446305118951,2037-06-29T00:00:00.000,33,48
2035-11-27T00:00:00.000,590.0,23.73439747435792,-9.010183275823929,1.952411096309131,0.9132312873557638,-4.612564877553385,0.6190900647692033,1.4406145273538327,2037-07-09T00:00:00.000,33,49
2035-11-27T00:00:00.000,600.0,26.714389593342585,-9.597451969398627,1.12824624717706,0.5487956021372593,-5.059383138247622,-0.25729556923712593,1.0251004066964242,2037-07-19T00:00:00.000,33,50
2035-12-07T00:00:00.000,100.0,955.3936740765319,16.044163075569134,-0.7903346273483977,-0.4865423631757381,24.63567567300323,16.811340887848043,8.115169484594707,2036-03-16T00:00:00.000,34,0
2035-12-07T00:00:00.000,110.0,873.928412181551,15.03653579444697,-0.6377787748056785,-0.4086387088980888,22.826939542238605,16.912440201567644,8.174876741880157,2036-03-26T00:00:00.000,34,1
2035-12-07T00:00:00.000,120.0,805.935063497116,14.219564894978218,-0.4416944057102534,-0.3120706971003566,21.226549810808905,16.968415237352616,8.212279279173593,2036-04-05T00:00:00.000,34,2
2035-12-07T00:00:00.000,130.0,747.7917023199976,13.540527323278411,-0.20970598375104021,-0.19976120687535182,19.789698122435947,16.98337617094232,8.229488707029216,2036-04-15T00:00:00.000,34,3
2035-12-07T00:00:00.000,140.0,697.081031463404,12.961828803813747,0.051512759355573756,-0.07435288656764083,18.48471167564498,16.961376993938746,8.228496594224461,2036-04-25T00:00:00.000,34,4
2035-12-07T00:00:00.000,150.0,652.1374572202567,12.456103196179424,0.33611743388674853,0.06178566734628088,17.288520315690068,16.906262356581873,8.211139728725314,2036-05-05T00:00:00.000,34,5
2035-12-07T00:00:00.000,160.0,611.780803034216,12.003107010789059,0.6389893869556484,0.2065434238764472,16.183861453319686,16.821592681365914,8.179086205450211,2036-05-15T00:00:00.000,34,6
2035-12-07T00:00:00.000,170.0,575.1536484678662,11.587674756213087,0.9556523850605583,0.3580506855489922,15.157498787110988,16.71061430782082,8.133833563692418,2036-05-25T00:00:00.000,34,7
2035-12-07T00:00:00.000,180.0,541.6187011507488,11.198329097880041,1.2821981000022706,0.514660478176463,14.199054737687838,16.576255417220096,8.076713567409382,2036-06-04T00:00:00.000,34,8
2035-12-07T00:00:00.000,190.0,510.6922213955837,10.826311491218217,1.615218741979799,0.674929366752079,13.300226035419357,16.421136479896404,8.008900393371885,2036-06-14T00:00:00.000,34,9
2035-12-07T00:00:00.000,200.0,481.99977815427553,10.464889276287963,1.9517442382731076,0.8375982901001997,12.454245040449635,16.24758849481444,7.9314202214915195,2036-06-24T00:00:00.000,34,10
2035-12-07T00:00:00.000,210.0,455.2462214022496,10.10885101159866,2.2891790848584144,1.0015707749254323,11.655502622528793,16.057675077439153,7.845161000633674,2036-07-04T00:00:00.000,34,11
2035-12-07T00:00:00.000,220.0,430.1949146090445,9.754148280045648,2.625243336329387,1.1658905948098086,10.899279198315138,15.853216087909484,7.750881707023225,2036-07-14T00:00:00.000,34,12
2035-12-07T00:00:00.000,230.0,406.6530893002934,9.397624074008395,2.9579375063176947,1.329732235486441,10.181548768169375,15.635810906219024,7.649220305798774,2036-07-24T00:00:00.000,34,13
2035-12-07T00:00:00.000,240.0,384.4613756884631,9.036793542525857,3.28549508136007,1.4923854951589446,9.498834664782187,15.406860840919272,7.54069988317687,2036-08-03T00:00:00.000,34,14
2035-12-07T00:00:00.000,250.0,363.4862253697493,8.669688986014704,3.6063357593122856,1.653239426987537,8.848101971419858,15.167590735644378,7.425732835828406,2036-08-13T00:00:00.000,34,15
2035-12-07T00:00:00.000,260.0,343.6143392970789,8.29474243573954,3.9190269069676926,1.811771184579392,8.226675714726216,14.919069513138169,7.304622566838349,2036-08-23T00:00:00.000,34,16
2035-12-07T00:00:00.000,270.0,324.7485170562171,7.91069520546998,4.222249031330415,1.9675379468938914,7.632177785495244,14.662229818324164,7.177561985901324,2036-09-02T00:00:00.000,34,17
2035-12-07T00:00:00.000,280.0,306.80452924767746,7.516527360153088,4.514763342538995,2.1201727606687095,7.062477676578798,14.397887221919898,7.044627872384696,2036-09-12T00:00:00.000,34,18
2035-12-07T00:00:00.000,290.0,289.70873513576976,7.111402156572437,4.795379685344509,2.2693839696889615,6.515653533863414,14.126759702757337,6.905769650297815,2036-09-22T00:00:00.000,34,19
2035-12-07T00:00:00.000,300.0,273.3962576602917,6.69462350675504,5.062918707467647,2.4149567731604,5.989961222430377,13.84948864911038,6.76079036594353,2036-10-02T00:00:00.000,34,20
2035-12-07T00:00:00.000,310.0,257.80957610716945,6.265619658704725,5.316176734428364,2.5567634538772106,5.483809444796613,13.566663098858601,6.609316336989572,2036-10-12T00:00:00.000,34,21
2035-12-07T00:00:00.000,320.0,242.89741086352032,5.823919649355622,5.553903988304031,2.6947953756887904,4.995738822481531,13.278849385505644,6.450749063335785,2036-10-22T00:00:00.000,34,22
2035-12-07T00:00:00.000,330.0,228.61386221135803,5.3691294767323186,5.774757462769458,2.8292043898085746,4.524404988555446,12.986631226895557,6.284188976114086,2036-11-01T00:00:00.000,34,23
2035-12-07T00:00:00.000,340.0,214.917777146712,4.900926645027038,5.977242766798579,2.9603745987872143,4.06856535901051,12.690668583194324,6.108312694819766,2036-11-11T00:00:00.000,34,24
2035-12-07T00:00:00.000,350.0,201.77233330475153,4.419058649549999,6.159639086239471,3.089050023450983,3.6270692853641933,12.39178998464697,5.921169029872585,2036-11-21T00:00:00.000,34,25
2035-12-07T00:00:00.000,360.0,189.14491155440146,3.923342305550749,6.319883931109775,3.2165620241204227,3.1988527951704526,12.091147522595573,5.719825516225347,2036-12-01T00:00:00.000,34,26
2035-12-07T00:00:00.000,370.0,177.00749795133527,3.413661587175447,6.4553755536531945,3.345249958592837,2.7829418401765516,11.790495569273247,5.49972243813067,2036-12-11T00:00:00.000,34,27
2035-12-07T00:00:00.000,380.0,165.33832650353511,2.889955049946071,6.562601839223503,3.479289404174016,2.3784755316043302,11.492731275060624,5.25340922528771,2036-12-21T00:00:00.000,34,28
2035-12-07T00:00:00.000,390.0,154.12701952793853,2.3521723064576747,6.63635818885782,3.6264634245883096,1.984785810877387,11.203041862188918,4.967846399288225,2036-12-31T00:00:00.000,34,29
2035-12-07T00:00:00.000,400.0,143.39135647490787,1.800125332587566,6.667918730857345,3.802428485504566,1.6016641768176,10.931638653038682,4.617932946567944,2037-01-10T00:00:00.000,34,30
2035-12-07T00:00:00.000,410.0,133.24161938050761,1.232811505437418,6.639948285038638,4.042777961180206,1.230391567269539,10.701399277630603,4.148229679324283,2037-01-20T00:00:00.000,34,31
2035-12-07T00:00:00.000,420.0,124.21090228912999,0.6449147168303995,6.50838142926754,4.446656589396961,0.8790271378773049,10.575041577806694,3.406862076407693,2037-01-30T00:00:00.000,34,32
2035-12-07T00:00:00.000,430.0,120.21116204179113,-0.004482183847837717,6.104247592708093,5.421768809445126,0.6096545618568179,10.802380184444058,1.7742789261355343,2037-02-09T00:00:00.000,34,33
2035-12-07T00:00:00.000,440.0,288.09991278202756,-2.4752392417381515,3.5979027977353377,12.349999746769937,3.0821492881427233,14.117644719321476,-8.904626669694991,2037-02-19T00:00:00.000,34,34
2035-12-07T00:00:00.000,450.0,145.71430696376692,-1.6687625193846927,8.80735837319992,-0.6409963899996107,0.5996378281063173,5.80213794670182,10.568345976845839,2037-03-01T00:00:00.000,34,35
2035-12-07T00:00:00.000,460.0,99.09264138271993,-1.8890298753374708,7.612569091668697,1.5242900287490597,-0.3459692561807728,7.027233912984163,7.04208280189199,2037-03-11T00:00:00.000,34,36
2035-12-07T00:00:00.000,470.0,85.13984029309802,-2.454252723163318,7.188565106341194,2.0700874650774206,-0.7738348313281129,7.021192648188651,5.936655097270098,2037-03-21T00:00:00.000,34,37
2035-12-07T00:00:00.000,480.0,75.30844760533552,-3.063361979491315,6.876461553258033,2.276067555747305,-1.1378585367146314,6.76916855394455,5.309621704420136,2037-03-31T00:00:00.000,34,38
2035-12-07T00:00:00.000,490.0,66.91450591305093,-3.6858872232931006,6.575836990114515,2.3440794506892684,-1.4812950351664824,6.416736664105897,4.852397501788285,2037-04-10T00:00:00.000,34,39
2035-12-07T00:00:00.000,500.0,59.3468056258257,-4.312679739858634,6.255248309031209,2.334491745909064,-1.8145971753318086,6.005569812280275,4.470701728692195,2037-04-20T00:00:00.000,34,40
2035-12-07T00:00:00.000,510.0,52.41762912919215,-4.938674739082401,5.90069499239439,2.2711139551899935,-2.1415925872866843,5.550814892133146,4.1254895894358725,2037-04-30T00:00:00.000,34,41
2035-12-07T00:00:00.000,520.0,46.073750487097655,-5.559881255604019,5.5042708702317675,2.164812103132877,-2.4640833740780437,5.05805840786335,3.797115846972895,2037-05-10T00:00:00.000,34,42
2035-12-07T00:00:00.000,530.0,40.32194367531993,-6.1726178628682185,5.0606260096588205,2.020896202314149,-2.7830500902733633,4.528508384171054,3.474073644130451,2037-05-20T00:00:00.000,34,43
2035-12-07T00:00:00.000,540.0,35.20657177114899,-6.7732863068658204,4.56556840481311,1.8419301783794477,-3.0990366846848367,3.9608879822517613,3.148636179392623,2037-05-30T00:00:00.000,34,44
2035-12-07T00:00:00.000,550.0,30.804266161734876,-7.358305242329971,4.015373772668472,1.6289343309476605,-3.412272569324447,3.352172271333324,2.8148895427129634,2037-06-09T00:00:00.000,34,45
2035-12-07T00:00:00.000,560.0,27.226295520847877,-7.924092571856618,3.406338281428326,1.3819204153316669,-3.72268297118816,2.6978329144974227,2.467716471219478,2037-06-19T00:00:00.000,34,46
2035-12-07T00:00:00.000,570.0,24.626112387409133,-8.467027520825628,2.734393564632132,1.10010129623919,-4.029830171951833,1.991827031717622,2.1021908211089597,2037-06-29T00:00:00.000,34,47
2035-12-07T00:00:00.000,580.0,23.212052012272434,-8.983362760543969,1.9947289347124055,0.7819306902905527,-4.33278959360695,1.2264168573340823,1.713151494133121,2037-07-09T00:00:00.000,34,48
2035-12-07T00:00:00.000,590.0,23.26654209827594,-9.46907576709743,1.1813394711063232,0.42501718031505575,-4.629944511461961,0.3918422953490648,1.294841895613044,2037-07-19T00:00:00.000,34,49
2035-12-07T00:00:00.000,600.0,25.174512017729075,-9.919571070078332,0.28646544419126485,0.025930209872438326,-4.918662803922867,-0.5241623080976261,0.8405486980565025,2037-07-29T00:00:00.000,34,50
2035-12-17T00:00:00.000,100.0,1114.8045203920037,17.74970911013254,0.6185053718698958,0.22409585638467883,23.962117888388235,20.991929267291226,9.998016419872004,2036-03-26T00:00:00.000,35,0
2035-12-17T00:00:00.000,110.0,1018.9240198205373,16.611220403910313,0.7008622841685779,0.265980516992981,21.9669215774271,20.906369414035943,9.965043610319391,2036-04-05T00:00:00.000,35,1
2035-12-17T00:00:00.000,120.0,939.0869055472548,15.67798657389339,0.8446577801746367,0.33572180872210855,20.209565032959304,20.7917437196582,9.917851572891035,2036-04-15T00:00:00.000,35,2
2035-12-17T00:00:00.000,130.0,870.9571261540406,14.893249053679162,1.0374443124104307,0.4279840419269578,18.639642284396388,20.64862765007119,9.85672551268921,2036-04-25T00:00:00.000,35,3
2035-12-17T00:00:00.000,140.0,811.6419550291309,14.216648078498379,1.2690961770839992,0.5383984412211524,17.221309731879874,20.478610898766902,9.782379148484067,2036-05-05T00:00:00.000,35,4
2035-12-17T00:00:00.000,150.0,759.1492257464079,13.618882245160622,1.5312351870068515,0.663328768251314,15.928306622853013,20.283765796607213,9.695726841406582,2036-05-15T00:00:00.000,35,5
2035-12-17T00:00:00.000,160.0,712.0683498629236,13.07832505285742,1.8168499694422806,0.7997171402161971,14.74087625852036,20.066341938619296,9.59775172612434,2036-05-25T00:00:00.000,35,6
2035-12-17T00:00:00.000,170.0,669.3755169665982,12.578801614311065,2.120025694501974,0.9449744625020218,13.64379788696683,19.828591189511144,9.489429257096484,2036-06-04T00:00:00.000,35,7
2035-12-17T00:00:00.000,180.0,630.3107906191511,12.10808305954674,2.4357431949843757,1.0968991151798315,12.625091811224333,19.57266962802749,9.371683467200421,2036-06-14T00:00:00.000,35,8
2035-12-17T00:00:00.000,190.0,594.2983607696978,11.656838692756844,2.7597222507124144,1.2536140135094653,11.675145623159182,19.300585564152023,9.245362747268024,2036-06-24T00:00:00.000,35,9
2035-12-17T00:00:00.000,200.0,560.8935300399015,11.217890562639848,3.088290643235517,1.4135131211215795,10.78611140090278,19.014175447667668,9.111227301111995,2036-07-04T00:00:00.000,35,10
2035-12-17T00:00:00.000,210.0,529.746711597905,10.785688423612706,3.4182750641701283,1.5752155749166876,9.95148122827754,18.715096720182792,8.969943573699222,2036-07-14T00:00:00.000,35,11
2035-12-17T00:00:00.000,220.0,500.5784692899259,10.355920291231424,3.7469282854698296,1.7375382599415925,9.165781839626167,18.40483023565767,8.822082325331493,2036-07-24T00:00:00.000,35,12
2035-12-17T00:00:00.000,230.0,473.16193401106625,9.925208721431092,4.0718528103807685,1.8994664832375214,8.424351959338857,18.08468836582726,8.668118295637289,2036-08-03T00:00:00.000,35,13
2035-12-17T00:00:00.000,240.0,447.3102417531921,9.490894441629097,4.390931757789945,2.0601267944716577,7.723177578294493,17.755826694038497,8.508430422739043,2036-08-13T00:00:00.000,35,14
2035-12-17T00:00:00.000,250.0,422.86741543421465,9.050873825719458,4.702272860092508,2.2187666578090326,7.058767877590725,17.4192574942725,8.34330149477647,2036-08-23T00:00:00.000,35,15
2035-12-17T00:00:00.000,260.0,399.7016568297784,8.603475007500982,5.004160275914536,2.374738471863904,6.428060459617431,17.07586410461238,8.172916287231374,2036-09-02T00:00:00.000,35,16
2035-12-17T00:00:00.000,270.0,377.70035256637135,8.147362413986256,5.295011567720767,2.5274881672958207,5.828348049986346,16.726415875046044,7.997357285353667,2036-09-12T00:00:00.000,35,17
2035-12-17T00:00:00.000,280.0,356.7663150765023,7.681462558461284,5.573337684226821,2.676547408455683,5.257221138302803,16.37158373342705,7.816596896275977,2036-09-22T00:00:00.000,35,18
2035-12-17T00:00:00.000,290.0,336.81493365946807,7.204907586939379,5.837699655950102,2.8215271346228574,4.7125228216902215,16.011956932392593,7.630484749327639,2036-10-02T00:00:00.000,35,19
2035-12-17T00:00:00.000,300.0,317.7720013076922,6.717008634543663,6.086670590653663,2.962117793279295,4.1923128877377,15.648061821982774,7.4387280615980185,2036-10-12T00:00:00.000,35,20
2035-12-17T00:00:00.000,310.0,299.57201999979884,6.217224673883418,6.3188141413121475,3.098107399969729,3.6948383658249853,15.280383368059942,7.2408613835194835,2036-10-22T00:00:00.000,35,21
2035-12-17T00:00:00.000,320.0,282.1568988607239,5.705133272554754,6.5326421074281384,3.2294016359829216,3.21850998550099,14.909392186312052,7.036200463935877,2036-11-01T00:00:00.000,35,22
2035-12-17T00:00:00.000,330.0,265.47498331676695,5.180421521556385,6.726568124376239,3.3560604886712033,2.7618837509866303,14.535581207750967,6.823771714798193,2036-11-11T00:00:00.000,35,23
2035-12-17T00:00:00.000,340.0,249.48036355429446,4.642882485933697,6.898856991260034,3.4783641849861224,2.3236468499316842,14.159518259378524,6.6022020215548665,2036-11-21T00:00:00.000,35,24
2035-12-17T00:00:00.000,350.0,234.132471224008,4.092414285742377,7.047557789555139,3.5969253988002405,1.9026081994707091,13.7819262478156,6.369541754560232,2036-12-01T00:00:00.000,35,25
2035-12-17T00:00:00.000,360.0,219.3960557296674,3.529020712383769,7.170404457684825,3.7128808483558653,1.4976952378734154,13.403812940998918,6.122970140938846,2036-12-11T00:00:00.000,35,26
2035-12-17T00:00:00.000,370.0,205.24180015260328,2.952808957847285,7.264655139910404,3.8282296118423096,1.1079613201028309,13.026693857366155,5.858282087115483,2036-12-21T00:00:00.000,35,27
2035-12-17T00:00:00.000,380.0,191.6482715096341,2.363980254034601,7.3268001782122845,3.9464578344097476,0.7326153104115001,12.653000653085837,5.5689425198680365,2036-12-31T00:00:00.000,35,28
2035-12-17T00:00:00.000,390.0,178.60710658475128,1.762804949460854,7.352012404218054,4.073787053790669,0.371104761270054,12.28688703805951,5.244215361222229,2037-01-10T00:00:00.000,35,29
2035-12-17T00:00:00.000,400.0,166.13722002948845,1.1494777313811007,7.332974565890304,4.2218947776881794,0.02334804776797128,11.935971972839903,4.865105133677399,2037-01-20T00:00:00.000,35,30
2035-12-17T00:00:00.000,410.0,154.32882068318293,0.5236486080902907,7.256986067110111,4.414567908086088,-0.3095412244632705,11.615599736036385,4.394410960041419,2037-01-30T00:00:00.000,35,31
2035-12-17T00:00:00.000,420.0,143.50980030274292,-0.11738108875104558,7.097597900304126,4.707081086099825,-0.6225108732791362,11.361183081501915,3.7477726056935214,2037-02-09T00:00:00.000,35,32
2035-12-17T00:00:00.000,430.0,135.11647621271837,-0.7882308568311558,6.783120783339688,5.2597728629414195,-0.8922153014741205,11.274658427226894,2.683748389453708,2037-02-19T00:00:00.000,35,33
2035-12-17T00:00:00.000,440.0,140.26725321535739,-1.6099772184881687,6.005803654152492,6.7924168720231695,-0.9357711971936844,11.805759380367784,0.1250237366189928,2037-03-01T00:00:00.000,35,34
2035-12-17T00:00:00.000,450.0,976.7891103985669,-11.608841161098766,0.5719496837123181,20.892163477025598,12.706713375509128,19.084914814767146,-21.23898707811429,2037-03-11T00:00:00.000,35,35
2035-12-17T00:00:00.000,460.0,155.3373936130713,-3.303226055512461,9.063950072424744,-0.88685795212383,-0.942122881865167,5.851618812430633,10.963957103279148,2037-03-21T00:00:00.000,35,36
2035-12-17T00:00:00.000,470.0,106.03668346627973,-3.5161573848813603,7.819437930226385,1.2120058269039524,-1.8744573440788201,6.853745756852019,7.453137744060662,2037-03-31T00:00:00.000,35,37
2035-12-17T00:00:00.000,480.0,89.5970577619712,-4.083309115999306,7.232511746981763,1.78851716533122,-2.2654335542191646,6.803308300206924,6.178985737621078,2037-04-10T00:00:00.000,35,38
2035-12-17T00:00:00.000,490.0,78.26323940416147,-4.695124784209138,6.760516587115694,1.9887354524960283,-2.5714198024422004,6.497068360285871,5.425784950174661,2037-04-20T00:00:00.000,35,39
2035-12-17T00:00:00.000,500.0,68.77851514176551,-5.311919326699961,6.302170757342106,2.028106814455926,-2.8462550810187466,6.080162802970126,4.8691855011817875,2037-04-30T00:00:00.000,35,40
2035-12-17T00:00:00.000,510.0,60.353303541900836,-5.920898078187488,5.824066896341147,1.9757508884818096,-3.103283918324358,5.5974940735604335,4.403520473510493,2037-05-10T00:00:00.000,35,41
2035-12-17T00:00:00.000,520.0,52.737686165542925,-6.514925766868824,5.3115275642442175,1.860315754788,-3.347019488627204,5.0662189639588195,3.9835376385213976,2037-05-20T00:00:00.000,35,42
2035-12-17T00:00:00.000,530.0,45.857538404878504,-7.0885451811921065,4.756798529620877,1.6955951028563252,-3.579125338857139,4.493063697599786,3.586053377034453,2037-05-30T00:00:00.000,35,43
2035-12-17T00:00:00.000,540.0,39.71703305342398,-7.636924842095798,4.15516353912383,1.4888681660894418,-3.800025166584412,3.879880541789454,3.1974003140352423,2037-06-09T00:00:00.000,35,44
2035-12-17T00:00:00.000,550.0,34.3682410425767,-8.155527745669964,3.503336497956539,1.2441491713254056,-4.009413409465189,3.225755431606098,2.808442103736728,2037-06-19T00:00:00.000,35,45
2035-12-17T00:00:00.000,560.0,29.903057700951514,-8.639971642861731,2.7986289726207083,0.9635932652248425,-4.206402138056525,2.5278655161874983,2.4122882675947173,2037-06-29T00:00:00.000,35,46
2035-12-17T00:00:00.000,570.0,26.45504342707637,-9.085926809901451,2.0384277258711307,0.6481396674779738,-4.38950858583636,1.7817999684981567,2.0031092516897866,2037-07-09T00:00:00.000,35,47
2035-12-17T00:00:00.000,580.0,24.20763973242855,-9.489008091564475,1.219759685283968,0.2977809278394492,-4.556542519773004,0.9816057301007635,1.5754396810295794,2037-07-19T00:00:00.000,35,48
2035-12-17T00:00:00.000,590.0,23.408414062073525,-9.84457626145667,0.3388634098120846,-0.08837644447216597,-4.704400224004225,0.11966108005336595,1.1237053975054978,2037-07-29T00:00:00.000,35,49
2035-12-17T00:00:00.000,600.0,24.39066187517537,-10.147414990677843,-0.6092552493044323,-0.5121721837939734,-4.828744603536087,-0.8135846702492147,0.6418468768576839,2037-08-08T00:00:00.000,35,50
2035-12-27T00:00:00.000,100.0,1289.259552923247,19.328261754390084,2.382465591281125,1.0878581066168318,22.51920760727451,25.296952282845975,11.925143473482013,2036-04-05T00:00:00.000,36,0
2035-12-27T00:00:00.000,110.0,1177.611570305405,18.063273341833025,2.36543664653962,1.0808923464224403,20.360012606617325,24.985091161507995,11.782473280891567,2036-04-15T00:00:00.000,36,1
2035-12-27T00:00:00.000,120.0,1084.8520872021506,17.016590100098437,2.4321471600219677,1.112864078302179,18.467011470321605,24.666146029503988,11.636271508019464,2036-04-25T00:00:00.000,36,2
2035-12-27T00:00:00.000,130.0,1005.8474842266417,16.127811516305957,2.5642857779927386,1.1755732375604344,16.78444615074728,24.335919562378344,11.484462142075163,2036-05-05T00:00:00.000,36,3
2035-12-27T00:00:00.000,140.0,937.1750276296618,15.354095482837163,2.7475305143975834,1.2625995804582635,15.272473011474107,23.992629803831534,11.326089830111343,2036-05-15T00:00:00.000,36,4
2035-12-27T00:00:00.000,150.0,876.479178292202,14.664407151616615,2.970431351671147,1.3688042200538328,13.90176407776903,23.63589414984559,11.160853083682607,2036-05-25T00:00:00.000,36,5
2035-12-27T00:00:00.000,160.0,822.0935137568865,14.035881088302236,3.2236812041967777,1.490005558783528,12.65016145344173,23.266126537218607,10.988825456475118,2036-06-04T00:00:00.000,36,6
2035-12-27T00:00:00.000,170.0,772.8099242177404,13.451437586864126,3.4996177011719674,1.6227588948354255,11.500532573902788,22.884173561681337,10.810285617558229,2036-06-14T00:00:00.000,36,7
2035-12-27T00:00:00.000,180.0,727.7330130983134,12.898171590035421,3.7918669989152143,1.7642001208934985,10.439354344508835,22.49109281969112,10.625612346784374,2036-06-24T00:00:00.000,36,8
2035-12-27T00:00:00.000,190.0,686.185625684343,12.366235641743504,4.09507496496882,1.9119276257167748,9.455754279492648,22.088017982139725,10.435219130946487,2036-07-04T00:00:00.000,36,9
2035-12-27T00:00:00.000,200.0,647.6460333166806,11.848063567977519,4.404700287437382,2.063910473584004,8.540846016211287,21.676077780154564,10.23951340214651,2036-07-14T00:00:00.000,36,10
2035-12-27T00:00:00.000,210.0,611.7052087323946,11.337807411891447,4.716870676748062,2.218427478558058,7.687258407500082,21.25634820500213,10.038870847680862,2036-07-24T00:00:00.000,36,11
2035-12-27T00:00:00.000,220.0,578.0372213429123,10.830911598309815,5.028254035939867,2.3740128687111373,6.888796251500509,20.829825880243416,9.833618934398794,2036-08-03T00:00:00.000,36,12
2035-12-27T00:00:00.000,230.0,546.3783921451253,10.323809316733948,5.335949906600714,2.529409994299244,6.140191882604842,20.397415381942693,9.6240262638049,2036-08-13T00:00:00.000,36,13
2035-12-27T00:00:00.000,240.0,516.5123704547817,9.813696792283134,5.637403437135745,2.6835360073101295,5.436920021171112,19.959925270999268,9.410295123655542,2036-08-23T00:00:00.000,36,14
2035-12-27T00:00:00.000,250.0,488.25929492378873,9.29836311384011,5.930334130257844,2.8354537443735994,4.77505774764769,19.518069675725577,9.192555388135562,2036-09-02T00:00:00.000,36,15
2035-12-27T00:00:00.000,260.0,461.4678197276038,8.776060592439732,6.212675056568278,2.9843500827210026,4.151177205073861,19.072473545726254,8.97085839745847,2036-09-12T00:00:00.000,36,16
2035-12-27T00:00:00.000,270.0,436.009179155845,8.245405186904614,6.482519256631276,3.1295189910887453,3.5622623799465636,18.62368047703226,8.745169602796155,2036-09-22T00:00:00.000,36,17
2035-12-27T00:00:00.000,280.0,411.7727317247771,7.705301203410082,6.738066339343453,3.2703462392001184,3.005644040527688,18.17216277140213,8.515358820160422,2036-10-02T00:00:00.000,36,18
2035-12-27T00:00:00.000,290.0,388.6625894590136,7.154900694186133,6.9775774762229865,3.406300230171828,2.4789483428471293,17.718333740512918,8.2811867526527,2036-10-12T00:00:00.000,36,19
2035-12-27T00:00:00.000,300.0,366.59501742050514,6.593562027036439,7.1993499021506455,3.5369388747965287,1.9800552824107278,17.26256192285549,8.042285394008488,2036-10-22T00:00:00.000,36,20
2035-12-27T00:00:00.000,310.0,345.4964376268917,6.0208132789345665,7.4016740401955605,3.6619149069247,1.5070655366228323,16.80518870088704,7.798129507952147,2036-11-01T00:00:00.000,36,21
2035-12-27T00:00:00.000,320.0,325.3019174700531,5.436338160314387,7.582791238303681,3.7809911062518804,1.0582742282276918,16.34655143297139,7.547995056777877,2036-11-11T00:00:00.000,36,22
2035-12-27T00:00:00.000,330.0,305.95403691188466,4.839969455967527,7.740853800760153,3.8940727518181166,0.6321502280731934,15.887014790427026,7.29089734187669,2036-11-21T00:00:00.000,36,23
2035-12-27T00:00:00.000,340.0,287.4020858597797,4.2316870331976855,7.8738797442289865,4.0012641007968845,0.2273205224950452,15.427015373427562,7.025496986538526,2036-12-01T00:00:00.000,36,24
2035-12-27T00:00:00.000,350.0,269.601595620243,3.6116197698999173,7.979694587980791,4.102961807903516,-0.157440088954651,14.967128591002462,6.749953331618643,2036-12-11T00:00:00.000,36,25
2035-12-27T00:00:00.000,360.0,252.51428147637876,2.980048589338523,8.055849779935347,4.200010106268945,-0.5232125665237852,14.508174038760384,6.461688335694438,2036-12-21T00:00:00.000,36,26
2035-12-27T00:00:00.000,370.0,236.10862845630686,2.3374111921775267,8.099488871627033,4.293961621932068,-0.8709265517512037,14.05139049653501,6.156991189830242,2036-12-31T00:00:00.000,36,27
2035-12-27T00:00:00.000,380.0,220.36168254451343,1.6843145459367754,8.10713597415281,4.387546288539848,-1.201333451750127,13.598742885799831,5.830323525168055,2037-01-10T00:00:00.000,36,28
2035-12-27T00:00:00.000,390.0,205.26342782456612,1.0214991558835855,8.074315301090403,4.485557920512467,-1.5149370748899855,13.153494636685869,5.4730222296612325,2037-01-20T00:00:00.000,36,29
2035-12-27T00:00:00.000,400.0,190.82763344425763,0.3497369864193338,7.99475699991735,4.596624451683844,-1.811817926226972,12.721362159631555,5.070689701604172,2037-01-30T00:00:00.000,36,30
2035-12-27T00:00:00.000,410.0,177.12112385496982,-0.3304588980214547,7.858640030792487,4.737135128554409,-2.091155122345974,12.31308287704619,4.597410594263683,2037-02-09T00:00:00.000,36,31
2035-12-27T00:00:00.000,420.0,164.35510600106244,-1.0198100320646226,7.648128992655324,4.9411520445207415,-2.3497297698648794,11.950925964898198,4.0011554070287305,2037-02-19T00:00:00.000,36,32
2035-12-27T00:00:00.000,430.0,153.24148798605916,-1.7241814988820678,7.323688648483152,5.290515533047557,-2.57607720474941,11.688598618005196,3.1594266201949774,2037-03-01T00:00:00.000,36,33
2035-12-27T00:00:00.000,440.0,146.99917880591317,-2.476792316119351,6.767725994214818,6.037376217471647,-2.717532619099522,11.69310166331781,1.6986961945437913,2037-03-11T00:00:00.000,36,34
2035-12-27T00:00:00.000,450.0,175.37899768996843,-3.605476866010793,5.373292129408863,8.476592091420159,-2.2853317328665668,12.841611287097216,-2.2911298766807016,2037-03-21T00:00:00.000,36,35
2035-12-27T00:00:00.000,460.0,1376.2651160093615,-17.888095948820034,14.620521937746961,-15.50913591079909,17.460979534064993,-1.4589430992162682,32.699400525905276,2037-03-31T00:00:00.000,36,36
2035-12-27T00:00:00.000,470.0,153.24255796919897,-4.96750620928815,8.809193035138371,-0.85277779369508,-2.6986512383629275,5.870311741947271,10.559321924974029,2037-04-10T00:00:00.000,36,37
2035-12-27T00:00:00.000,480.0,109.1471414351491,-5.240891821678947,7.607427398549232,0.9301896107551997,-3.4450737743054702,6.499324562358854,7.418718781424502,2037-04-20T00:00:00.000,36,38
2035-12-27T00:00:00.000,490.0,91.59050200031277,-5.790186632546117,6.881899350167428,1.450155339576174,-3.749794705700346,6.351205854745308,6.098501935398836,2037-04-30T00:00:00.000,36,39
2035-12-27T00:00:00.000,500.0,79.21494167562487,-6.370197461958307,6.253699439299233,1.6039055861283158,-3.964699737610424,5.972983826555892,5.274425264796008,2037-05-10T00:00:00.000,36,40
2035-12-27T00:00:00.000,510.0,68.8880139420609,-6.940662868944022,5.636538175320732,1.591316496869374,-4.141415325462042,5.487430221108773,4.650247586156155,2037-05-20T00:00:00.000,36,41
2035-12-27T00:00:00.000,520.0,59.79079539746583,-7.487258930835891,5.000284454825707,1.4817191379627026,-4.293404704497661,4.936005641262103,4.1222954467495265,2037-05-30T00:00:00.000,36,42
2035-12-27T00:00:00.000,530.0,51.657468683563465,-8.001794733149971,4.331922180598742,1.3054835245952772,-4.424974969489945,4.335409191376888,3.644350744134779,2037-06-09T00:00:00.000,36,43
2035-12-27T00:00:00.000,540.0,44.411325862456614,-8.478142701201946,3.62513942152858,1.0780340888884297,-4.537273155040616,3.692510930706884,3.19215306738486,2037-06-19T00:00:00.000,36,44
2035-12-27T00:00:00.000,550.0,38.06248136845534,-8.911082563517935,2.8766470310458025,0.8080299361242638,-4.629967057117149,3.009439334040326,2.751210881265961,2037-06-29T00:00:00.000,36,45
2035-12-27T00:00:00.000,560.0,32.67512135643761,-9.295878480052737,2.0845845001770194,0.5006520569320987,-4.701777848281353,2.285597810325553,2.311806451951248,2037-07-09T00:00:00.000,36,46
2035-12-27T00:00:00.000,570.0,28.358680720140377,-9.628080040259224,1.2476597895095125,0.15905743131571093,-4.750616019779784,1.5185227973172477,1.8666592262059671,2037-07-19T00:00:00.000,36,47
2035-12-27T00:00:00.000,580.0,25.269853167019953,-9.903335148221569,0.3645764725474372,-0.21495741294176973,-4.773536057115649,0.7042337965676857,1.4097026062998548,2037-07-29T00:00:00.000,36,48
2035-12-27T00:00:00.000,590.0,23.621593736077944,-10.117150894142606,-0.5664057811675427,-0.6206626287166657,-4.766572708569285,-0.16267312621421892,0.9353693409600867,2037-08-08T00:00:00.000,36,49
2035-12-27T00:00:00.000,600.0,23.698633440226416,-10.264562252565819,-1.5478564034394537,-1.0582957508933255,-4.7244662102935,-1.0890832610168224,0.43812112320037677,2037-08-18T00:00:00.000,36,50
2036-01-06T00:00:00.000,100.0,1474.8283495955884,20.70491560472789,4.4933858250154985,2.099897942916377,20.185120785437988,29.59348037285033,13.842513062828944,2036-04-15T00:00:00.000,37,0
2036-01-06T00:00:00.000,110.0,1346.4512861402109,19.32457162885704,4.347951645381244,2.0314212611835014,17.89267490285235,29.017981944898928,13.574247485830238,2036-04-25T00:00:00.000,37,1
2036-01-06T00:00:00.000,120.0,1240.033897627958,18.172905628751497,4.312873339986394,2.0148081869581653,15.892393791161936,28.46327021105671,13.315703740582665,2036-05-05T00:00:00.000,37,2
2036-01-06T00:00:00.000,130.0,1149.5709637662314,17.18653358824116,4.362940621734687,2.0385463212052173,14.123689944110845,27.919145330216494,13.061916787328883,2036-05-15T00:00:00.000,37,3
2036-01-06T00:00:00.000,140.0,1071.061924276025,16.320595780165128,4.47890581375739,2.0938486556187064,12.543090611052936,27.379552269413985,12.809875866899265,2036-05-25T00:00:00.000,37,4
2036-01-06T00:00:00.000,150.0,1001.7560826163088,15.542657356419584,4.645714139948506,2.173842657927981,11.118473117847333,26.84097538915499,12.55777362046279,2036-06-04T00:00:00.000,37,5
2036-01-06T00:00:00.000,160.0,939.709576495543,14.828858244959738,4.851363179321069,2.2730494109089205,9.825484758433046,26.30147198660318,12.304551885187498,2036-06-14T00:00:00.000,37,6
2036-01-06T00:00:00.000,170.0,883.5150573011751,14.161394570060112,5.086134318076104,2.387034421752997,8.645241679110946,25.760076078201546,12.04961966437972,2036-06-24T00:00:00.000,37,7
2036-01-06T00:00:00.000,180.0,832.131223459077,13.52682138759165,5.342050093469622,2.5121613939026384,7.562805372692811,25.216423829907008,11.792674318590496,2036-07-04T00:00:00.000,37,8
2036-01-06T00:00:00.000,190.0,784.7722318848344,12.914894798544239,5.612480032107705,2.6454127071787656,6.566147254833137,24.670515333985534,11.533586400953798,2036-07-14T00:00:00.000,37,9
2036-01-06T00:00:00.000,200.0,740.8341066736416,12.3177516961921,5.8918654472603365,2.7842668312495826,5.645427636434452,24.122561270138316,11.272324127873832,2036-07-24T00:00:00.000,37,10
2036-01-06T00:00:00.000,210.0,699.8447046661694,11.729306944160665,6.175496357517673,2.926599569514444,4.792483809995854,23.572883970946464,11.00890298301299,2036-08-03T00:00:00.000,37,11
2036-01-06T00:00:00.000,220.0,661.4290641695562,11.144825724340254,6.459334027955473,3.070605034108832,4.000459950597772,23.021854331644832,10.743351780787295,2036-08-13T00:00:00.000,37,12
2036-01-06T00:00:00.000,230.0,625.2849725885171,10.560609477793124,6.739873727610032,3.214735648033648,3.2635345654500796,22.46985203974638,10.475689191673021,2036-08-23T00:00:00.000,37,13
2036-01-06T00:00:00.000,240.0,591.1654652663303,9.973761998681038,7.014034912819103,3.3576549655945502,2.5767166175059657,21.91724124576347,10.20590676590784,2036-09-02T00:00:00.000,37,14
2036-01-06T00:00:00.000,250.0,558.8661123672995,9.382013318769259,7.27907112820319,3.498200877863095,1.9356908552153058,21.364356669437512,9.933955777100891,2036-09-12T00:00:00.000,37,15
2036-01-06T00:00:00.000,260.0,528.2156648777607,8.78358598069362,7.532494040716571,3.6353561739656604,1.336698946534188,20.81149689333758,9.659735910608287,2036-09-22T00:00:00.000,37,16
2036-01-06T00:00:00.000,270.0,499.06910201292555,8.177094540790497,7.7720030609109205,3.7682224343782664,0.7764472250700258,20.258922986275877,9.383084309316928,2036-10-02T00:00:00.000,37,17
2036-01-06T00:00:00.000,280.0,471.30241744036596,7.56148637282723,7.99542770367874,3.8960008363539016,0.2520342933339208,19.70686131540923,9.103763686002443,2036-10-12T00:00:00.000,37,18
2036-01-06T00:00:00.000,290.0,444.8086387806092,6.93598653911668,8.200693150081014,4.01798885028324,-0.23910688530742163,19.155509124936327,8.821447548021181,2036-10-22T00:00:00.000,37,19
2036-01-06T00:00:00.000,300.0,419.4947843790202,6.300051267401363,8.385771955702685,4.133574112753236,-0.6992550989049455,18.605043367604843,8.535700789930413,2036-11-01T00:00:00.000,37,20
2036-01-06T00:00:00.000,310.0,395.2795472922731,5.653346926196267,8.548640071137648,4.24223534659957,-1.1304375873570258,18.05563372646346,8.245953485750377,2036-11-11T00:00:00.000,37,21
2036-01-06T00:00:00.000,320.0,372.09152732662324,4.995738893236894,8.687239577780904,4.343555115813734,-1.5344594175211022,17.5074607143299,7.951464076432675,2036-11-21T00:00:00.000,37,22
2036-01-06T00:00:00.000,330.0,349.8679005647537,4.327287038195363,8.799442201132901,4.437246920140779,-1.9129267077718382,16.960741043967587,7.6512662491198284,2036-12-01T00:00:00.000,37,23
2036-01-06T00:00:00.000,340.0,328.55346593022455,3.6482471288473874,8.88300913560824,4.523201835160895,-2.267264296114373,16.415764208759764,7.344090412310527,2036-12-11T00:00:00.000,37,24
2036-01-06T00:00:00.000,350.0,308.1000541977634,2.9590757685433537,8.935543109495612,4.601564919373168,-2.5987278310855118,15.872947029048422,7.028244480005506,2036-12-21T00:00:00.000,37,25
2036-01-06T00:00:00.000,360.0,288.4663611510765,2.260440883573878,8.954416637982193,4.672856107979972,-2.9084091547575888,15.332918422621116,6.701427458746739,2036-12-31T00:00:00.000,37,26
2036-01-06T00:00:00.000,370.0,269.618382281924,1.553247726641974,8.936678345261225,4.73817619449934,-3.1972322054004785,14.796656721610027,6.360427530402879,2037-01-10T00:00:00.000,37,27
2036-01-06T00:00:00.000,380.0,251.53083151197302,0.838635087200938,8.878908701596288,4.799566340516946,-3.4659332531293465,14.265721451468645,6.000610774407269,2037-01-20T00:00:00.000,37,28
2036-01-06T00:00:00.000,390.0,234.19055940411388,0.11795514196985835,8.776936804047615,4.86063611605125,-3.7150092943919724,13.742668072138937,5.615010205307577,2037-01-30T00:00:00.000,37,29
2036-01-06T00:00:00.000,400.0,217.60450083947592,-0.6072805318632035,8.62530557763533,4.927757982887128,-3.944594779704037,13.231840668353229,5.1925971720056605,2037-02-09T00:00:00.000,37,30
2036-01-06T00:00:00.000,410.0,201.81914530039003,-1.335579028008862,8.416154476282312,5.012520798225879,-4.154156140523657,12.741015137156605,4.714728553722461,2037-02-19T00:00:00.000,37,31
2036-01-06T00:00:00.000,420.0,186.97376416411925,-2.0660083761894477,8.136611715615144,5.137311083394087,-4.341652178532808,12.285186783426154,4.147047892307482,2037-03-01T00:00:00.000,37,32
2036-01-06T00:00:00.000,430.0,173.4722034880292,-2.8000134653608555,7.761793280732323,5.349935330343225,-4.5008161619121445,11.896660571112566,3.418234137743529,2037-03-11T00:00:00.000,37,33
2036-01-06T00:00:00.000,440.0,162.69613368527644,-3.5490686620568503,7.2316541812259665,5.770652964699971,-4.6098473965243265,11.658278599443456,2.35159111322378,2037-03-21T00:00:00.000,37,34
2036-01-06T00:00:00.000,450.0,161.54337368721167,-4.383734725274337,6.342666855916902,6.8030990294370355,-4.5593147269113,11.858657039577544,0.3581565661263002,2037-03-31T00:00:00.000,37,35
2036-01-06T00:00:00.000,460.0,258.4237513347906,-6.2615593950009085,3.683397612777372,10.978609288357832,-2.9422737247817885,14.517035708678174,-6.246795250063197,2037-04-10T00:00:00.000,37,36
2036-01-06T00:00:00.000,470.0,506.5789711977068,-9.875462538600928,11.28869674568484,-9.048493374136015,1.1394149028045213,2.426887354542485,22.347056241154796,2037-04-20T00:00:00.000,37,37
2036-01-06T00:00:00.000,480.0,145.67045807235013,-6.644101536757379,8.116401077806652,-0.7593685218399226,-4.546008306233478,5.629497436118857,9.659866726240978,2037-04-30T00:00:00.000,37,38
2036-01-06T00:00:00.000,490.0,109.14309180036835,-6.972869865917087,6.950543602495856,0.6219268651769552,-5.032193287323079,5.902584447031696,6.998544088955104,2037-05-10T00:00:00.000,37,39
2036-01-06T00:00:00.000,500.0,91.59651999507196,-7.472817747986891,6.101733749341532,1.0264833588657298,-5.206094017785443,5.639531100308749,5.717411480880223,2037-05-20T00:00:00.000,37,40
2036-01-06T00:00:00.000,510.0,78.68842295682444,-7.978324842479388,5.32697479488532,1.1038793389686692,-5.297466218110717,5.187201685265744,4.870134833983183,2037-05-30T00:00:00.000,37,41
2036-01-06T00:00:00.000,520.0,67.84235516635388,-8.455077447350085,4.560653183236479,1.023563899075401,-5.3473359793976165,4.639660672437691,4.209738938987624,2037-06-09T00:00:00.000,37,42
2036-01-06T00:00:00.000,530.0,58.33132767432853,-8.889606054968983,3.778856603767551,0.8493247181840466,-5.366940211349526,4.031668464095243,3.643203238600331,2037-06-19T00:00:00.000,37,43
2036-01-06T00:00:00.000,540.0,49.91575752481083,-9.274069522220206,2.9716842787638953,0.6108098223744385,-5.359576967200287,3.3780405685008956,3.12722467613524,2037-06-29T00:00:00.000,37,44
2036-01-06T00:00:00.000,550.0,42.533373365600404,-9.602766073793568,2.135013290714639,0.32389988127697933,-5.325572622796624,2.6851910622475925,2.6384462405258766,2037-07-09T00:00:00.000,37,45
2036-01-06T00:00:00.000,560.0,36.20749946298497,-9.871065168439316,1.2673554287877096,-0.0019972310493514556,-5.263736909820555,1.9553328243634507,2.1626943272558377,2037-07-19T00:00:00.000,37,46
2036-01-06T00:00:00.000,570.0,31.017096296872634,-10.0749483686281,0.36838872654699983,-0.36093191426382276,-5.171819964342706,1.188226026150975,1.6904122172051126,2037-07-29T00:00:00.000,37,47
2036-01-06T00:00:00.000,580.0,27.089067696336944,-10.210708286198455,-0.5618504021605801,-0.7490435165214144,-5.046605332538331,0.38196169235566657,1.2144741987812764,2037-08-08T00:00:00.000,37,48
2036-01-06T00:00:00.000,590.0,24.601049720391526,-10.274659006744532,-1.5234865664489732,-1.1639078423966716,-4.883827427116703,-0.46668682393434047,0.7290286626054221,2037-08-18T00:00:00.000,37,49
2036-01-06T00:00:00.000,600.0,23.791149542589185,-10.262790951682527,-2.517177835902082,-1.604225397216597,-4.677969118804878,-1.3621281368292237,0.2288261456985281,2037-08-28T00:00:00.000,37,50
2036-01-16T00:00:00.000,100.0,2113.158182553964,12.126869852010106,25.75072789553972,11.175382355091461,41.82375309746525,-17.316489905985453,-8.00443856445497,2036-04-25T00:00:00.000,38,0
2036-01-16T00:00:00.000,110.0,1522.036423904999,20.32527112903316,6.624681587491578,3.106841545309339,14.601065501663955,32.80406914596435,15.25576473297578,2036-05-05T00:00:00.000,38,1
2036-01-16T00:00:00.000,120.0,1401.2925378676791,19.082745772613485,6.464522039195486,3.0314913157370285,12.528938802462111,31.98601245536782,14.8732389733001,2036-05-15T00:00:00.000,38,2
2036-01-16T00:00:00.000,130.0,1298.8503996543086,18.010022603811517,6.412207421245753,3.0073712716575547,10.706671922449992,31.204844463837325,14.50776543741491,2036-05-25T00:00:00.000,38,3
2036-01-16T00:00:00.000,140.0,1210.0854024969117,17.060872366028953,6.442892759079687,3.0230383398997422,9.087737707724834,30.44938644391297,14.153914336386135,2036-06-04T00:00:00.000,38,4
2036-01-16T00:00:00.000,150.0,1131.820881573487,16.20192945364837,6.5374276903066,3.0696746969195488,7.63764317863297,29.71234913078954,13.808098977753536,2036-06-14T00:00:00.000,38,5
2036-01-16T00:00:00.000,160.0,1061.8145087434677,15.408684637871996,6.680744225818362,3.1403445705797077,6.330162830279875,28.9889407504337,13.467919715139947,2036-06-24T00:00:00.000,38,6
2036-01-16T00:00:00.000,170.0,998.4450990138141,14.662869624913968,6.860776110290907,3.2294968161201627,5.144911824583488,28.27599791362746,13.131752484707082,2036-07-04T00:00:00.000,38,7
2036-01-16T00:00:00.000,180.0,940.515195361639,13.950714161978162,7.0677099283545495,3.332619750735547,4.0657346332726725,27.571430680451513,12.798484577734317,2036-07-14T00:00:00.000,38,8
2036-01-16T00:00:00.000,190.0,887.122965203248,13.261742397904378,7.2934690835780955,3.4460060440872544,3.0796057391723792,26.8738608935385,12.467341110647718,2036-07-24T00:00:00.000,38,9
2036-01-16T00:00:00.000,200.0,837.5769853846666,12.58791270961183,7.531323072535432,3.5665754912321006,2.175862644127591,26.182382936396202,12.137768778093676,2036-08-03T00:00:00.000,38,10
2036-01-16T00:00:00.000,210.0,791.338337343108,11.923013639504134,7.775590736567045,3.6917399575437653,1.3456596654858686,25.49640419422639,11.809356907657056,2036-08-13T00:00:00.000,38,11
2036-01-16T00:00:00.000,220.0,747.9804712323364,11.262226664181917,8.021416490838925,3.819302475761744,0.5815712229298526,24.815537667153546,11.481782807346594,2036-08-23T00:00:00.000,38,12
2036-01-16T00:00:00.000,230.0,707.1608944870536,10.601804948597476,8.264596713281295,3.9473795528868623,-0.12270125408428711,24.139529350398842,11.154773042538007,2036-09-02T00:00:00.000,38,13
2036-01-16T00:00:00.000,240.0,668.6008883892085,9.938834500463589,8.50144198382183,4.074341100370021,-0.7725492139310219,23.46820922351581,10.828075172557245,2036-09-12T00:00:00.000,38,14
2036-01-16T00:00:00.000,250.0,632.0707698637474,9.271054930048377,8.72866516298431,4.198762788028301,-1.3726242767745767,22.8014585108009,10.501436198862597,2036-09-22T00:00:00.000,38,15
2036-01-16T00:00:00.000,260.0,597.3790559095919,8.5967257085674,8.943283769506559,4.319385246942292,-1.9269669915460241,22.13918858094734,10.174585156178841,2036-10-02T00:00:00.000,38,16
2036-01-16T00:00:00.000,270.0,564.36441559435,7.914542604832918,9.14254174398611,4.435082516135045,-2.439107133837041,21.48132840707647,9.847217975212322,2036-10-12T00:00:00.000,38,17
2036-01-16T00:00:00.000,280.0,532.8895920056001,7.22356466591164,9.323859642622507,4.544847700547117,-2.9121431579859838,20.827817631667543,9.518982452709647,2036-10-22T00:00:00.000,38,18
2036-01-16T00:00:00.000,290.0,502.83678638007376,6.5231546842309545,9.484775396541519,4.64777620142985,-3.3488052048017067,20.178604545547607,9.189461827265632,2036-11-01T00:00:00.000,38,19
2036-01-16T00:00:00.000,300.0,474.10415078138806,5.812948888598099,9.622893349305134,4.743055340269574,-3.751505287683848,19.533648893004134,8.858155551959255,2036-11-11T00:00:00.000,38,20
2036-01-16T00:00:00.000,310.0,446.60310172933197,5.092839397158212,9.735843916376975,4.829963769451176,-4.122377633978644,18.89292917980402,8.524454902169078,2036-11-21T00:00:00.000,38,21
2036-01-16T00:00:00.000,320.0,420.25626237255597,4.362965577309284,9.821248388757924,4.907881118077574,-4.463311107302474,18.256455120346104,8.187610321136132,2036-12-01T00:00:00.000,38,22
2036-01-16T00:00:00.000,330.0,394.99590548285386,3.6237132713473095,9.876685593050418,4.976309749117412,-4.77597501657624,17.624286842516213,7.84668601491122,2036-12-11T00:00:00.000,38,23
2036-01-16T00:00:00.000,340.0,370.7628154976669,2.8757193882192134,9.899658716405195,5.034913099190943,-5.061839113291747,16.996563731823393,7.500494756939864,2036-12-21T00:00:00.000,38,24
2036-01-16T00:00:00.000,350.0,347.50554550111883,2.1198841602835827,9.887550869045114,5.083574872362362,-5.322187906121961,16.373548240908526,7.147501619145624,2036-12-31T00:00:00.000,38,25
2036-01-16T00:00:00.000,360.0,325.1801029024007,1.3574020740505688,9.837580300242085,5.1224996954730715,-5.558128806031938,15.755693791875146,6.785677579625021,2037-01-10T00:00:00.000,38,26
2036-01-16T00:00:00.000,370.0,303.75014375182207,0.5897688978496447,9.746745050695987,5.152383198045166,-5.770592602349247,15.143751834419191,6.412268330868541,2037-01-20T00:00:00.000,38,27
2036-01-16T00:00:00.000,380.0,283.18799029544635,-0.18121459428274633,9.611708901919538,5.174679520781605,-5.960321508466187,14.53894858359461,6.023415301534006,2037-01-30T00:00:00.000,38,28
2036-01-16T00:00:00.000,390.0,263.4771719629704,-0.9534401907443844,9.42861003716277,5.192062389946686,-6.1278346571619835,13.943291030704856,5.613505999865004,2037-02-09T00:00:00.000,38,29
2036-01-16T00:00:00.000,400.0,244.61811692975812,-1.7245235274974604,9.192703381343824,5.209258983439438,-6.2733470870456145,13.360126774578735,5.173997083725387,2037-02-19T00:00:00.000,38,30
2036-01-16T00:00:00.000,410.0,226.64119703408102,-2.4919139656283633,8.897630891261295,5.234656084094681,-6.396580301960839,12.795242416298507,4.6911330169590295,2037-03-01T00:00:00.000,38,31
2036-01-16T00:00:00.000,420.0,209.63914589011048,-3.253203197250322,8.533812664490728,5.283672730681921,-6.496287105877286,12.259219099700779,4.141128685956842,2037-03-11T00:00:00.000,38,32
2036-01-16T00:00:00.000,430.0,193.8586280858067,-4.007036978877096,8.084496603589711,5.386699968209687,-6.568902734772394,11.773112972407068,3.4787865536486846,2037-03-21T00:00:00.000,38,33
2036-01-16T00:00:00.000,440.0,180.01239774845897,-4.756248689000447,7.514427215443116,5.610958374209522,-6.603930846193201,11.384586003982923,2.6060883801346897,2037-03-31T00:00:00.000,38,34
2036-01-16T00:00:00.000,450.0,170.70166735817546,-5.522237915456454,6.728532775390343,6.136407463486334,-6.5628552402521905,11.226545536140687,1.263041479378022,2037-04-10T00:00:00.000,38,35
2036-01-16T00:00:00.000,460.0,181.31772975449962,-6.45625594777286,5.34027421423705,7.645244044811742,-6.216996666628049,11.845584410058676,-1.532583500436501,2037-04-20T00:00:00.000,38,36
2036-01-16T00:00:00.000,470.0,566.0731975752046,-11.206652780196372,-1.0142647781975143,15.663378060665199,-0.28058208637532545,19.426852309024227,-13.732875905336433,2037-04-30T00:00:00.000,38,37
2036-01-16T00:00:00.000,480.0,278.4482238772924,-9.094421992669997,9.101736806810809,-5.283786703819814,-4.314349240723828,3.616269389294093,15.708507574254552,2037-05-10T00:00:00.000,38,38
2036-01-16T00:00:00.000,490.0,135.25639697571717,-8.271007958093328,7.009477831466976,-0.7514771501876334,-6.252693116326121,4.9875380961701,8.443026087133513,2037-05-20T00:00:00.000,38,39
2036-01-16T00:00:00.000,500.0,105.70209682626222,-8.600816132170873,5.846340580486725,0.23252702855263685,-6.467890239583895,4.982784995716886,6.248227457560766,2037-05-30T00:00:00.000,38,40
2036-01-16T00:00:00.000,510.0,88.88170753057082,-9.007234150158919,4.888636772295971,0.4930022735172779,-6.4794945089871945,4.617368237642309,5.057446885196875,2037-06-09T00:00:00.000,38,41
2036-01-16T00:00:00.000,520.0,75.9315228272535,-9.389867295991133,3.9867705888159968,0.4792094094819941,-6.420967117834941,4.105054785960016,4.225071514566672,2037-06-19T00:00:00.000,38,42
2036-01-16T00:00:00.000,530.0,64.9535557355349,-9.723310944750507,3.0947788865076475,0.3263303375409663,-6.320408611541936,3.5140528574452468,3.5577272567978477,2037-06-29T00:00:00.000,38,43
2036-01-16T00:00:00.000,540.0,55.37421281386337,-9.996855847107978,2.1956763462092717,0.0896059905924389,-6.185717844029874,2.8718714203313525,2.9771567162307337,2037-07-09T00:00:00.000,38,44
2036-01-16T00:00:00.000,550.0,47.005489493368906,-10.204381905863887,1.283082383271303,-0.2036893392271164,-6.018779061093987,2.1909654581278932,2.4452931252502053,2037-07-19T00:00:00.000,38,45
2036-01-16T00:00:00.000,560.0,39.81002568431956,-10.34174389893941,0.3551060364195422,-0.5382034593760014,-5.818998415437051,1.4770652266527726,1.9410207215982647,2037-07-29T00:00:00.000,38,46
2036-01-16T00:00:00.000,570.0,33.82807469520065,-10.405833503969642,-0.5881638574128374,-0.9044576009598373,-5.584381243041314,0.7324200238303273,1.4513172417708615,2037-08-08T00:00:00.000,38,47
2036-01-16T00:00:00.000,580.0,29.153457727356006,-10.394095903127258,-1.5458772024300593,-1.2962458897304288,-5.311859155912842,-0.04277551007658609,0.9673573749336928,2037-08-18T00:00:00.000,38,48
2036-01-16T00:00:00.000,590.0,25.928166585818037,-10.304160176803949,-2.5170963593891997,-1.7094120551450036,-4.997326001015139,-0.849702490751719,0.4826024270622744,2037-08-28T00:00:00.000,38,49
2036-01-16T00:00:00.000,600.0,24.346213361551655,-10.133474027631163,-3.5012003192077756,-2.141233773917243,-4.635524306697818,-1.6905798299427452,-0.008222053036260668,2037-09-07T00:00:00.000,38,50
2036-01-26T00:00:00.000,100.0,2048.388477354211,8.706918754271225,26.471618639077924,11.58323429088573,43.48755750335722,-11.309371100861966,-5.414697133672206,2036-05-05T00:00:00.000,39,0
2036-01-26T00:00:00.000,110.0,1921.5219159195822,9.437589448955846,23.706173371554478,10.247105616351472,42.77768864473886,-8.5444355853415,-4.310903694274792,2036-05-15T00:00:00.000,39,1
2036-01-26T00:00:00.000,120.0,1572.1326449350915,19.691377429558308,8.855825645348034,4.148615645788793,8.425730772652177,35.16260349427453,16.270556886176525,2036-05-25T00:00:00.000,39,2
2036-01-26T00:00:00.000,130.0,1457.1388011065967,18.54766400029776,8.682789955940624,4.068675736958436,6.5874840494774,34.12562011691075,15.785623416285269,2036-06-04T00:00:00.000,39,3
2036-01-26T00:00:00.000,140.0,1357.6438055136987,17.52784131002516,8.611811116553705,4.037562009421945,4.964815140409904,33.13881609124411,15.323618508888684,2036-06-14T00:00:00.000,39,4
2036-01-26T00:00:00.000,150.0,1270.0144434062054,16.598198758742896,8.6192141676519,4.044328506361863,3.5214178005114007,32.19054958146394,14.878930664659958,2036-06-24T00:00:00.000,39,5
2036-01-26T00:00:00.000,160.0,1191.6891245812828,15.734012698097743,8.686536418906014,4.080441126408095,2.2296169621801774,31.272734364295054,14.447630191954683,2036-07-04T00:00:00.000,39,6
2036-01-26T00:00:00.000,170.0,1120.8184546744837,14.916895308767206,8.799107037802676,4.139119692662912,1.0678553449866506,30.379661745730502,14.026913126260746,2036-07-14T00:00:00.000,39,7
2036-01-26T00:00:00.000,180.0,1056.038712941207,14.133014482821228,8.945090611032503,4.214897712612252,0.019019429785323894,29.50723957629461,13.614740680220496,2036-07-24T00:00:00.000,39,8
2036-01-26T00:00:00.000,190.0,996.3249274228999,13.37185748164174,9.114799152122814,4.3033066163001985,-0.9307048445820456,28.652490042031758,13.209599929840511,2036-08-03T00:00:00.000,39,9
2036-01-26T00:00:00.000,200.0,940.8932010686667,12.62537543732757,9.30018963225171,4.400644698221582,-1.7926326654924019,27.8132127868649,12.810342058971383,2036-08-13T00:00:00.000,39,10
2036-01-26T00:00:00.000,210.0,889.1343150742348,11.88737448809962,9.494494682370151,4.50380811269412,-2.5761526583025045,26.987755295596443,12.416070902679397,2036-08-23T00:00:00.000,39,11
2036-01-26T00:00:00.000,220.0,840.567697192035,11.153075258185154,9.691944064005177,4.610163823013981,-3.2891437868271893,26.174854329820867,12.026064657828384,2036-09-02T00:00:00.000,39,12
2036-01-26T00:00:00.000,230.0,794.8089484286271,10.418789861959798,9.88755003323309,4.717453021037181,-3.9382842180114714,25.37352536095146,11.63971978201975,2036-09-12T00:00:00.000,39,13
2036-01-26T00:00:00.000,240.0,751.546572748935,9.681682553523238,10.076938339528686,4.823715913812427,-4.529283681286795,24.58298494834335,11.256509810455837,2036-09-22T00:00:00.000,39,14
2036-01-26T00:00:00.000,250.0,710.5250760463714,8.939592650264501,10.25620781562397,4.927229648987076,-5.067060588093618,23.802596327062,10.875954263139139,2036-10-02T00:00:00.000,39,15
2036-01-26T00:00:00.000,260.0,671.5325473934138,8.190919534802738,10.421819888098238,5.026459898632275,-5.555878831415139,23.03183168403926,10.497594347379408,2036-10-12T00:00:00.000,39,16
2036-01-26T00:00:00.000,270.0,634.3913865349751,7.434526731099492,10.570524451254524,5.120032659822906,-5.999455112223458,22.270245674562382,10.120972408124945,2036-10-22T00:00:00.000,39,17
2036-01-26T00:00:00.000,280.0,598.9513220257469,6.669665750663803,10.699282566434281,5.206705552356096,-6.401043556264753,21.51745771069924,9.745613222615509,2036-11-01T00:00:00.000,39,18
2036-01-26T00:00:00.000,290.0,565.0841337087359,5.895933846314078,10.805202559570136,5.285346467448856,-6.763502933697151,20.77314162149596,9.37100575967586,2036-11-11T00:00:00.000,39,19
2036-01-26T00:00:00.000,300.0,532.6796238409812,5.113248035319224,10.88549116761849,5.354921948939239,-7.089350634474378,20.037021162344473,8.996583482757142,2036-11-21T00:00:00.000,39,20
2036-01-26T00:00:00.000,310.0,501.6425236439859,4.321830708580398,10.937414009649853,5.414494545880634,-7.380806235425581,19.308870824531205,8.621701133805114,2036-12-01T00:00:00.000,39,21
2036-01-26T00:00:00.000,320.0,471.89011797650056,3.5222051981206235,10.958262302021794,5.463229333513967,-7.639826709740412,18.5885221781136,8.245605438984843,2036-12-11T00:00:00.000,39,22
2036-01-26T00:00:00.000,330.0,443.35043361842406,2.7151984066200114,10.945324926490851,5.500411481898297,-7.868134753252207,17.875876700840813,7.867396093970703,2036-12-21T00:00:00.000,39,23
2036-01-26T00:00:00.000,340.0,415.960899945863,1.9019526076197835,10.895856169791289,5.525474854790904,-8.067241126760642,17.170927402052758,7.485971727304239,2036-12-31T00:00:00.000,39,24
2036-01-26T00:00:00.000,350.0,389.6674387996966,1.0839575296069306,10.807053394664393,5.53805472016464,-8.238461581169013,16.473793232240205,7.099952543270665,2037-01-10T00:00:00.000,39,25
2036-01-26T00:00:00.000,360.0,364.42393935299543,0.2630607347169196,10.67604079585076,5.538078594496708,-8.38292847668398,15.784771829526854,6.707564967823399,2037-01-20T00:00:00.000,39,26
2036-01-26T00:00:00.000,370.0,340.19220702247935,-0.5585213581344988,10.499823911137476,5.5258962794708495,-8.501595776607545,15.104422698726017,6.30646424011572,2037-01-30T00:00:00.000,39,27
2036-01-26T00:00:00.000,380.0,316.94260290242863,-1.3781852970792237,10.27522285966856,5.502489942938558,-8.595234785607133,14.43370243083248,5.893451961363418,2037-02-09T00:00:00.000,39,28
2036-01-26T00:00:00.000,390.0,294.6558265653969,-2.1929361388246953,9.998754285061795,5.4698223110935285,-8.664414624598564,13.774192287191278,5.464007010786109,2037-02-19T00:00:00.000,39,29
2036-01-26T00:00:00.000,400.0,273.3269049376934,-2.999409859484686,9.666398637996426,5.431435097056383,-8.709453436686978,13.12850022275866,5.011467616666858,2037-03-01T00:00:00.000,39,30
2036-01-26T00:00:00.000,410.0,252.973959264903,-3.793946417410268,9.273125914371356,5.3935393012717645,-8.7303064995019,12.501015392209231,4.525518959567593,2037-03-11T00:00:00.000,39,31
2036-01-26T00:00:00.000,420.0,233.65852313085887,-4.572780370554835,8.811877237453935,5.367159256255176,-8.72630194046333,11.899436004678561,3.9891854237781823,2037-03-21T00:00:00.000,39,32
2036-01-26T00:00:00.000,430.0,215.53754798420232,-5.332521591695393,8.271199986797821,5.37277230722473,-8.695458007308936,11.33818251928856,3.372265586609175,2037-03-31T00:00:00.000,39,33
2036-01-26T00:00:00.000,440.0,199.0175019511818,-6.071555075200589,7.629136276120465,5.451735660519159,-8.632448787295132,10.847097085985293,2.615112749599522,2037-04-10T00:00:00.000,39,34
2036-01-26T00:00:00.000,450.0,185.3207354573373,-6.795214692902093,6.834243033942958,5.699824745309712,-8.521092139747779,10.49820933058693,1.5809253791509121,2037-04-20T00:00:00.000,39,35
2036-01-26T00:00:00.000,460.0,179.4243284188783,-7.542668417958888,5.726769792209739,6.396033416492752,-8.29519243212237,10.516549567292138,-0.12765630272572448,2037-04-30T00:00:00.000,39,36
2036-01-26T00:00:00.000,470.0,219.95752489508183,-8.663684058795733,3.4643403963186437,8.799411026935342,-7.438209238380374,12.087629567402358,-4.303461358303917,2037-05-10T00:00:00.000,39,37
2036-01-26T00:00:00.000,480.0,2075.3659596400817,-27.393708646816393,3.3493415132755278,-22.996556804516995,18.17157873327975,10.971853245383224,40.30853659390366,2037-05-20T00:00:00.000,39,38
2036-01-26T00:00:00.000,490.0,196.3011701574045,-9.878969797188688,7.174211146061918,-3.499759804031463,-7.032071171414433,3.483603942632719,11.606707059646173,2037-05-30T00:00:00.000,39,39
2036-01-26T00:00:00.000,500.0,124.62828636885995,-9.742129381239701,5.50640529900382,-0.9086599515715976,-7.655993790478327,4.018207555155653,7.061731621401884,2037-06-09T00:00:00.000,39,40
2036-01-26T00:00:00.000,510.0,100.44377194747291,-9.999384666047893,4.323912143476427,-0.272642308567999,-7.617145530966809,3.8241805479492683,5.272429140750184,2037-06-19T00:00:00.000,39,41
2036-01-26T00:00:00.000,520.0,84.60811014657484,-10.26203953288935,3.279821456855931,-0.15821923527185078,-7.449827347125648,3.3883035604435463,4.198521361965336,2037-06-29T00:00:00.000,39,42
2036-01-26T00:00:00.000,530.0,71.91271913981325,-10.47427556887418,2.2832914534645745,-0.2620071802000066,-7.224879496164853,2.8432418535591033,3.4102508951512265,2037-07-09T00:00:00.000,39,43
2036-01-26T00:00:00.000,540.0,61.06759203812001,-10.61985691490778,1.3040112640226624,-0.4803404935277662,-6.959208075950844,2.2373994868264937,2.762437063552599,2037-07-19T00:00:00.000,39,44
2036-01-26T00:00:00.000,550.0,51.66149114141742,-10.69200399285991,0.3310326268407735,-0.7674144013906918,-6.657425195380842,1.5919517166879782,2.1922296050049104,2037-07-29T00:00:00.000,39,45
2036-01-26T00:00:00.000,560.0,43.56520718360165,-10.687318268263876,-0.639086820288302,-1.0993181928163285,-6.320030613175479,0.9171112824218408,1.6677311317418608,2037-08-08T00:00:00.000,39,46
2036-01-26T00:00:00.000,570.0,36.76865678341023,-10.603967759420387,-1.606623283140042,-1.4620308444137908,-5.9456267764919914,0.21792994644020425,1.1707628096742093,2037-08-18T00:00:00.000,39,47
2036-01-26T00:00:00.000,580.0,31.328039335090732,-10.440911389710656,-2.5705754586324083,-1.8466495489003787,-5.531610678403926,-0.5032865112077332,0.6899458857727474,2037-08-28T00:00:00.000,39,48
2036-01-26T00:00:00.000,590.0,27.34866314523977,-10.197420596858255,-3.5295924007898662,-2.2472451722125584,-5.074365632423341,-1.245853107167953,0.21754679744964367,2037-09-07T00:00:00.000,39,49
2036-01-26T00:00:00.000,600.0,24.982191771182375,-9.872684382753619,-4.482467172148134,-2.6598055780903413,-4.5692451142929436,-2.010132636834282,-0.2521064041750982,2037-09-17T00:00:00.000,39,50
2036-02-05T00:00:00.000,100.0,1988.39386747411,5.239192528279833,26.965520597806936,11.899095112857744,44.18664334276275,-5.29300573396937,-2.813984341420152,2036-05-15T00:00:00.000,40,0
2036-02-05T00:00:00.000,110.0,1834.9565692657013,6.17243010263036,24.02526081710841,10.476542126258028,42.7054727691309,-2.8039291518701326,-1.8267857405873915,2036-05-25T00:00:00.000,40,1
2036-02-05T00:00:00.000,120.0,1774.0372277019073,7.292219010531083,22.06619592548004,9.496087555298104,42.10277472108958,-0.6468289995400376,-0.9875225224984412,2036-06-04T00:00:00.000,40,2
2036-02-05T00:00:00.000,130.0,1619.6652894839774,18.75079277035955,11.13747815361561,5.205692518384523,1.7666959332499275,36.51428737555283,16.830059192378336,2036-06-14T00:00:00.000,40,3
2036-02-05T00:00:00.000,140.0,1509.3418756929184,17.676308791504454,10.950547974099393,5.121622684722697,0.17859440925561643,35.28545536922334,16.25566421640311,2036-06-24T00:00:00.000,40,4
2036-02-05T00:00:00.000,150.0,1412.2800918817477,16.689295192828464,10.857698182673078,5.082816743322242,-1.2227915303417731,34.117667468147246,15.708903185391378,2036-07-04T00:00:00.000,40,5
2036-02-05T00:00:00.000,160.0,1325.5846485910229,15.76534991361747,10.836800511020197,5.0790256944058365,-2.4660646856592123,32.99916033174381,15.184155918490603,2036-07-14T00:00:00.000,40,6
2036-02-05T00:00:00.000,170.0,1247.1682933602056,14.886370628107741,10.870386444218655,5.102159357693772,-3.5735506477558197,31.921380109768066,14.677313140211771,2036-07-24T00:00:00.000,40,7
2036-02-05T00:00:00.000,180.0,1175.4945761302215,14.038765550792405,10.944430272802276,5.145724870032939,-4.563001478903892,30.877994643042495,14.185310728284428,2036-08-03T00:00:00.000,40,8
2036-02-05T00:00:00.000,190.0,1109.4111294609784,13.212238911273571,11.047491238390469,5.204430453475901,-5.4487632825753956,29.864236728578835,13.705818938350218,2036-08-13T00:00:00.000,40,9
2036-02-05T00:00:00.000,200.0,1048.038838479057,12.39894327397733,11.170099422847873,5.273902501887209,-6.242595792402675,28.87645855490478,13.237030542330857,2036-08-23T00:00:00.000,40,10
2036-02-05T00:00:00.000,210.0,990.6965054477062,11.592876867428785,11.304304868356136,5.350478152168002,-6.954259895258112,27.911824076483292,12.777513509300565,2036-09-02T00:00:00.000,40,11
2036-02-05T00:00:00.000,220.0,936.8486262224592,10.78944854762303,11.443339296977767,5.431050791571915,-7.591946765535333,26.968093468570647,12.326106652231028,2036-09-12T00:00:00.000,40,12
2036-02-05T00:00:00.000,230.0,886.0685472982321,9.98515988968848,11.581356970473518,5.512952297904504,-8.162596651013295,26.04347018607505,11.881844296157,2036-09-22T00:00:00.000,40,13
2036-02-05T00:00:00.000,240.0,838.0120735415335,9.1773723938147,11.713227710137678,5.593859114810783,-8.672139218674058,25.136491559090594,11.443900865231061,2036-10-02T00:00:00.000,40,14
2036-02-05T00:00:00.000,250.0,792.39831008823,8.364152631112049,11.834376753261434,5.671719520277351,-9.125677388853642,24.24595025083048,11.01154933317963,2036-10-12T00:00:00.000,40,15
2036-02-05T00:00:00.000,260.0,748.9955321060731,7.544147618909669,11.94067334265881,5.744706420471399,-9.527630121646013,23.370836883835153,10.584128670814007,2036-10-22T00:00:00.000,40,16
2036-02-05T00:00:00.000,270.0,707.610651603309,6.7164880046445745,12.028325500545812,5.811173378275469,-9.881844176096251,22.510298432656846,10.1610172598706,2036-11-01T00:00:00.000,40,17
2036-02-05T00:00:00.000,280.0,668.0813148968036,5.880731019435393,12.093795460028009,5.869620520354296,-10.191682452583485,21.66360894689811,9.741610291855334,2036-11-11T00:00:00.000,40,18
2036-02-05T00:00:00.000,290.0,630.269909090835,5.036823993595796,12.133735969904354,5.9186716744256405,-10.46009464382238,20.830149483777774,9.325299009500224,2036-11-21T00:00:00.000,40,19
2036-02-05T00:00:00.000,300.0,594.0589780989744,4.185082639348808,12.144940863330671,5.957061006758384,-10.68967419160024,20.009395395607214,8.91144992011193,2036-12-01T00:00:00.000,40,20
2036-02-05T00:00:00.000,310.0,559.347698588249,3.326181663716703,12.12430636287819,5.983628282187007,-10.88270448463932,19.20091001450255,8.499382113026567,2036-12-11T00:00:00.000,40,21
2036-02-05T00:00:00.000,320.0,526.0491630271546,2.4611542114278926,12.068802207946312,5.9973232323994115,-11.041196471674773,18.404344397385746,8.088340423315964,2036-12-21T00:00:00.000,40,22
2036-02-05T00:00:00.000,330.0,494.08830191334715,1.5914018088750161,11.975443425877444,5.997216989899296,-11.166919234972156,17.619443800376573,7.6774616168579835,2036-12-31T00:00:00.000,40,23
2036-02-05T00:00:00.000,340.0,463.4003364654516,0.7187256484425681,11.841278211959828,5.982530441289576,-11.26142476808721,16.846062497979645,7.265729624224072,2037-01-10T00:00:00.000,40,24
2036-02-05T00:00:00.000,350.0,433.92964074142134,-0.15466289380887588,11.663390401194905,5.952687992072922,-11.326067760151467,16.084188548035435,6.85191276835342,2037-01-20T00:00:00.000,40,25
2036-02-05T00:00:00.000,360.0,405.62900150703183,-1.0261299155758081,11.438885830623914,5.907388028417479,-11.362020356548676,15.333983673752702,6.434472753652076,2037-01-30T00:00:00.000,40,26
2036-02-05T00:00:00.000,370.0,378.4593260706804,-1.8925973342927378,11.164879423753346,5.846712634461663,-11.370281597473152,14.595847019111382,6.0114284707996966,2037-02-09T00:00:00.000,40,27
2036-02-05T00:00:00.000,380.0,352.38991143304764,-2.750530214643806,10.838470804616737,5.771298574476301,-11.351680185754873,13.870517529264932,5.580144430365771,2037-02-19T00:00:00.000,40,28
2036-02-05T00:00:00.000,390.0,327.3995756047647,-3.595939700732977,10.456683161974118,5.682606386940682,-11.306867153262083,13.15924291557646,5.136989066768441,2037-03-01T00:00:00.000,40,29
2036-02-05T00:00:00.000,400.0,303.47933611141934,-4.424408329089303,10.016325643602661,5.583360633596827,-11.236290752793167,12.464069987555883,4.676758019763559,2037-03-11T00:00:00.000,40,30
2036-02-05T00:00:00.000,410.0,280.6382139167732,-5.231156949852743,9.513694457034667,5.478311933324019,-11.14013584063963,11.788370066806317,4.191648665727412,2037-03-21T00:00:00.000,40,31
2036-02-05T00:00:00.000,420.0,258.91607518766807,-6.01117607128063,8.943918939597427,5.375646065621249,-11.018183912833713,11.13785461567857,3.669317785453859,2037-03-31T00:00:00.000,40,32
2036-02-05T00:00:00.000,430.0,238.41417905853672,-6.75949850964173,8.299523184367278,5.289845254896763,-10.869473988695574,10.522709462818286,3.088899452672675,2037-04-10T00:00:00.000,40,33
2036-02-05T00:00:00.000,440.0,219.3766533282299,-7.471906341289756,7.566925375438123,5.248136282910652,-10.691388228547282,9.96259679206396,2.4119569302679116,2037-04-20T00:00:00.000,40,34
2036-02-05T00:00:00.000,450.0,202.44766619454296,-8.14699392355498,6.7167259242177995,5.307240623852094,-10.476745657942498,9.50028513795222,1.5588614149212026,2037-04-30T00:00:00.000,40,35
2036-02-05T00:00:00.000,460.0,189.71629923769666,-8.794346931152411,5.670530688435434,5.606744005575011,-10.201922784937999,9.24802104640059,0.333432831603794,2037-05-10T00:00:00.000,40,36
2036-02-05T00:00:00.000,470.0,191.21863799342836,-9.485724243681206,4.137430498378267,6.603649591268328,-9.75245792722621,9.615937075455554,-1.9083910846548982,2037-05-20T00:00:00.000,40,37
2036-02-05T00:00:00.000,480.0,329.7410141835919,-11.195656995557693,-0.17767962069436294,10.945934573481132,-7.71503890184654,13.816677536050616,-8.906099639650385,2037-05-30T00:00:00.000,40,38
2036-02-05T00:00:00.000,490.0,545.170527213932,-13.766529005476862,6.958221713828248,-12.119840524655455,-4.616614206955948,2.0542491916660666,22.79555791676536,2037-06-09T00:00:00.000,40,39
2036-02-05T00:00:00.000,500.0,157.1517529642487,-10.920205454328821,5.132243433132729,-2.7396529595123322,-8.71029565584628,2.626384308784729,8.624651182196498,2037-06-19T00:00:00.000,40,40
2036-02-05T00:00:00.000,510.0,114.8059720466496,-10.92976199250104,3.646921353295557,-1.2516535498035832,-8.720036928425738,2.744771421611034,5.588663333628925,2037-06-29T00:00:00.000,40,41
2036-02-05T00:00:00.000,520.0,94.53544317318159,-11.044494537311834,2.4480312803744084,-0.8986274088005644,-8.452333754136447,2.441646723858547,4.139064937608263,2037-07-09T00:00:00.000,40,42
2036-02-05T00:00:00.000,530.0,79.77545758402046,-11.117630652312641,1.3534475126880245,-0.9127822317979568,-8.103267924063559,1.9765270139213982,3.1946592147053927,2037-07-19T00:00:00.000,40,43
2036-02-05T00:00:00.000,540.0,67.57467836622666,-11.121411646543503,0.30801437307851387,-1.0917111759309073,-7.70733150885534,1.4338673876914214,2.473002970751814,2037-07-29T00:00:00.000,40,44
2036-02-05T00:00:00.000,550.0,57.11153285612455,-11.047706800319414,-0.7075226302346849,-1.3581242954809394,-7.273390442658371,0.8479907954468118,1.8682173148774455,2037-08-08T00:00:00.000,40,45
2036-02-05T00:00:00.000,560.0,48.1154585411119,-10.893979893368543,-1.6998134717235551,-1.6753969657231629,-6.803468544226771,0.23505758951465694,1.3315488118879903,2037-08-18T00:00:00.000,40,46
2036-02-05T00:00:00.000,570.0,40.510351666199384,-10.659899017092771,-2.6704974062036264,-2.023498688892042,-6.29698760513612,-0.39662084771199346,0.8372518558484492,2037-08-28T00:00:00.000,40,47
2036-02-05T00:00:00.000,580.0,34.30954648800201,-10.346130827279275,-3.6191903286660327,-2.3903413157091364,-5.751995110174597,-1.0425885822353713,0.37028068910216305,2037-09-07T00:00:00.000,40,48
2036-02-05T00:00:00.000,590.0,29.58070736405936,-9.953723243788566,-4.544825772076045,-2.7681466307762044,-5.165546253247701,-1.700474557761261,-0.07890214207894175,2037-09-17T00:00:00.000,40,49
2036-02-05T00:00:00.000,600.0,26.43499388779182,-9.483656305982771,-5.446297490236418,-3.1517337995657275,-4.533786304025895,-2.369117470292103,-0.5167765950348198,2037-09-27T00:00:00.000,40,50
2036-02-15T00:00:00.000,100.0,1938.9994710912556,1.7486624306542424,27.223486279577287,12.117424230098067,44.02895681939194,0.6218145880103059,-0.2525452543869342,2036-05-25T00:00:00.000,41,0
2036-02-15T00:00:00.000,110.0,1760.553150470988,2.8836951245916254,24.15222031110875,10.630975012790024,41.869122181782515,2.687146222835814,0.5558807201681333,2036-06-04T00:00:00.000,41,1
2036-02-15T00:00:00.000,120.0,1672.6189769589687,4.165846453777533,22.021007008069926,9.56762880700198,40.62515913000648,4.539803343497628,1.2671259696603219,2036-06-14T00:00:00.000,41,2
2036-02-15T00:00:00.000,130.0,1657.4991461535215,5.4910626407868595,20.750149364504395,8.895117259370334,40.1730721011633,6.312628548262371,1.942715861859206,2036-06-24T00:00:00.000,41,3
2036-02-15T00:00:00.000,140.0,1662.1130342072242,17.46740720574138,13.413003394637906,6.255193792020545,-5.103603657222944,36.7534964322029,16.889249951529923,2036-07-04T00:00:00.000,41,4
2036-02-15T00:00:00.000,150.0,1555.5673348093444,16.438870508916768,13.209147239166194,6.166172936392089,-6.425234767202163,35.363278686336365,16.239526272283594,2036-07-14T00:00:00.000,41,5
2036-02-15T00:00:00.000,160.0,1460.4686204540278,15.468598353959825,13.089787705533691,6.118025423530217,-7.585124159992272,34.04282372358834,15.621160803737354,2036-07-24T00:00:00.000,41,6
2036-02-15T00:00:00.000,170.0,1374.4825346570105,14.539220409788188,13.034512114872882,6.101290129995212,-8.605895552366857,32.78049769888068,15.028641555790777,2036-08-03T00:00:00.000,41,7
2036-02-15T00:00:00.000,180.0,1295.8936375332205,13.63774772802471,13.026982218594934,6.108395144242534,-9.505568092406381,31.567542891340427,14.457802342584042,2036-08-13T00:00:00.000,41,8
2036-02-15T00:00:00.000,190.0,1223.4179260877418,12.754393538744683,13.053906762973043,6.133183187820152,-10.298722675076974,30.39725472103934,13.905435727579652,2036-08-23T00:00:00.000,41,9
2036-02-15T00:00:00.000,200.0,1156.078238365119,11.881751441960471,13.104307012043835,6.1705725528534545,-10.99732287829774,29.264419173176965,13.369027576162017,2036-09-02T00:00:00.000,41,10
2036-02-15T00:00:00.000,210.0,1093.1195835321244,11.014212583904378,13.168979629186012,6.216310139408912,-11.611305038484677,28.164921138216073,12.84657137579729,2036-09-12T00:00:00.000,41,11
2036-02-15T00:00:00.000,220.0,1033.9504547190033,10.14754637891333,13.240095493200386,6.266787402454353,-12.149010420241154,27.09546732108884,12.33643591884147,2036-09-22T00:00:00.000,41,12
2036-02-15T00:00:00.000,230.0,978.1014399981069,9.278597226791026,13.31088963391117,6.318898011890778,-12.617507030965665,26.05338767738248,11.837269400231355,2036-10-02T00:00:00.000,41,13
2036-02-15T00:00:00.000,240.0,925.1955894412008,8.40508012095685,13.375425296772423,6.3699291366688335,-13.022833077606947,25.036491746593164,11.347928846126923,2036-10-12T00:00:00.000,41,14
2036-02-15T00:00:00.000,250.0,874.926848280216,7.525420912960534,13.428426221145852,6.417486997119031,-13.370184053326387,24.042962870805823,10.867426698784097,2036-10-22T00:00:00.000,41,15
2036-02-15T00:00:00.000,260.0,827.0441627326207,6.638634549557215,13.46512940151212,6.459431891488085,-13.664057935911394,23.07127994988062,10.394889365977601,2036-11-01T00:00:00.000,41,16
2036-02-15T00:00:00.000,270.0,781.3396645782879,5.7442503313759925,13.481169222254833,6.4938275517372706,-13.908369204403787,22.120159945746625,9.929524390768513,2036-11-11T00:00:00.000,41,17
2036-02-15T00:00:00.000,280.0,737.6397851710266,4.842262933662919,13.472490691912322,6.518904828329926,-14.106539491167549,21.188515574705175,9.470593249402764,2036-11-21T00:00:00.000,41,18
2036-02-15T00:00:00.000,290.0,695.7985057925554,3.9331019556208613,13.435283492792966,6.533036901778627,-14.2615703644205,20.275424519804893,9.0173874861255,2036-12-01T00:00:00.000,41,19
2036-02-15T00:00:00.000,300.0,655.6921908848398,3.017616518355556,13.365932223116712,6.534724191095005,-14.376102275278821,19.38010778553881,8.569206292093845,2036-12-11T00:00:00.000,41,20
2036-02-15T00:00:00.000,310.0,617.215605838204,2.0970706244592527,13.26098127607921,6.522588464555685,-14.452462659499982,18.501915621531282,8.125333669930082,2036-12-21T00:00:00.000,41,21
2036-02-15T00:00:00.000,320.0,580.27884532516,1.1731503436479187,13.117104964876232,6.495372942752468,-14.492705407490693,17.640320453805586,7.685013310586933,2036-12-31T00:00:00.000,41,22
2036-02-15T00:00:00.000,330.0,544.8049845096727,0.24799319624705518,12.931098565081905,6.451956637304858,-14.498643538214555,16.79491703116628,7.247418987315617,2037-01-10T00:00:00.000,41,23
2036-02-15T00:00:00.000,340.0,510.7282593498214,-0.6758027712757162,12.699889458712331,6.391388906167714,-14.471876292170265,15.965429412745804,6.811616518901578,2037-01-20T00:00:00.000,41,24
2036-02-15T00:00:00.000,350.0,477.99269456318837,-1.5951678886898435,12.420539379322953,6.312931481389802,-14.413811247098035,15.15172691281857,6.376512483763208,2037-01-30T00:00:00.000,41,25
2036-02-15T00:00:00.000,360.0,446.55114985379896,-2.506540277696029,12.09025777536447,6.216123559889759,-14.325682074829668,14.353852714604077,5.940782372058082,2037-02-09T00:00:00.000,41,26
2036-02-15T00:00:00.000,370.0,416.36476945760177,-3.4058536887871718,11.706420171680069,6.100879326948977,-14.208562023819383,13.572070772272367,5.502765634234254,2037-02-19T00:00:00.000,41,27
2036-02-15T00:00:00.000,380.0,387.40289881125034,-4.288539079173685,11.266578282380946,5.967630786717324,-14.063372500913776,12.806941482573006,5.0603065691461095,2037-03-01T00:00:00.000,41,28
2036-02-15T00:00:00.000,390.0,359.6436576610613,-5.149543265732788,10.768447021201085,5.817540922341693,-13.890885055182885,12.059445421334278,4.610503895955166,2037-03-11T00:00:00.000,41,29
2036-02-15T00:00:00.000,400.0,333.07559838501726,-5.98337514041696,10.209838151152754,5.652835379120513,-13.691712863490956,11.331191753364173,4.1493000249711125,2037-03-21T00:00:00.000,41,30
2036-02-15T00:00:00.000,410.0,307.7014261790949,-6.784179193930488,9.588475997179557,5.477342391281843,-13.466283074799822,10.624785020249334,3.6707750682846365,2037-03-31T00:00:00.000,41,31
2036-02-15T00:00:00.000,420.0,283.54607322358464,-7.54584672714363,8.901602004675475,5.2974517728099535,-13.214769889507732,9.944507966235895,3.165863436791815,2037-04-10T00:00:00.000,41,32
2036-02-15T00:00:00.000,430.0,260.674891753363,-8.26223950612806,8.145080463915411,5.123941008660228,-12.936936047323524,9.297685152067624,2.619852719876719,2037-04-20T00:00:00.000,41,33
2036-02-15T00:00:00.000,440.0,239.23851063526513,-8.927587631610823,7.31130278520744,4.97579206367088,-12.631733678331688,8.697672202519247,2.0070658116987916,2037-04-30T00:00:00.000,41,34
2036-02-15T00:00:00.000,450.0,219.59920260629906,-9.53738838423137,6.3838899185595,4.889245018544263,-12.29616824158467,8.171273057855196,1.278180658167459,2037-05-10T00:00:00.000,41,35
2036-02-15T00:00:00.000,460.0,202.7633339623097,-10.091182560243812,5.321939892139115,4.943048467816225,-11.921379329516501,7.78065276386047,0.3247944154643605,2037-05-20T00:00:00.000,41,36
2036-02-15T00:00:00.000,470.0,192.38682247926073,-10.605087235939342,3.9991190666862266,5.347833150364485,-11.47431734872745,7.708009140911889,-1.146062364608385,2037-05-30T00:00:00.000,41,37
2036-02-15T00:00:00.000,480.0,211.00629309945535,-11.214621598049334,1.8217797158814903,6.918253554264665,-10.748079302026248,8.786947236176808,-4.274885107866066,2037-06-09T00:00:00.000,41,38
2036-02-15T00:00:00.000,490.0,888.6154967956793,-16.01575026529715,-10.52220956234574,15.486028279132784,-3.8751464983144466,23.995176543255994,-17.257758807859666,2037-06-19T00:00:00.000,41,39
2036-02-15T00:00:00.000,500.0,246.76218867576154,-12.35117692386181,4.766143061162527,-6.549292469226385,-9.16881171674785,0.7458949504406256,12.733370374786718,2037-06-29T00:00:00.000,41,40
2036-02-15T00:00:00.000,510.0,133.43767936747292,-11.7744413591728,2.8905119650479634,-2.5813520961219343,-9.656337348979928,1.332695081550046,6.198124893044712,2037-07-09T00:00:00.000,41,41
2036-02-15T00:00:00.000,520.0,104.91565053787122,-11.707365555733887,1.5086819254226,-1.7630321698239726,-9.312304266026963,1.2464986221277705,4.079568724735596,2037-07-19T00:00:00.000,41,42
2036-02-15T00:00:00.000,530.0,87.52976932088387,-11.626729889177124,0.3207722429295323,-1.6240827122025028,-8.844339462528573,0.9030286194129999,2.9140981632341614,2037-07-29T00:00:00.000,41,43
2036-02-15T00:00:00.000,540.0,73.91573034395235,-11.479021398576993,-0.7755346698609991,-1.7363066389617359,-8.323508445190239,0.45254310716918056,2.1047903085468596,2037-08-08T00:00:00.000,41,44
2036-02-15T00:00:00.000,550.0,62.44944308335709,-11.253432456039274,-1.8142042758062509,-1.965570775211365,-7.764943944307259,-0.04952813643538079,1.4671862829321842,2037-08-18T00:00:00.000,41,45
2036-02-15T00:00:00.000,560.0,52.63610358857043,-10.948267322271017,-2.8075330886446537,-2.255582974113734,-7.172479048785792,-0.5786365637048299,0.9256498314390544,2037-08-28T00:00:00.000,41,46
2036-02-15T00:00:00.000,570.0,44.31203958082591,-10.564783805564176,-3.7597851857661517,-2.578076975854886,-6.5464177796398,-1.1224471061139525,0.4433580147220013,2037-09-07T00:00:00.000,41,47
2036-02-15T00:00:00.000,580.0,37.44206292891294,-10.105389356625679,-4.6720515611953495,-2.917064603585512,-5.885499183284171,-1.6742049671535355,0.00014294307615081436,2037-09-17T00:00:00.000,41,48
2036-02-15T00:00:00.000,590.0,32.0559718126831,-9.572846110688504,-5.5442471918845495,-3.2627649922591235,-5.1874909598056185,-2.2299798440196774,-0.416051979786241,2037-09-27T00:00:00.000,41,49
2036-02-15T00:00:00.000,600.0,28.227140665679816,-8.969797532791175,-6.375974701276274,-3.608894172649366,-4.449362607958413,-2.787369961898051,-0.8129463353074318,2037-10-07T00:00:00.000,41,50
2036-02-25T00:00:00.000,100.0,1897.0926464994486,-1.7407803659778693,27.234258509320746,12.23164234026829,43.020273840563725,6.422308050819275,2.258903380567446,2036-06-04T00:00:00.000,42,0
2036-02-25T00:00:00.000,110.0,1696.2783724202852,-0.402164902772677,24.073321154140345,10.702240815740359,40.31181063621493,7.948021986257537,2.839936998632334,2036-06-14T00:00:00.000,42,1
2036-02-25T00:00:00.000,120.0,1583.396625368394,1.032593174642349,21.81249682959195,9.578561383004317,38.52360383702006,9.377752137102252,3.3743647745614833,2036-06-24T00:00:00.000,42,2
2036-02-25T00:00:00.000,130.0,1540.927847302008,2.497421981383969,20.364045011359696,8.822629149358026,37.530268036636336,10.821360099179095,3.912159762092478,2036-07-04T00:00:00.000,42,3
2036-02-25T00:00:00.000,140.0,1558.682482678812,3.896013658568866,19.68078433299412,8.417012149415179,37.217969881750314,12.379150286281913,4.501315224418846,2036-07-14T00:00:00.000,42,4
2036-02-25T00:00:00.000,150.0,1629.226006821689,5.095111003413784,19.72197056273329,8.349577985241318,37.45116995764964,14.133570129384676,5.184406525601114,2036-07-24T00:00:00.000,42,5
2036-02-25T00:00:00.000,160.0,1600.0995385939038,14.820063152305988,15.402055281044293,7.178167619687296,-13.03486575549212,34.38393197697052,15.746016484599101,2036-08-03T00:00:00.000,42,6
2036-02-25T00:00:00.000,170.0,1506.4886621175917,13.853152925660325,15.249899087861207,7.118090904883728,-13.935763212737406,32.941902352032834,15.070309725590914,2036-08-13T00:00:00.000,42,7
2036-02-25T00:00:00.000,180.0,1420.92478915842,12.908975007461462,15.152710734377674,7.0852010895644195,-14.714781269865014,31.565190482116215,14.423548494256526,2036-08-23T00:00:00.000,42,8
2036-02-25T00:00:00.000,190.0,1341.9891052832477,11.97857117815985,15.095293798263755,7.072452098629944,-15.386409179301769,30.245051908809636,13.801606894987131,2036-09-02T00:00:00.000,42,9
2036-02-25T00:00:00.000,200.0,1268.6044185511946,11.055239179849277,15.06511261290957,7.074033668204285,-15.962550570282005,28.97462474872093,13.201231704397621,2036-09-12T00:00:00.000,42,10
2036-02-25T00:00:00.000,210.0,1199.9408124732815,10.133984813998357,15.051666759770722,7.085083215384715,-16.453102200793236,27.748449830309323,12.619816657081074,2036-09-22T00:00:00.000,42,11
2036-02-25T00:00:00.000,220.0,1135.3502780059086,9.211131336661309,15.04602137380855,7.101469214933818,-16.866378970115523,26.562129112524246,12.055240995183189,2036-10-02T00:00:00.000,42,12
2036-02-25T00:00:00.000,230.0,1074.320640089288,8.284055039940874,15.040455814420483,7.119628509539568,-17.209431518455265,25.412079274791704,11.505752206291788,2036-10-12T00:00:00.000,42,13
2036-02-25T00:00:00.000,240.0,1016.4425150548489,7.350983840761161,15.028211410109733,7.13645196996131,-17.488287501262057,24.295350808229045,10.969878961644671,2036-10-22T00:00:00.000,42,14
2036-02-25T00:00:00.000,250.0,961.3852714545178,6.410846459220794,15.003281764556215,7.149189587333383,-17.708137062724077,23.20949387792654,10.446365260356648,2036-11-01T00:00:00.000,42,15
2036-02-25T00:00:00.000,260.0,908.8793523151321,5.463177412586154,14.960250548974674,7.15537702289722,-17.873477327575145,22.15245858083675,9.934119959015067,2036-11-11T00:00:00.000,42,16
2036-02-25T00:00:00.000,270.0,858.7031121182621,4.508053940201769,14.894170393739731,7.152781601811741,-17.988226470252393,21.122520133102977,9.43217704455512,2036-11-21T00:00:00.000,42,17
2036-02-25T00:00:00.000,280.0,810.6729055223861,3.5460558163524194,14.800471783633382,7.139363485712945,-18.055814772273184,20.118222545971836,8.939663305880046,2036-12-01T00:00:00.000,42,18
2036-02-25T00:00:00.000,290.0,764.6355539293263,2.57824328033119,14.674895404690217,7.113249064965665,-18.079258071587574,19.138336390158187,8.45577091266129,2036-12-11T00:00:00.000,42,19
2036-02-25T00:00:00.000,300.0,720.4625682131756,1.606147835152374,14.513445084548243,7.072715120460044,-18.06121757843154,18.181827517149586,7.979732823494363,2036-12-21T00:00:00.000,42,20
2036-02-25T00:00:00.000,310.0,678.0456956500307,0.6317762359874024,14.312351130077953,7.016179639147827,-18.0040490275602,17.247834879312162,7.510799307611813,2036-12-31T00:00:00.000,42,21
2036-02-25T00:00:00.000,320.0,637.2934916886086,-0.34236255102203117,14.068059307946728,6.942206514663859,-17.9098436192265,16.335656479883923,7.048214000346954,2037-01-10T00:00:00.000,42,22
2036-02-25T00:00:00.000,330.0,598.128632152259,-1.313250460549984,13.777244530189748,6.849528750055661,-17.78046231537001,15.444741782629889,6.591186787813896,2037-01-20T00:00:00.000,42,23
2036-02-25T00:00:00.000,340.0,560.4858114563168,-2.2773516407960024,13.436820688705527,6.737075508320615,-17.617564521252444,14.574691025773497,6.138860912177554,2037-01-30T00:00:00.000,42,24
2036-02-25T00:00:00.000,350.0,524.3101369539954,-3.2305948536380527,13.043967695987122,6.604015579862583,-17.422632267178543,13.725262821216935,5.690270848139363,2037-02-09T00:00:00.000,42,25
2036-02-25T00:00:00.000,360.0,489.55593336373767,-4.168365107474433,12.596171689645725,6.449821562947969,-17.196990513850594,12.896391890773476,5.244285159091035,2037-02-19T00:00:00.000,42,26
2036-02-25T00:00:00.000,370.0,456.18592203267525,-5.0855098355736885,12.091269241183896,6.274358770912691,-16.94182382102909,12.088220875340696,4.799525363915061,2037-03-01T00:00:00.000,42,27
2036-02-25T00:00:00.000,380.0,424.17079822355043,-5.976362424465247,11.527488728926077,6.078007643875956,-16.65818926598742,11.301153454162815,4.354246112423571,2037-03-11T00:00:00.000,42,28
2036-02-25T00:00:00.000,390.0,393.48931010873326,-6.834791923280662,10.903474844859895,5.861836522781819,-16.347024881896456,10.535941795840063,3.9061513147933624,2037-03-21T00:00:00.000,42,29
2036-02-25T00:00:00.000,400.0,364.1291091548567,-7.654274442136767,10.21826619250145,5.627850507384661,-16.009151958296556,9.793832902569942,3.4521007817797855,2037-03-31T00:00:00.000,42,30
2036-02-25T00:00:00.000,410.0,336.08897443271957,-8.427985877431151,9.471210959741956,5.379387322631404,-15.645267746593255,9.076821572162103,2.987621414647619,2037-04-10T00:00:00.000,42,31
2036-02-25T00:00:00.000,420.0,309.3836968626362,-9.1489619499,8.661724910490006,5.121776146084555,-15.255919665422603,8.388106511499139,2.5060489174303573,2037-04-20T00:00:00.000,42,32
2036-02-25T00:00:00.000,430.0,284.0548223233591,-9.810301965572283,7.78871246689682,4.863510887428491,-14.841440456625929,7.732965340695813,1.9969262718947487,2037-04-30T00:00:00.000,42,33
2036-02-25T00:00:00.000,440.0,260.19571155568724,-10.405447347566405,6.849288986668917,4.618573979938412,-14.401790374653899,7.120570880487975,1.4427806126228102,2037-05-10T00:00:00.000,42,34
2036-02-25T00:00:00.000,450.0,238.0162324958733,-10.928642639291676,5.835765696072501,4.411554572931684,-13.936142585546158,6.568170366440061,0.8119731329414712,2037-05-20T00:00:00.000,42,35
2036-02-25T00:00:00.000,460.0,218.03739731563735,-11.375945353671638,4.727620889319123,4.290554879729276,-13.441622797032501,6.1121618870684635,0.040632058786068015,2037-05-30T00:00:00.000,42,36
2036-02-25T00:00:00.000,470.0,201.82844157066467,-11.74855519123531,3.4654186225031403,4.366439302215388,-12.908487563335783,5.844171848381347,-1.0222748184598274,2037-06-09T00:00:00.000,42,37
2036-02-25T00:00:00.000,480.0,196.083733274841,-12.070929891901468,1.8323759305655933,4.972134222372629,-12.293132472195012,6.075341385768514,-2.8377551589722945,2037-06-19T00:00:00.000,42,38
2036-02-25T00:00:00.000,490.0,262.17658943746545,-12.618360719455668,-1.6117914377855733,7.752868039249279,-11.185165782939329,8.81780288348206,-7.701623734881119,2037-06-29T00:00:00.000,42,39
2036-02-25T00:00:00.000,500.0,1014.8848992450933,-16.874465877514805,0.630483584479979,-20.783514121126466,-5.113792664611498,3.7803701070883626,31.2160667875037,2037-07-09T00:00:00.000,42,40
2036-02-25T00:00:00.000,510.0,167.2590317633179,-12.530365514275584,2.1188585783128246,-4.670311166923851,-10.373359703616423,-0.4016354170162302,7.713049281218361,2037-07-19T00:00:00.000,42,41
2036-02-25T00:00:00.000,520.0,117.39641990268309,-12.224788210496211,0.49144679216048814,-2.7995177578530237,-10.01531760464205,-0.13476906272653366,4.131787806817036,2037-07-29T00:00:00.000,42,42
2036-02-25T00:00:00.000,530.0,96.00528691474123,-11.979843514586241,-0.7931438373174942,-2.396072474610346,-9.438167350022749,-0.30058805613910167,2.6145613032040966,2037-08-08T00:00:00.000,42,43
2036-02-25T00:00:00.000,540.0,80.72445466274982,-11.675845262018704,-1.926102681087965,-2.40431915988939,-8.80195797723,-0.6269666360466459,1.6902376362841238,2037-08-18T00:00:00.000,42,44
2036-02-25T00:00:00.000,550.0,68.18798263051669,-11.297132692261608,-2.9682748188368464,-2.577630782803409,-8.130699633126238,-1.0214461298297017,1.018014690588247,2037-08-28T00:00:00.000,42,45
2036-02-25T00:00:00.000,560.0,57.52602900461964,-10.842784089807669,-3.941486521761213,-2.8275518741332766,-7.430019217036524,-1.4466320996169166,0.4775971183388368,2037-09-07T00:00:00.000,42,46
2036-02-25T00:00:00.000,570.0,48.45556054802111,-10.315644145067214,-4.85429249144655,-3.1140353044019093,-6.70095949192056,-1.8847957892254783,0.015724775952728365,2037-09-17T00:00:00.000,42,47
2036-02-25T00:00:00.000,580.0,40.88599700438882,-9.719743510670364,-5.710202968343886,-3.4161068163784103,-5.9428468862159605,-2.326513124347926,-0.3948475321170566,2037-09-27T00:00:00.000,42,48
2036-02-25T00:00:00.000,590.0,34.809208956243545,-9.059361178321845,-6.510756111682973,-3.7216872101852445,-5.154080582149238,-2.7663100646971728,-0.7695394303808261,2037-10-07T00:00:00.000,42,49
2036-02-25T00:00:00.000,600.0,30.263558540668704,-8.338552812181716,-7.256796408124913,-4.023395962430488,-4.332370975411344,-3.2007420266995723,-1.1177525444395915,2037-10-17T00:00:00.000,42,50
2036-03-06T00:00:00.000,100.0,1859.3008305765911,-5.198551056440332,26.98428070143292,12.233578252717258,41.16479749496056,11.959254004054744,4.662244249498375,2036-06-14T00:00:00.000,43,0
2036-03-06T00:00:00.000,110.0,1639.0131107737575,-3.6517586917116667,23.771537110693128,10.67993889972338,38.06121845125322,12.8658925095523,4.98252653905477,2036-06-24T00:00:00.000,43,1
2036-03-06T00:00:00.000,120.0,1504.1553041395443,-2.0680161425167753,21.422541189212147,9.517144879193616,35.858892351052425,13.789252297102252,5.30581422422974,2036-07-04T00:00:00.000,43,2
2036-03-06T00:00:00.000,130.0,1436.5544855996568,-0.4822629419202382,19.838749144470462,8.700750008271115,34.42454516687785,14.81114698447694,5.66878299615211,2036-07-14T00:00:00.000,43,3
2036-03-06T00:00:00.000,140.0,1426.3768720098408,1.0458321574289453,18.969921993289915,8.209817977313321,33.65386910855316,16.014401134166377,6.110067294901324,2036-07-24T00:00:00.000,43,4
2036-03-06T00:00:00.000,150.0,1468.2372845181465,2.4209847874830928,18.789613761123903,8.036384198581766,33.44019986463412,17.47892458350646,6.669146342341305,2036-08-03T00:00:00.000,43,5
2036-03-06T00:00:00.000,160.0,1557.9113355786087,3.50820387926443,19.26525316693694,8.1720917838126,33.64910913470766,19.26625723296489,7.379710174008898,2036-08-13T00:00:00.000,43,6
2036-03-06T00:00:00.000,170.0,1638.5077325785808,12.810827852749348,17.469938693152848,8.132273649505409,-19.456121552594283,32.28324000250036,14.756675833337862,2036-08-23T00:00:00.000,43,7
2036-03-06T00:00:00.000,180.0,1546.2090262974284,11.836284169657041,17.276763701262404,8.056644530379735,-20.083887484103425,30.753154432974284,14.038873966416833,2036-09-02T00:00:00.000,43,8
2036-03-06T00:00:00.000,190.0,1461.02508927724,10.869749673294793,17.128277355609953,8.003405745659098,-20.605535535532766,29.29415504321535,13.352508186674033,2036-09-12T00:00:00.000,43,9
2036-03-06T00:00:00.000,200.0,1381.7794002291091,9.905509047374231,17.010375651858837,7.96601402878685,-21.032627021047134,27.89769217936084,12.693572069683778,2036-09-22T00:00:00.000,43,10
2036-03-06T00:00:00.000,210.0,1307.5681203290044,8.939424311884729,16.91124285645551,7.938988533428217,-21.37478963325457,26.55693213805512,12.05884919376026,2036-10-02T00:00:00.000,43,11
2036-03-06T00:00:00.000,220.0,1237.6879811696717,7.968600495521394,16.820824295844425,7.917666487362166,-21.640124690831257,25.266349725844385,11.445722173208221,2036-10-12T00:00:00.000,43,12
2036-03-06T00:00:00.000,230.0,1171.5854106641364,6.991137001615309,16.730447378829567,7.898029766330323,-21.835512704801666,24.021431595299273,10.852032975205114,2036-10-22T00:00:00.000,43,13
2036-03-06T00:00:00.000,240.0,1108.8200571061464,6.005944731678413,16.632519511366795,7.87656658336482,-21.966845809307454,22.818457397081858,10.27597899539592,2036-11-01T00:00:00.000,43,14
2036-03-06T00:00:00.000,250.0,1049.038299907098,5.012629316339792,16.52029796463725,7.850165725950218,-22.039207213431457,21.65433703884429,9.716034824899776,2036-11-11T00:00:00.000,43,15
2036-03-06T00:00:00.000,260.0,991.9537506389931,4.011413314691396,16.387718620108178,7.816038175894803,-22.057011735180417,20.526488245442902,9.170892228284053,2036-11-21T00:00:00.000,43,16
2036-03-06T00:00:00.000,270.0,937.3327218080016,3.0030861462708582,16.22926794471825,7.771659653537725,-22.0241172200946,19.432743600905606,8.63941309493859,2036-12-01T00:00:00.000,43,17
2036-03-06T00:00:00.000,280.0,884.9832804183195,1.9889754550910368,16.039888507016297,7.714729549124929,-21.943913920934673,18.371279589588546,8.120591634240467,2036-12-11T00:00:00.000,43,18
2036-03-06T00:00:00.000,290.0,834.7469166094605,0.9709335411791393,15.81491300030011,7.643143598245553,-21.819396987676452,17.340562265205268,7.613522971015158,2036-12-21T00:00:00.000,43,19
2036-03-06T00:00:00.000,300.0,786.4921540096963,-0.04866166996417931,15.5500150987892,7.554975227486934,-21.65322590532255,16.339305991434955,7.117376034819469,2036-12-31T00:00:00.000,43,20
2036-03-06T00:00:00.000,310.0,740.1096353783356,-1.0668820130294776,15.241191393830913,7.448471935571789,-21.447774010760273,15.366442948067348,6.631369126016364,2037-01-10T00:00:00.000,43,21
2036-03-06T00:00:00.000,320.0,695.508272440211,-2.0802444722002242,14.884772774362915,7.322070370605363,-21.20517001865981,14.421100549756998,6.154745799278836,2037-01-20T00:00:00.000,43,22
2036-03-06T00:00:00.000,330.0,652.6122101467132,-3.0847052533241595,14.47743644789417,7.174414348665523,-20.927332948976847,13.502585991809934,5.686749275566783,2037-01-30T00:00:00.000,43,23
2036-03-06T00:00:00.000,340.0,611.3584474331091,-4.075645897577061,14.016239716098184,7.004386855290648,-20.61600193956475,12.610377943711718,5.226593496506169,2037-02-09T00:00:00.000,43,24
2036-03-06T00:00:00.000,350.0,571.6949664734129,-5.047870014223847,13.498671938968481,6.811157992062986,-20.27276183872085,11.744125396185215,4.773427760278148,2037-02-19T00:00:00.000,43,25
2036-03-06T00:00:00.000,360.0,533.5792719507801,-5.995616296220561,12.922716762242548,6.594249150058721,-19.899065138638644,10.903654773274058,4.326290691141114,2037-03-01T00:00:00.000,43,26
2036-03-06T00:00:00.000,370.0,496.9772862561893,-6.912590806235627,12.286920330965383,6.35361588649421,-19.496250608471026,10.088987867541324,3.884047151681658,2037-03-11T00:00:00.000,43,27
2036-03-06T00:00:00.000,380.0,461.8625858212597,-7.792027233393416,11.590456588845095,6.0897552034941445,-19.06555868507818,9.300375305531453,3.445297813449569,2037-03-21T00:00:00.000,43,28
2036-03-06T00:00:00.000,390.0,428.216034509571,-8.62676990559855,10.83317002515085,5.803842227391305,-18.608143503828604,8.538354393939109,3.0082443541030752,2037-03-31T00:00:00.000,43,29
2036-03-06T00:00:00.000,400.0,396.0259825962021,-9.409377210330856,10.015602567650973,5.497926567167287,-18.125081364030184,7.803847624246867,2.5704805778344966,2037-04-10T00:00:00.000,43,30
2036-03-06T00:00:00.000,410.0,365.2893309665303,-10.132286598727617,9.138956323587491,5.175219276628557,-17.617373798297162,7.098331124035639,2.1286537226965567,2037-04-20T00:00:00.000,43,31
2036-03-06T00:00:00.000,420.0,336.0142228166999,-10.788005942757193,8.204924164679982,4.840530700832206,-17.085942287057218,6.424133191436809,1.677889066276368,2037-04-30T00:00:00.000,43,32
2036-03-06T00:00:00.000,430.0,308.2261257979273,-11.369330983993734,7.215310308255834,4.5010247048606855,-16.531608574295806,5.784990127729873,1.2107571871620628,2037-05-10T00:00:00.000,43,33
2036-03-06T00:00:00.000,440.0,281.98161163769566,-11.869600170701217,6.17121714663781,4.167637236936943,-15.955044677898854,5.187149513638012,0.715290771023934,2037-05-20T00:00:00.000,43,34
2036-03-06T00:00:00.000,450.0,257.4017444711508,-12.282996602022036,5.071258300837265,3.858020047113442,-15.356648535488603,4.64175651432047,0.17084112616695712,2037-05-30T00:00:00.000,43,35
2036-03-06T00:00:00.000,460.0,234.76306462104054,-12.604963705664506,3.907264780305592,3.603413395634523,-14.736202984499311,4.170650801196146,-0.4615821867837333,2037-06-09T00:00:00.000,43,36
2036-03-06T00:00:00.000,470.0,214.79397121975893,-12.833059233547864,2.652170528459518,3.4673211596580646,-14.091755494620095,3.822951991342517,-1.265478712382622,2037-06-19T00:00:00.000,43,37
2036-03-06T00:00:00.000,480.0,199.94981447674272,-12.970077293788092,1.2159982639292792,3.6087324461219836,-13.414724572693796,3.735904903376408,-2.4572329292185664,2037-06-29T00:00:00.000,43,38
2036-03-06T00:00:00.000,490.0,203.4070127448895,-13.046655241879602,-0.8027135382355013,4.590186510128831,-12.654630339418823,4.480080037921454,-4.816246107848709,2037-07-09T00:00:00.000,43,39
2036-03-06T00:00:00.000,500.0,474.00979747810294,-13.734665332406944,-8.270051213943615,10.37384068896467,-10.811385059205016,12.836011167567998,-13.869411230682115,2037-07-19T00:00:00.000,43,40
2036-03-06T00:00:00.000,510.0,282.492060598929,-13.300984210336484,1.3057899325238367,-9.377448545365262,-10.697593330965201,-2.439512574338231,12.731941561437655,2037-07-29T00:00:00.000,43,41
2036-03-06T00:00:00.000,520.0,134.7488071840083,-12.57554793982908,-0.5540884332888361,-4.139924083307076,-10.556255768550972,-1.7886097144649291,4.484991262228313,2037-08-08T00:00:00.000,43,42
2036-03-06T00:00:00.000,530.0,105.8571457612981,-12.161457396285556,-1.961155540491962,-3.238574594806784,-9.881799280066002,-1.6889580395959136,2.314002914922426,2037-08-18T00:00:00.000,43,43
2036-03-06T00:00:00.000,540.0,88.51362412791002,-11.701950532159664,-3.1215274157582407,-3.0870933582122753,-9.142700919017326,-1.853629277689592,1.22012398312701,2037-08-28T00:00:00.000,43,44
2036-03-06T00:00:00.000,550.0,74.86700045496707,-11.173747333682154,-4.149162807168434,-3.1825034005148787,-8.374252561539631,-2.1174599698074985,0.5052304095923219,2037-09-07T00:00:00.000,43,45
2036-03-06T00:00:00.000,560.0,63.36786017006836,-10.576877443495292,-5.082364636915436,-3.3797047306333985,-7.583142714800037,-2.4213412814232456,-0.030218138908924885,2037-09-17T00:00:00.000,43,46
2036-03-06T00:00:00.000,570.0,53.56410137168408,-9.915742749377104,-5.936360856836945,-3.620945947653782,-6.770725243227374,-2.739620220576665,-0.46460962045051524,2037-09-27T00:00:00.000,43,47
2036-03-06T00:00:00.000,580.0,45.30153491552317,-9.195798185785586,-6.718136927952024,-3.8785786519453236,-5.936670122549379,-3.059453026840302,-0.8350029629351194,2037-10-07T00:00:00.000,43,48
2036-03-06T00:00:00.000,590.0,38.534731301315745,-8.42255567633251,-7.431469138297473,-4.137757693771623,-5.07983206182707,-3.3736705090481607,-1.1611997336066704,2037-10-17T00:00:00.000,43,49
2036-03-06T00:00:00.000,600.0,33.27038751015251,-7.601124559698599,-8.078868623703379,-4.3899363986453075,-4.198499013147557,-3.6778718265493247,-1.454734468632072,2037-10-27T00:00:00.000,43,50
2036-03-16T00:00:00.000,100.0,1830.0111602587187,-8.596517627083632,26.468249908536738,12.118835547862632,38.566734418805275,17.166634105212328,6.922776179093205,2036-06-24T00:00:00.000,44,0
2036-03-16T00:00:00.000,110.0,1592.7785410426554,-6.8350164966788505,23.23724291215396,10.557049109254573,35.22958340595582,17.411309144907882,6.964288043002312,2036-07-04T00:00:00.000,44,1
2036-03-16T00:00:00.000,120.0,1439.0169600214963,-5.100245814961635,20.837245745058276,9.373424636106485,32.7572927371829,17.78128551248078,7.057097000583301,2036-07-14T00:00:00.000,44,2
2036-03-16T00:00:00.000,130.0,1349.5449788327792,-3.4025062183508332,19.159734986417163,8.517944630119317,31.008008140025325,18.32674446711208,7.223492732610684,2036-07-24T00:00:00.000,44,3
2036-03-16T00:00:00.000,140.0,1313.9428207345802,-1.772156136415317,18.146581180373694,7.964556301695805,29.878830617767616,19.107244180405125,7.490762409775597,2036-08-03T00:00:00.000,44,4
2036-03-16T00:00:00.000,150.0,1327.2349653956142,-0.268703383944108,17.772400011866214,7.703641930405041,29.279608009474757,20.190749669768095,7.89133372630225,2036-08-13T00:00:00.000,44,5
2036-03-16T00:00:00.000,160.0,1387.351091296162,1.00925660724725,18.02428542060622,7.733401746549541,29.108185231208,21.644888879938655,8.459517079417385,2036-08-23T00:00:00.000,44,6
2036-03-16T00:00:00.000,170.0,1492.5308699318807,1.920907935346725,18.87382471091351,8.047408421937769,29.230552776340666,23.51690226698794,9.222849998041884,2036-09-02T00:00:00.000,44,7
2036-03-16T00:00:00.000,180.0,1669.5012698762114,10.412493872341473,19.34942668464672,9.001309294854403,-25.39024820304665,29.12228926949212,13.293939738389131,2036-09-12T00:00:00.000,44,8
2036-03-16T00:00:00.000,190.0,1578.2374350298733,9.42147602268694,19.10471884143549,8.90532666886964,-25.734767705210245,27.539975022839254,12.550256647978609,2036-09-22T00:00:00.000,44,9
2036-03-16T00:00:00.000,200.0,1493.278787459537,8.426899063075362,18.893269266418187,8.826377523536687,-25.98765604982687,26.033336985670886,11.84001207287957,2036-10-02T00:00:00.000,44,10
2036-03-16T00:00:00.000,210.0,1413.648168254849,7.42575154735609,18.701969328016652,8.758370960592307,-26.15803645381582,24.59417440217253,11.159385404726063,2036-10-12T00:00:00.000,44,11
2036-03-16T00:00:00.000,220.0,1338.5878390352273,6.416145444665547,18.519678687248092,8.696128613290119,-26.25360586441454,23.215842719811405,10.505268438273513,2036-10-22T00:00:00.000,44,12
2036-03-16T00:00:00.000,230.0,1267.5037707088225,5.397101043966812,18.336786724725716,8.635182833133136,-26.280919500164938,21.892906953609028,9.8751033440309,2036-11-01T00:00:00.000,44,13
2036-03-16T00:00:00.000,240.0,1199.9257594924975,4.368409277745203,18.144883333434812,8.571624547783944,-26.245608383970165,20.620885440450273,9.2667623094368,2036-11-11T00:00:00.000,44,14
2036-03-16T00:00:00.000,250.0,1135.478447684617,3.3305404945676216,17.936515160032716,8.50199058866923,-26.152548220872813,19.396057832168186,8.678456649124115,2036-11-21T00:00:00.000,44,15
2036-03-16T00:00:00.000,260.0,1073.8599804411208,2.284585937312629,17.705004369109712,8.4231806204482,-26.005992284665478,18.215319520328233,8.108666999167587,2036-12-01T00:00:00.000,44,16
2036-03-16T00:00:00.000,270.0,1014.8260957129149,1.2322239256071263,17.44431527151294,8.332396771164696,-25.809677347496727,17.07607020518623,7.556088755340318,2036-12-11T00:00:00.000,44,17
2036-03-16T00:00:00.000,280.0,958.1781273679845,0.17570316936564723,17.14896034252805,8.227101631084125,-25.566909147859942,15.976127855855907,7.019588501216078,2036-12-21T00:00:00.000,44,18
2036-03-16T00:00:00.000,290.0,903.7538729438929,-0.8821582191356718,16.813931575294397,8.104988302857487,-25.28063219902282,14.913662057712827,6.498168402708601,2036-12-31T00:00:00.000,44,19
2036-03-16T00:00:00.000,300.0,851.4206034354802,-1.9379496137105825,16.434669739248193,7.96396788936609,-24.953487804626814,13.887142636847821,5.9909364212670795,2037-01-10T00:00:00.000,44,20
2036-03-16T00:00:00.000,310.0,801.0696176933335,-2.9876649402134596,16.0070686487301,7.802177180776143,-24.58786260007171,12.89529930809543,5.497079789120933,2037-01-20T00:00:00.000,44,21
2036-03-16T00:00:00.000,320.0,752.6119556152211,-4.0266991758404345,15.527484861599905,7.617989949131887,-24.185929348383272,11.937090331609411,5.01584006774846,2037-01-30T00:00:00.000,44,22
2036-03-16T00:00:00.000,330.0,705.9750193597348,-5.049838148839282,14.992773391488644,7.4100419265648405,-23.749681800959017,11.0116791054947,4.546488424107374,2037-02-09T00:00:00.000,44,23
2036-03-16T00:00:00.000,340.0,661.0998805721505,-6.051260702493451,14.400345559429898,7.1772701440476965,-23.280964702587877,10.118417529819546,4.088299130598,2037-02-19T00:00:00.000,44,24
2036-03-16T00:00:00.000,350.0,617.9391132043829,-7.024559331744477,13.748241088776284,6.918965085181885,-22.781499653848986,9.256835776230396,3.6405189380035576,2037-03-01T00:00:00.000,44,25
2036-03-16T00:00:00.000,360.0,576.4550414660661,-7.962782635375422,13.035210681317924,6.634835327762674,-22.252907351037155,8.426638921249115,3.202329212169184,2037-03-11T00:00:00.000,44,26
2036-03-16T00:00:00.000,370.0,536.6183256810933,-8.858508491087981,12.260801547627779,6.325085823178754,-21.69672645453284,7.627711832318845,2.7727962495234326,2037-03-21T00:00:00.000,44,27
2036-03-16T00:00:00.000,380.0,498.40685723327607,-9.703942720492787,11.425429308714385,5.99050708690079,-21.11442930078361,6.8601354597399755,2.3508028436057575,2037-03-31T00:00:00.000,44,28
2036-03-16T00:00:00.000,390.0,461.8049943823505,-10.491040476144658,10.530449374026471,5.632591789405852,-20.507434919377967,6.124220448792052,1.9349499488165023,2037-04-10T00:00:00.000,44,29
2036-03-16T00:00:00.000,400.0,426.80316971653576,-11.211690416701902,9.578192788974336,5.253683580879757,-19.877118643002866,5.420567412558228,1.523408380715896,2037-04-20T00:00:00.000,44,30
2036-03-16T00:00:00.000,410.0,393.39806249275784,-11.857924294678888,8.57192721489191,4.857166271545127,-19.224817925677016,4.750172863548634,1.1136857652550436,2037-04-30T00:00:00.000,44,31
2036-03-16T00:00:00.000,420.0,361.59378163704196,-12.422147235975409,7.515729682542851,4.447747020801576,-18.551834375389344,4.114617464273881,0.7022435958103248,2037-05-10T00:00:00.000,44,32
2036-03-16T00:00:00.000,430.0,331.4049818814185,-12.897389935279332,6.414203029584256,4.031921267845848,-17.85943113621758,3.5164100506552955,0.2838339792395015,2037-05-20T00:00:00.000,44,33
2036-03-16T00:00:00.000,440.0,302.8640918095128,-13.277566061580682,5.271910400526497,3.6188121941384637,-17.14882388629477,2.9596477016358627,-0.14972177049530977,2037-05-30T00:00:00.000,44,34
2036-03-16T00:00:00.000,450.0,276.0382480493343,-13.557717329747092,4.092252936541637,3.2218447141814197,-16.421160964412294,2.451373010681287,-0.6119566918496435,2037-06-09T00:00:00.000,44,35
2036-03-16T00:00:00.000,460.0,251.07215971200716,-13.734232904139546,2.8750592913922617,2.862441307227444,-15.677478712837548,2.00464322554485,-1.127043237329362,2037-06-19T00:00:00.000,44,36
2036-03-16T00:00:00.000,470.0,228.31240225097727,-13.80501736216392,1.6106397815493452,2.579256629423721,-14.918581424496118,1.6464502552370917,-1.7428517116170124,2037-06-29T00:00:00.000,44,37
2036-03-16T00:00:00.000,480.0,208.75269932236583,-13.76966820841926,0.26173831710436346,2.455596145027714,-14.144612505336365,1.4424890161635453,-2.569408849228843,2037-07-09T00:00:00.000,44,38
2036-03-16T00:00:00.000,490.0,196.28812303294424,-13.630301956035478,-1.3123427932231237,2.7255806566281926,-13.352759681138274,1.602485487422996,-3.9273365266183955,2037-07-19T00:00:00.000,44,39
2036-03-16T00:00:00.000,500.0,220.4565223239381,-13.403738832541157,-3.9429348655475387,4.442824734020078,-12.51203852775415,3.2983480536178185,-7.281916940004836,2037-07-29T00:00:00.000,44,40
2036-03-16T00:00:00.000,510.0,1915.1569047347837,-15.185224875202627,-12.232320177333532,-30.64665450593135,-9.189546275962549,13.013146826221888,40.75987185524407,2037-08-08T00:00:00.000,44,41
2036-03-16T00:00:00.000,520.0,165.7084635151643,-12.729637922116106,-1.5321503570282573,-6.239100808211511,-10.851847686804774,-3.7616839559075785,5.813398241426585,2037-08-18T00:00:00.000,44,42
2036-03-16T00:00:00.000,530.0,116.41361949879895,-12.15637882990093,-3.1448579706452477,-4.185458391958982,-10.079496351748336,-3.2291993568410042,2.0951478009125264,2037-08-28T00:00:00.000,44,43
2036-03-16T00:00:00.000,540.0,96.20734350342516,-11.54899777746488,-4.335596075379151,-3.777303237775966,-9.250875631308936,-3.1803168391054832,0.7170971763866838,2037-09-07T00:00:00.000,44,44
2036-03-16T00:00:00.000,550.0,81.45130429122821,-10.879819208468469,-5.333985984476385,-3.767279598938197,-8.403718060862197,-3.2901907549046143,-0.05892233113978307,2037-09-17T00:00:00.000,44,45
2036-03-16T00:00:00.000,560.0,69.20210531104392,-10.151196638099522,-6.209223931787022,-3.89939426263261,-7.542929463370132,-3.45838220807045,-0.5881436257994057,2037-09-27T00:00:00.000,44,46
2036-03-16T00:00:00.000,570.0,58.75498908631344,-9.369224219929391,-6.987042163715765,-4.087656369222367,-6.669300637309198,-3.6464806034069532,-0.989240771742363,2037-10-07T00:00:00.000,44,47
2036-03-16T00:00:00.000,580.0,49.88260960547395,-8.540564026865594,-7.6792435456518735,-4.295125280074201,-5.782471784668828,-3.8368511736054707,-1.3130890055838478,2037-10-17T00:00:00.000,44,48
2036-03-16T00:00:00.000,590.0,42.50433340447676,-7.671603805358961,-8.292434154179592,-4.50349598215357,-4.881519543743326,-4.0202574552186405,-1.5851278630721417,2037-10-27T00:00:00.000,44,49
2036-03-16T00:00:00.000,600.0,36.59966011149317,-6.76810499849433,-8.83110008953,-4.702905962569785,-3.965109436448441,-4.191309826800783,-1.819474980384145,2037-11-06T00:00:00.000,44,50
2036-03-26T00:00:00.000,100.0,1804.5667159714208,-11.908710768468783,25.68306873631134,11.884483407771002,35.20599425516294,21.994721739854434,9.018697248673424,2036-07-04T00:00:00.000,45,0
2036-03-26T00:00:00.000,110.0,1553.0013106033243,-9.925343967878518,22.463497396428128,10.32840308364275,31.794372934749166,21.565879401238334,8.776787905643964,2036-07-14T00:00:00.000,45,1
2036-03-26T00:00:00.000,120.0,1383.487182279829,-8.033879083927477,20.044726351782565,9.139189823016293,29.19652259813435,21.366475195925386,8.63272773567918,2036-07-24T00:00:00.000,45,2
2036-03-26T00:00:00.000,130.0,1275.8104859632317,-6.224848776133674,18.31059349354999,8.262715076359656,27.265467067906055,21.41366888138262,8.594159445266758,2036-08-03T00:00:00.000,45,3
2036-03-26T00:00:00.000,140.0,1218.6024998943415,-4.506466309466162,17.19455018706706,7.6681643596546625,25.897298599166824,21.7406485613375,8.676210307060744,2036-08-13T00:00:00.000,45,4
2036-03-26T00:00:00.000,150.0,1206.303434174562,-2.9098867396227206,16.665621167440758,7.341909123373496,25.009460601191925,22.396206694819256,8.901698730856033,2036-08-23T00:00:00.000,45,5
2036-03-26T00:00:00.000,160.0,1237.2293662603765,-1.4982954895756526,16.715391896067324,7.282077509391372,24.52047215207453,23.441085208796956,9.300071824111612,2036-09-02T00:00:00.000,45,6
2036-03-26T00:00:00.000,170.0,1311.8187649930223,-0.37706736821521125,17.339862947581786,7.490916452323462,24.329419994623265,24.936518085999737,9.902936608140845,2036-09-12T00:00:00.000,45,7
2036-03-26T00:00:00.000,180.0,1430.4146496759406,0.3030462156966045,18.51152268333126,7.962444804776106,24.299822819845247,26.920584520515508,10.733843192158616,2036-09-22T00:00:00.000,45,8
2036-03-26T00:00:00.000,190.0,1590.5050903859458,0.3634190289210415,20.144593761113267,8.666015468863858,24.260347847020576,29.37471175506399,11.792663907464476,2036-10-02T00:00:00.000,45,9
2036-03-26T00:00:00.000,200.0,1607.181330210599,6.621802967921096,20.670008463592985,9.635905296653638,-30.743191814076113,23.419079660132716,10.657588618720498,2036-10-12T00:00:00.000,45,10
2036-03-26T00:00:00.000,210.0,1522.2242784938535,5.595878486723267,20.38109257925021,9.524472223463304,-30.72053961507252,21.901328195732372,9.940047661627762,2036-10-22T00:00:00.000,45,11
2036-03-26T00:00:00.000,220.0,1442.0501041206776,4.557323956622723,20.100682106859917,9.418476017474916,-30.62675284160195,20.455206330219344,9.254007158429204,2036-11-01T00:00:00.000,45,12
2036-03-26T00:00:00.000,230.0,1366.0261367129149,3.5063017360894797,19.818273570860786,9.313017907683836,-30.467909884937747,19.07438987669936,8.59652573938429,2036-11-11T00:00:00.000,45,13
2036-03-26T00:00:00.000,240.0,1293.654161887667,2.4436906429853877,19.52469007466393,9.203812127990712,-30.249259655440873,17.75366447263642,7.9651647803690455,2036-11-21T00:00:00.000,45,14
2036-03-26T00:00:00.000,250.0,1224.5389544071847,1.3710232371806654,19.211824041210008,9.087067047389441,-29.975374997278795,16.488704537933366,7.3578849434082425,2036-12-01T00:00:00.000,45,15
2036-03-26T00:00:00.000,260.0,1158.365101678728,0.2904504119742697,18.87244841219833,8.959398318744416,-29.650274181713893,15.275904734790233,6.772966644058708,2036-12-11T00:00:00.000,45,16
2036-03-26T00:00:00.000,270.0,1094.8797166007907,-0.7952754265674038,18.50008248841305,8.817767195499306,-29.277518394141318,14.112249978796992,6.208947883293263,2036-12-21T00:00:00.000,45,17
2036-03-26T00:00:00.000,280.0,1033.8794009282044,-1.8828008628111021,18.088894671209296,8.659435922927088,-28.860291005587424,12.995214339295897,5.664574854017939,2036-12-31T00:00:00.000,45,18
2036-03-26T00:00:00.000,290.0,975.200338797551,-2.9681479040769965,17.63365207669581,8.481944288294956,-28.40146323487117,11.922682107966903,5.138762133839057,2037-01-10T00:00:00.000,45,19
2036-03-26T00:00:00.000,300.0,918.7106421328112,-4.0467111960123425,17.12971218366365,8.283109032062832,-27.903648901779473,10.892884879586845,4.63055926418189,2037-01-20T00:00:00.000,45,20
2036-03-26T00:00:00.000,310.0,864.3043611814537,-5.113255818603406,16.573025611879675,8.061028679671654,-27.36925029603432,9.904351119305986,4.1391216846066685,2037-01-30T00:00:00.000,45,21
2036-03-26T00:00:00.000,320.0,811.8967737358844,-6.161910015831598,15.96016959850428,7.814103058392045,-26.80049726467022,8.955865963726346,3.6636846127984732,2037-02-09T00:00:00.000,45,22
2036-03-26T00:00:00.000,330.0,761.4206292426454,-7.1861723957803285,15.288407481440998,7.541067268061488,-26.19948073685436,8.04643906527723,3.2035381581344264,2037-02-19T00:00:00.000,45,23
2036-03-26T00:00:00.000,340.0,712.8231092907025,-8.178940154172249,14.555765691557703,7.241037456872666,-25.568181481340076,7.175279085303309,2.7580020079705747,2037-03-01T00:00:00.000,45,24
2036-03-26T00:00:00.000,350.0,666.0633330279063,-9.132562036834843,13.761124098027134,6.913566585048779,-24.908494674962554,6.341774120667129,2.3263978717547733,2037-03-11T00:00:00.000,45,25
2036-03-26T00:00:00.000,360.0,621.1102776579095,-10.038925201877028,12.904312086000594,6.5587091562814335,-24.22225056105419,5.545477904352644,1.9080173552030821,2037-03-21T00:00:00.000,45,26
2036-03-26T00:00:00.000,370.0,577.941033473593,-10.889570837804236,11.98619426221525,6.17708886238457,-23.51123145434933,4.786102592532107,1.502082203930673,2037-03-31T00:00:00.000,45,27
2036-03-26T00:00:00.000,380.0,536.5393668858612,-11.67583558838913,11.008760462985453,5.769980251825276,-22.777185683868236,4.063520216589012,1.1076924924460858,2037-04-10T00:00:00.000,45,28
2036-03-26T00:00:00.000,390.0,496.8945292425922,-12.389058279079837,9.975188669505654,5.339399984248319,-22.021837819014436,3.377775487505186,0.7237548422130278,2037-04-20T00:00:00.000,45,29
2036-03-26T00:00:00.000,400.0,459.00034113911175,-13.020813685493673,8.889849492174873,4.888199108677618,-21.246895038873056,2.729116374124473,0.3488784354311907,2037-04-30T00:00:00.000,45,30
2036-03-26T00:00:00.000,410.0,422.8546797525641,-13.563167257959538,7.758255937235337,4.420178013662359,-20.454050287325362,2.1180542540550995,-0.018782252485671336,2037-05-10T00:00:00.000,45,31
2036-03-26T00:00:00.000,420.0,388.4595861961459,-14.008950107930898,6.586927513072576,3.9402460565361492,-19.6449825695903,1.5454747684881447,-0.3817771294953207,2037-05-20T00:00:00.000,45,32
2036-03-26T00:00:00.000,430.0,355.82247246868525,-14.352034944121135,5.383128412306224,3.4546733173755193,-18.82135543483515,1.0128409064226211,-0.7437777642304049,2037-05-30T00:00:00.000,45,33
2036-03-26T00:00:00.000,440.0,324.95949500247514,-14.587591430134339,4.154417371484367,2.9715433882156193,-17.984816060001265,0.5225745895062204,-1.1103162111750589,2037-06-09T00:00:00.000,45,34
2036-03-26T00:00:00.000,450.0,295.90364714881446,-14.712299515627997,2.90786888725307,2.501649062273165,-17.13700046730461,0.07881034295666822,-1.490184908747601,2037-06-19T00:00:00.000,45,35
2036-03-26T00:00:00.000,460.0,268.724383178794,-14.724470445776127,1.6486304484457612,2.060416875171512,-16.279559277557002,-0.31099962592452,-1.8983182399104148,2037-06-29T00:00:00.000,45,36
2036-03-26T00:00:00.000,470.0,243.57966721422872,-14.624026613601275,0.376897893754645,1.6724775724355414,-15.414246914958362,-0.6322824668870304,-2.362388228253902,2037-07-09T00:00:00.000,45,37
2036-03-26T00:00:00.000,480.0,220.87770535727688,-14.412215431082554,-0.9199088420629806,1.3839616492968325,-14.543223946022481,-0.8528570130983866,-2.9402342641912167,2037-07-19T00:00:00.000,45,38
2036-03-26T00:00:00.000,490.0,201.92549407339743,-14.090371663207932,-2.2934508063917,1.3028787886032127,-13.670280859405752,-0.8865680144864001,-3.776627126690139,2037-07-29T00:00:00.000,45,39
2036-03-26T00:00:00.000,500.0,192.98591508079144,-13.653138384517394,-3.967905748183007,1.7849025415267779,-12.808272311818056,-0.4068328434529107,-5.363633330550703,2037-08-08T00:00:00.000,45,40
2036-03-26T00:00:00.000,510.0,279.3552767681569,-12.982699499452107,-8.049736703225989,5.162521467027734,-12.107384275024069,3.547728364052187,-10.962670579742712,2037-08-18T00:00:00.000,45,41
2036-03-26T00:00:00.000,520.0,307.5936049512909,-12.503632940474525,-2.435618518352374,-11.902037675064284,-11.200686063007545,-5.963787592676361,12.106670649632743,2037-08-28T00:00:00.000,45,42
2036-03-26T00:00:00.000,530.0,130.3942918898901,-11.951853438725951,-4.284178022463731,-5.350297801789817,-10.08179677488722,-4.904715515343305,2.1668944121286593,2037-09-07T00:00:00.000,45,43
2036-03-26T00:00:00.000,540.0,104.82855831441931,-11.215337957388535,-5.541084613917178,-4.472060247010229,-9.169946059968431,-4.548766062287214,0.22220459552591443,2037-09-17T00:00:00.000,45,44
2036-03-26T00:00:00.000,550.0,88.77464811989614,-10.418184895518026,-6.502206533436656,-4.317646095368521,-8.264093269729733,-4.478050353992,-0.6530509752048506,2037-09-27T00:00:00.000,45,45
2036-03-26T00:00:00.000,560.0,75.74519516356035,-9.571861310511666,-7.304344597505905,-4.372721025948144,-7.356275404820714,-4.499245232717655,-1.1777944081450062,2037-10-07T00:00:00.000,45,46
2036-03-26T00:00:00.000,570.0,64.62433849632292,-8.684807860601174,-7.9910100490719245,-4.502435322196266,-6.444986899934239,-4.55120122471023,-1.5404706320456345,2037-10-17T00:00:00.000,45,47
2036-03-26T00:00:00.000,580.0,55.100314878513984,-7.764687169269882,-8.58073786314521,-4.656346807590902,-5.529348004331849,-4.609044150556834,-1.8119982184657974,2037-10-27T00:00:00.000,45,48
2036-03-26T00:00:00.000,590.0,47.06141260575465,-6.818388449628891,-9.083566704837297,-4.811709535649575,-4.608412547106633,-4.66081324217453,-2.0250348942661063,2037-11-06T00:00:00.000,45,49
2036-03-26T00:00:00.000,600.0,40.46537546977634,-5.851920702291611,-9.506161482958845,-4.957146448498495,-3.6810299266991833,-4.699988332235456,-2.196702944271692,2037-11-16T00:00:00.000,45,50
2036-04-05T00:00:00.000,100.0,1780.096959406864,-15.103288629150374,24.627093467393465,11.527874605797248,31.15694958147811,26.2838911709161,10.885702416451316,2036-07-14T00:00:00.000,46,0
2036-04-05T00:00:00.000,110.0,1516.5023647886567,-12.89118054231443,21.446607022041697,9.990025946275178,27.82226287084135,25.197972035175525,10.367557998341345,2036-07-24T00:00:00.000,46,1
2036-04-05T00:00:00.000,120.0,1334.0243929322755,-10.835674304520056,19.03798910069392,8.80834745923637,25.236575727962304,24.439971224272156,9.991368525674964,2036-08-03T00:00:00.000,46,2
2036-04-05T00:00:00.000,130.0,1211.531222620072,-8.910803053091286,17.28010161304749,7.926056015667056,23.253279038912396,23.994628772253556,9.750591091841105,2036-08-13T00:00:00.000,46,3
2036-04-05T00:00:00.000,140.0,1136.6828628611568,-7.108041219794423,16.09949665548305,7.308693688130655,21.769023045133835,23.868401384338956,9.648415096671325,2036-08-23T00:00:00.000,46,4
2036-04-05T00:00:00.000,150.0,1102.9615689751133,-5.4378417992848656,15.457911422958425,6.938495821809083,20.705194176993686,24.087750786336326,9.69725554594978,2036-09-02T00:00:00.000,46,5
2036-04-05T00:00:00.000,160.0,1108.0225159392596,-3.9354641662503944,15.34315865073815,6.81050949008392,19.991918573676745,24.697577475684326,9.918436092212751,2036-09-12T00:00:00.000,46,6
2036-04-05T00:00:00.000,170.0,1152.5725168310087,-2.670795569790654,15.758622262547544,6.928299843745619,19.55124199971007,25.756427266601406,10.340595126009596,2036-09-22T00:00:00.000,46,7
2036-04-05T00:00:00.000,180.0,1239.117067471468,-1.7594999618425995,16.70569570762775,7.296592595068964,19.279037139831733,27.323230684829078,10.994401274106352,2036-10-02T00:00:00.000,46,8
2036-04-05T00:00:00.000,190.0,1369.9451854411984,-1.3667544576708774,18.154135472814627,7.908209784223213,19.031303714263824,29.43003410045819,11.900746078398384,2036-10-12T00:00:00.000,46,9
2036-04-05T00:00:00.000,200.0,1544.1224422626021,-1.6871930429549673,20.00311293186157,8.72579464299483,18.629296691245756,32.04227533925316,13.052369062190618,2036-10-22T00:00:00.000,46,10
2036-04-05T00:00:00.000,210.0,1628.8865355549196,3.4588703001514958,21.903467910921712,10.217921581944749,-34.90612910101575,18.440850582634987,8.38950037410286,2036-11-01T00:00:00.000,46,11
2036-04-05T00:00:00.000,220.0,1543.913049770962,2.401847711563999,21.519641371975357,10.065747660112956,-34.606282324141404,16.950090646645585,7.681972438331051,2036-11-11T00:00:00.000,46,12
2036-04-05T00:00:00.000,230.0,1463.2282378489936,1.3292788242772442,21.131541243860944,9.912926799304731,-34.24616371113763,15.534533903353427,7.007621945033582,2036-11-21T00:00:00.000,46,13
2036-04-05T00:00:00.000,240.0,1386.3087905554387,0.24334441491540737,20.729308878980596,9.75483292019489,-33.830526553350225,14.18828071896266,6.363721703407249,2036-12-01T00:00:00.000,46,14
2036-04-05T00:00:00.000,250.0,1312.742367672941,-0.853156078168487,20.304272397605306,9.587384710165797,-33.363553036925,12.906439830334904,5.748000289768482,2036-12-11T00:00:00.000,46,15
2036-04-05T00:00:00.000,260.0,1242.2026381062174,-1.9568156628700049,19.848755842560678,9.406957017098412,-32.848960512188384,11.684937411610207,5.158553000760751,2036-12-21T00:00:00.000,46,16
2036-04-05T00:00:00.000,270.0,1174.4306632746534,-3.063615166852051,19.35594122520916,9.210316515280406,-32.290087569644555,10.5203690264361,4.593772258933127,2036-12-31T00:00:00.000,46,17
2036-04-05T00:00:00.000,280.0,1109.2208803875462,-4.168895536582973,18.819789512543526,8.994583869007437,-31.68996514133999,9.409883872232871,4.052292590533675,2037-01-10T00:00:00.000,46,18
2036-04-05T00:00:00.000,290.0,1046.4103784721904,-5.267352310432594,18.23501284120634,8.75722268707585,-31.051375612320438,8.351092427682282,3.5329458415166393,2037-01-20T00:00:00.000,46,19
2036-04-05T00:00:00.000,300.0,985.8705791523347,-6.353032473300287,17.59706505114226,8.49603678440743,-30.376902161380375,7.341991927770334,3.0347238363340807,2037-01-30T00:00:00.000,46,20
2036-04-05T00:00:00.000,310.0,927.5007329329949,-7.419328434372893,16.902168564503505,8.209184141393445,-29.66897065116867,6.3809059019784975,2.5567466247524226,2037-02-09T00:00:00.000,46,21
2036-04-05T00:00:00.000,320.0,871.2227601675569,-8.458989062482068,16.147371649655728,7.895206494564015,-28.929885363867317,5.466434419869913,2.098234432639499,2037-02-19T00:00:00.000,46,22
2036-04-05T00:00:00.000,330.0,816.9770896667693,-9.464154719219064,15.330626526046466,7.553071048666618,-28.16185939697654,4.597412670468568,1.6584817481988114,2037-03-01T00:00:00.000,46,23
2036-04-05T00:00:00.000,340.0,764.7192435445568,-10.426420331829851,14.4508832488107,7.182221494744414,-27.367040294154247,3.7728762682934267,1.2368321417406651,2037-03-11T00:00:00.000,46,24
2036-04-05T00:00:00.000,350.0,714.4169768852906,-11.336935880264136,13.50819097011139,6.782636043369913,-26.54753115170075,2.9920322036525135,0.8326523446644778,2037-03-21T00:00:00.000,46,25
2036-04-05T00:00:00.000,360.0,666.0478418372813,-12.186539209084696,12.503789901730542,6.354884703013134,-25.705407412456694,2.2542351069105315,0.4453040306014433,2037-03-31T00:00:00.000,46,26
2036-04-05T00:00:00.000,370.0,619.5971092117043,-12.965918007672187,11.440208469947237,5.900194460408988,-24.842729951515594,1.558969295008005,0.07411143634097073,2037-04-10T00:00:00.000,46,27
2036-04-05T00:00:00.000,380.0,575.0559383822094,-13.66583987294691,10.321334720369117,5.420514115752612,-23.96155368696511,0.9058368735909035,-0.281678624217756,2037-04-20T00:00:00.000,46,28
2036-04-05T00:00:00.000,390.0,532.4197627328343,-14.277411357875286,9.152432556602415,4.918564111076117,-23.063931481734066,0.2945540709996983,-0.6229488245177937,2037-04-30T00:00:00.000,46,29
2036-04-05T00:00:00.000,400.0,491.68692676651835,-14.792358732853085,7.940111176991252,4.397882521410133,-22.151913965958034,-0.27504007722554746,-0.9507825025900996,2037-05-10T00:00:00.000,46,30
2036-04-05T00:00:00.000,410.0,452.85761695041344,-15.203328336694854,6.6922267447002195,3.8628698982038694,-21.22754549494657,-0.8029561619511014,-1.2665664658326623,2037-05-20T00:00:00.000,46,31
2036-04-05T00:00:00.000,420.0,415.93320149473885,-15.504185863637135,5.417697224164069,3.318842418218761,-20.292856939767375,-1.2889959960588797,-1.572147588179348,2037-05-30T00:00:00.000,46,32
2036-04-05T00:00:00.000,430.0,380.9162185201946,-15.69029241849607,4.126214316934831,2.772121965871821,-19.349856776605044,-1.7326409703628762,-1.870084627199116,2037-06-09T00:00:00.000,46,33
2036-04-05T00:00:00.000,440.0,347.8115058037921,-15.758737430507018,2.827820215289975,2.230221238349996,-18.400523286714034,-2.132842852144769,-2.164077158269011,2037-06-19T00:00:00.000,46,34
2036-04-05T00:00:00.000,450.0,316.62957767075704,-15.708486051772148,1.5322909973023222,1.702247167832443,-17.446803985605683,-2.487622727612816,-2.4597441988294015,2037-06-29T00:00:00.000,46,35
2036-04-05T00:00:00.000,460.0,287.3949798687765,-15.540420891522492,0.2482172937748679,1.1998265152690095,-16.490637140201805,-2.793259393228279,-2.76614687627308,2037-07-09T00:00:00.000,46,36
2036-04-05T00:00:00.000,470.0,260.16710913202496,-15.257264515591093,-1.0186293187105662,0.7392586570246351,-15.534032005703475,-3.0425030493115592,-3.0990537221440544,2037-07-19T00:00:00.000,46,37
2036-04-05T00:00:00.000,480.0,235.0979504377985,-14.8632480283283,-2.268809080238615,0.34695126221544115,-14.579325497643396,-3.2201348689155296,-3.4888321681556995,2037-07-29T00:00:00.000,46,38
2036-04-05T00:00:00.000,490.0,212.62576214134307,-14.363173104807306,-3.518873317647504,0.07526834868093779,-13.630085794706778,-3.289795850433091,-4.002969726684027,2037-08-08T00:00:00.000,46,39
2036-04-05T00:00:00.000,500.0,194.36309311314162,-13.758857457180671,-4.838153761251384,0.06121077248081086,-12.69527773456672,-3.142484520231964,-4.828851560719029,2037-08-18T00:00:00.000,46,40
2036-04-05T00:00:00.000,510.0,190.48797348554126,-13.022604253025941,-6.588287969598152,0.866028745186961,-11.82350141373471,-2.2591475442096893,-6.751965652937363,2037-08-28T00:00:00.000,46,41
2036-04-05T00:00:00.000,520.0,708.7341529852234,-10.478398329727863,-18.070660572747975,9.3194384255538,-13.31038110599161,12.480659536613423,-19.385588598998623,2037-09-07T00:00:00.000,46,42
2036-04-05T00:00:00.000,530.0,156.77056318522037,-11.508479361226442,-5.2373727396825345,-7.232559354255591,-9.916271474743782,-6.9213078367130585,3.245554044205326,2037-09-17T00:00:00.000,46,43
2036-04-05T00:00:00.000,540.0,114.91876754886985,-10.704213412413525,-6.707852100544587,-5.184545606712801,-8.872175586802543,-6.012013612242217,-0.24281728115827583,2037-09-27T00:00:00.000,46,44
2036-04-05T00:00:00.000,550.0,97.2657233120089,-9.796541655384145,-7.637395055294995,-4.81899437200303,-7.926900353726825,-5.7219678503299,-1.2996376471484083,2037-10-07T00:00:00.000,46,45
2036-04-05T00:00:00.000,560.0,83.4931264942466,-8.84890936629658,-8.354854075928664,-4.785654987064607,-6.995521745721074,-5.5879106835385635,-1.8251181310221423,2037-10-17T00:00:00.000,46,46
2036-04-05T00:00:00.000,570.0,71.72532321554142,-7.874164597925413,-8.937843268639117,-4.854474275329026,-6.0703883317722935,-5.502701589253856,-2.143824604916947,2037-10-27T00:00:00.000,46,47
2036-04-05T00:00:00.000,580.0,61.55606753157393,-6.880830264736499,-9.414697155665188,-4.954500421240153,-5.149523912989914,-5.429838531486151,-2.356973594062371,2037-11-06T00:00:00.000,46,48
2036-04-05T00:00:00.000,590.0,52.85133618303333,-5.875918482590169,-9.799545270784815,-5.057290603138414,-4.231764993698141,-5.35365358041636,-2.5063707950020877,2037-11-16T00:00:00.000,46,49
2036-04-05T00:00:00.000,600.0,45.554533778371976,-4.8652977671759885,-10.101315100316604,-5.149796338059799,-3.315998520568484,-5.266298405269598,-2.612429653907352,2037-11-26T00:00:00.000,46,50
2036-04-15T00:00:00.000,100.0,1760.9170851240056,-18.153345014597072,23.306741298274417,11.0504038010271,26.539920039073365,30.003730315097663,12.503035496329968,2036-07-24T00:00:00.000,47,0
2036-04-15T00:00:00.000,110.0,1486.9301338052364,-15.706740511686123,20.191261579701198,9.54226319539802,23.41977920923965,28.30095906221078,11.726030519948859,2036-08-03T00:00:00.000,47,1
2036-04-15T00:00:00.000,120.0,1293.603938348302,-13.47976900538044,17.81893661747353,8.379575570069536,20.97084285799778,27.01692096204689,11.131651714996163,2036-08-13T00:00:00.000,47,2
2036-04-15T00:00:00.000,130.0,1159.029966835337,-11.432048210104936,16.06609983920697,7.504148384092146,19.05287730008883,26.106018496668433,10.700169703079588,2036-08-23T00:00:00.000,47,3
2036-04-15T00:00:00.000,140.0,1070.0178134406146,-9.541865004939261,14.854516058017586,6.879087255905307,17.56656442226491,25.54954864531181,10.423732146399239,2036-09-02T00:00:00.000,47,4
2036-04-15T00:00:00.000,150.0,1019.089308152566,-7.804718951638881,14.13945743132814,6.483298463596883,16.437355240976615,25.35179669305012,10.304807871511132,2036-09-12T00:00:00.000,47,5
2036-04-15T00:00:00.000,160.0,1002.8902075916253,-6.235891425890975,13.90228040317645,6.308195839544163,15.602624283583745,25.538365286562353,10.355685469685486,2036-09-22T00:00:00.000,47,6
2036-04-15T00:00:00.000,170.0,1021.3407417826471,-4.877273609588248,14.144092095149245,6.355083755424323,14.998774864871462,26.154503396031146,10.598086923711396,2036-10-02T00:00:00.000,47,7
2036-04-15T00:00:00.000,180.0,1077.038249680004,-3.808456198729159,14.876376481437234,6.631367480038642,14.546043465770657,27.25982394989752,11.061323039876743,2036-10-12T00:00:00.000,47,8
2036-04-15T00:00:00.000,190.0,1174.3560911782945,-3.159471465939712,16.102678230086834,7.142853852644284,14.131333442192807,28.91335507862788,11.776221992686828,2036-10-22T00:00:00.000,47,9
2036-04-15T00:00:00.000,200.0,1317.516386661206,-3.1152183709323955,17.785226544465807,7.879013017209623,13.596164814210853,31.14177717858886,12.761285325747673,2036-11-01T00:00:00.000,47,10
2036-04-15T00:00:00.000,210.0,1507.1458491304727,-3.8909198539341006,19.79909759789357,8.791543905704781,12.747668798994225,33.891413946289575,14.000530348628596,2036-11-11T00:00:00.000,47,11
2036-04-15T00:00:00.000,220.0,1642.8909960475899,-0.03165756230746375,22.732158898848503,10.6187510155766,-38.0084599650624,12.815629741189907,5.8316036789692145,2036-11-21T00:00:00.000,47,12
2036-04-15T00:00:00.000,230.0,1557.7322868257386,-1.1146013217843382,22.232964336373918,10.416038233638591,-37.43564403323344,11.391276026445794,5.152055233796877,2036-12-01T00:00:00.000,47,13
2036-04-15T00:00:00.000,240.0,1476.4297698088108,-2.212278982118713,21.715834811268152,10.206112508190847,-36.81313395088228,10.04528444506731,4.507238504993676,2036-12-11T00:00:00.000,47,14
2036-04-15T00:00:00.000,250.0,1398.5562088293452,-3.3204194830250255,21.171663636488287,9.984659204616953,-36.14464497523951,8.772249810127871,3.894673505179881,2036-12-21T00:00:00.000,47,15
2036-04-15T00:00:00.000,260.0,1323.7765303874066,-4.4341608325969535,20.592460427039825,9.7478707478707,-35.43353832340707,7.567670409506732,3.3122887621892465,2036-12-31T00:00:00.000,47,16
2036-04-15T00:00:00.000,270.0,1251.827946759919,-5.548012016935523,19.971231676619553,9.492389374454504,-34.682893305482445,6.427782887181394,2.75834477099912,2037-01-10T00:00:00.000,47,17
2036-04-15T00:00:00.000,280.0,1182.504918045528,-6.6558398653438715,19.30192482550729,9.21528217518511,-33.89556725676199,5.349431163121327,2.231372810374502,2037-01-20T00:00:00.000,47,18
2036-04-15T00:00:00.000,290.0,1115.647606643983,-7.750861189042615,18.579399984241263,8.914028536097357,-33.074245452903426,4.329960916036665,1.7301250910482864,2037-01-30T00:00:00.000,47,19
2036-04-15T00:00:00.000,300.0,1051.1329274799352,-8.825635105873658,17.799445131683505,8.586527276288653,-32.22148338008881,3.367133781483016,1.2535335512827714,2037-02-09T00:00:00.000,47,20
2036-04-15T00:00:00.000,310.0,988.8675054894164,-9.8720757186059,16.95882705093669,8.23112148127938,-31.33974261008251,2.4590563909997982,0.8006748959959253,2037-02-19T00:00:00.000,47,21
2036-04-15T00:00:00.000,320.0,928.7820363500183,-10.881492348612994,16.055366993430784,7.846636673149691,-30.431421013390043,1.6041207192357945,0.37074003552303303,2037-03-01T00:00:00.000,47,22
2036-04-15T00:00:00.000,330.0,870.8266861786065,-11.844661592963472,15.088034716515097,7.432428645941915,-29.498877802401516,0.8009532177442189,-0.036993520713343386,2037-03-11T00:00:00.000,47,23
2036-04-15T00:00:00.000,340.0,814.9672556161908,-12.751940705295382,14.057051293483335,6.9884377263615685,-28.544453544396234,0.0483708887374803,-0.4231875767539499,2037-03-21T00:00:00.000,47,24
2036-04-15T00:00:00.000,350.0,761.1819154051373,-13.593417182096054,12.963982930286203,6.5152405756704574,-27.57048525749365,-0.6546567705978106,-0.7884685055047811,2037-03-31T00:00:00.000,47,25
2036-04-15T00:00:00.000,360.0,709.4584026644761,-14.359091103415825,11.811839359675059,6.014106810643101,-26.57931716502577,-1.3090403172838592,-1.1334527573604554,2037-04-10T00:00:00.000,47,26
2036-04-15T00:00:00.000,370.0,659.7915295214365,-15.039128458276634,10.60514515545203,5.487050312015722,-25.573306216117622,-1.9155980954476917,-1.4587743604935852,2037-04-20T00:00:00.000,47,27
2036-04-15T00:00:00.000,380.0,612.1809329082625,-15.624145398390393,9.349954454736613,4.936857964779659,-24.554822020449944,-2.4750785331890057,-1.7651160604436136,2037-04-30T00:00:00.000,47,28
2036-04-15T00:00:00.000,390.0,566.6290666529845,-16.105514805207253,8.053818386632376,4.367103121831803,-23.52624180710209,-2.9881754667762053,-2.0532463238742853,2037-05-10T00:00:00.000,47,29
2036-04-15T00:00:00.000,400.0,523.139426297294,-16.47569139384649,6.725686922020353,3.782140134191958,-22.489940517724598,-3.4555344159123393,-2.3240662010684723,2037-05-20T00:00:00.000,47,30
2036-04-15T00:00:00.000,410.0,481.715032540734,-16.728532979692865,5.3757320102746355,3.187078256732171,-21.448276505754105,-3.8777461246577154,-2.5786726170944156,2037-05-30T00:00:00.000,47,31
2036-04-15T00:00:00.000,420.0,442.3572375444271,-16.859594305142185,4.015088061897234,2.5877424692606494,-20.403573759931426,-4.255321072218649,-2.8184495631103275,2037-06-09T00:00:00.000,47,32
2036-04-15T00:00:00.000,430.0,405.0649693062577,-16.866373029192253,2.6555024111926,1.9906364715761367,-19.35810207903096,-4.588633827481804,-3.045208170448225,2037-06-19T00:00:00.000,47,33
2036-04-15T00:00:00.000,440.0,369.83463513931355,-16.748467374195215,1.3088915616143417,1.402937602672063,-18.314057746961865,-4.87781626704837,-3.2614157118003124,2037-06-29T00:00:00.000,47,34
2036-04-15T00:00:00.000,450.0,336.66114854331187,-16.507632972914017,-0.013178618077439808,0.8326055939372097,-17.273549947779152,-5.1225573090023,-3.470594669631968,2037-07-09T00:00:00.000,47,35
2036-04-15T00:00:00.000,460.0,305.541021969677,-16.147749331420158,-1.300162407026093,0.28872676621306326,-16.23860081959714,-5.3217172038755685,-3.67806897616547,2037-07-19T00:00:00.000,47,36
2036-04-15T00:00:00.000,470.0,276.4799603382954,-15.674642109036583,-2.5434807411808222,-0.21760263695618853,-15.21117841567467,-5.472534898777717,-3.8924765030078756,2037-07-29T00:00:00.000,47,37
2036-04-15T00:00:00.000,480.0,249.51208887818623,-15.095740635921082,-3.7381214532227567,-0.6710462414209992,-14.193317617487455,-5.568829684883582,-4.129159699995373,2037-08-08T00:00:00.000,47,38
2036-04-15T00:00:00.000,490.0,224.7554897964231,-14.419455382019036,-4.886210691610106,-1.0460252735639912,-13.187513522617511,-5.596304633114869,-4.418863127613307,2037-08-18T00:00:00.000,47,39
2036-04-15T00:00:00.000,500.0,202.61401283789073,-13.65368887471582,-6.007805043129206,-1.2877151829016942,-12.198201105399585,-5.517468301100692,-4.834816043705089,2037-08-28T00:00:00.000,47,40
2036-04-15T00:00:00.000,510.0,184.85975045761796,-12.799523669860868,-7.188702338519892,-1.2308652093724142,-11.239716735516552,-5.203811673346653,-5.6079285151745815,2037-09-07T00:00:00.000,47,41
2036-04-15T00:00:00.000,520.0,188.21826450270476,-11.778456679081668,-9.020209033557581,0.050996442916149576,-10.435395262940148,-3.810841878977655,-8.049737534997096,2037-09-17T00:00:00.000,47,42
2036-04-15T00:00:00.000,530.0,407.9926384050035,-9.717217559358053,-5.835984246318734,-15.8852379227256,-11.131411385469267,-9.401288118384713,13.989285210030106,2037-09-27T00:00:00.000,47,43
2036-04-15T00:00:00.000,540.0,125.82535937987826,-10.017565310024052,-7.787351168058631,-5.9764921411908265,-8.309702742114155,-7.515400729531386,-0.5412500273790943,2037-10-07T00:00:00.000,47,44
2036-04-15T00:00:00.000,550.0,105.76353043333245,-9.023785589938162,-8.725945864519247,-5.24784869824276,-7.338513674789832,-6.924779832329378,-1.9892641232424122,2037-10-17T00:00:00.000,47,45
2036-04-15T00:00:00.000,560.0,91.38590334990488,-7.992778681926447,-9.350256467653061,-5.117045179139577,-6.407680444908001,-6.6309042911402045,-2.52163497508797,2037-10-27T00:00:00.000,47,46
2036-04-15T00:00:00.000,570.0,79.06922444535986,-6.948786976886623,-9.818252415051251,-5.128433822760783,-5.492400270984984,-6.413961966012643,-2.786369610655983,2037-11-06T00:00:00.000,47,47
2036-04-15T00:00:00.000,580.0,68.32042915891144,-5.901056166697575,-10.173380412018222,-5.178781967337235,-4.589101395060751,-6.217919855906295,-2.9322432044919378,2037-11-16T00:00:00.000,47,48
2036-04-15T00:00:00.000,590.0,59.0027460202906,-4.856301671038622,-10.434476459238185,-5.232819252003152,-3.6963688555464653,-6.02226840306928,-3.011957268194571,2037-11-26T00:00:00.000,47,49
2036-04-15T00:00:00.000,600.0,51.055978705822554,-3.8198841894096276,-10.61259469540016,-5.276023387676941,-2.8130735077446634,-5.817778197622413,-3.0489429297900923,2037-12-06T00:00:00.000,47,50
2036-04-25T00:00:00.000,100.0,1742.060339077047,-21.03384296447713,21.729904395505862,10.454485582786758,21.37134179230476,33.07243843667336,13.839794251577057,2036-08-03T00:00:00.000,48,0
2036-04-25T00:00:00.000,110.0,1459.4419584356617,-18.3488476731014,18.704266431252556,8.986896820022789,18.587544068425053,30.811562269028858,12.829372333897542,2036-08-13T00:00:00.000,48,1
2036-04-25T00:00:00.000,120.0,1257.3015242342985,-15.944214103229024,16.392443042637314,7.853575278262394,16.384870527203162,29.05044398402361,12.037825649684176,2036-08-23T00:00:00.000,48,2
2036-04-25T00:00:00.000,130.0,1113.102269743158,-13.766492524019263,14.670312296205942,6.9959252856822784,14.635148535807922,27.71619645530323,11.433597471007715,2036-09-02T00:00:00.000,48,3
2036-04-25T00:00:00.000,140.0,1012.9674013532757,-11.782979481481927,13.456872342983322,6.3756567346566655,13.247032218488929,26.767603063139028,10.99904382252485,2036-09-12T00:00:00.000,48,4
2036-04-25T00:00:00.000,150.0,948.6071137055973,-9.977950016915669,12.702577490919538,5.969328468517483,12.151950876853533,26.18877906107212,10.727770266112454,2036-09-22T00:00:00.000,48,5
2036-04-25T00:00:00.000,160.0,915.693781234329,-8.3526591490897,12.382526352393262,5.76522637574916,11.293584643910528,25.98632689929672,10.623537142027837,2036-10-02T00:00:00.000,48,6
2036-04-25T00:00:00.000,170.0,913.0586020483192,-6.929087081753018,12.491958117940605,5.76142038099853,10.617997711669911,26.18828485123693,10.700021644546617,2036-10-12T00:00:00.000,48,7
2036-04-25T00:00:00.000,180.0,942.3500056099147,-5.758110507735748,13.04142817593943,5.9638382744596345,10.062052824257368,26.8427438193623,10.980537455874186,2036-10-22T00:00:00.000,48,8
2036-04-25T00:00:00.000,190.0,1007.8206573196778,-4.932432479187312,14.047497500882988,6.382490493626842,9.53836120475879,28.01218922933321,11.495980924969334,2036-11-01T00:00:00.000,48,9
2036-04-25T00:00:00.000,200.0,1115.7088414136601,-4.601454344195295,15.512146336466667,7.022700588912973,8.91776658664594,29.756349487944288,12.277701155797818,2036-11-11T00:00:00.000,48,10
2036-04-25T00:00:00.000,210.0,1272.3111819138696,-4.9759762915743995,17.38312291023639,7.867432745624886,8.018698767393566,32.094186036227796,13.34072241910727,2036-11-21T00:00:00.000,48,11
2036-04-25T00:00:00.000,220.0,1479.856574593303,-6.29545945305594,19.49798004806093,8.851032182012437,6.6272643994357985,34.94466334272149,14.656276643033546,2036-12-01T00:00:00.000,48,12
2036-04-25T00:00:00.000,230.0,1653.7630962781852,-3.8008391577847185,23.084260970238113,10.8055959183972,-39.99100966733627,6.7145919517278525,3.0653706116869177,2036-12-11T00:00:00.000,48,13
2036-04-25T00:00:00.000,240.0,1568.2104688705977,-4.8977913097816845,22.44663009495703,10.541155776547313,-39.15573342328149,5.396635924433799,2.432145072692995,2036-12-21T00:00:00.000,48,14
2036-04-25T00:00:00.000,250.0,1486.134340119666,-6.004223200691488,21.777030529785996,10.26266550260087,-38.28135112771564,4.159898103985803,1.8351413353379264,2036-12-31T00:00:00.000,48,15
2036-04-25T00:00:00.000,260.0,1407.193880407311,-7.113609678210214,21.067346879951614,9.96621770017136,-37.37082513097259,2.999494262637576,1.272141346699664,2037-01-10T00:00:00.000,48,16
2036-04-25T00:00:00.000,270.0,1331.1253223822707,-8.218818323413462,20.310629966628618,9.648429865194906,-36.42694913186113,1.9113327680294319,0.741286973397985,2037-01-20T00:00:00.000,48,17
2036-04-25T00:00:00.000,280.0,1257.7259192732236,-9.312090840679375,19.501041438922492,9.306418620217311,-35.452393763030855,0.8919689263798816,0.24101281834633248,2037-01-30T00:00:00.000,48,18
2036-04-25T00:00:00.000,290.0,1186.8416377912706,-10.385029094113701,18.633851078419585,8.93779777698682,-34.44974528322413,-0.061512958921479566,-0.2300084088292067,2037-02-09T00:00:00.000,48,19
2036-04-25T00:00:00.000,300.0,1118.3575709539573,-11.428605883274798,17.705476637635503,8.540697058017901,-33.42153833943671,-0.951596781591018,-0.6729112458452864,2037-02-19T00:00:00.000,48,20
2036-04-25T00:00:00.000,310.0,1052.1903359309035,-12.433207693273278,16.71355325369704,8.113796143362308,-32.37028326899055,-1.7804161393095832,-1.0886759789304268,2037-03-01T00:00:00.000,48,21
2036-04-25T00:00:00.000,320.0,988.2819290707887,-13.388713738817351,15.657024402634208,7.656369482914105,-31.298488214821717,-2.549823799114673,-1.4781620787056102,2037-03-11T00:00:00.000,48,22
2036-04-25T00:00:00.000,330.0,926.5946454744471,-14.284620787460048,14.536243255309133,7.168337753261534,-30.20867599403343,-3.261451805298588,-1.8421379654276873,2037-03-21T00:00:00.000,48,23
2036-04-25T00:00:00.000,340.0,867.1067838376799,-15.110208492226798,13.353065240000426,6.6503161570677864,-29.103395659289266,-3.9167639700930756,-2.1813080798281046,2037-03-31T00:00:00.000,48,24
2036-04-25T00:00:00.000,350.0,809.8089669076772,-15.854741373413598,12.110944075872332,6.103665850284221,-27.985229249222023,-4.517101711435178,-2.496337898745839,2037-04-10T00:00:00.000,48,25
2036-04-25T00:00:00.000,360.0,754.7008828665058,-16.50774487241717,10.814998397569836,5.530537180596998,-26.85679270284315,-5.063724401923491,-2.7878780038555036,2037-04-20T00:00:00.000,48,26
2036-04-25T00:00:00.000,370.0,701.7883376909488,-17.059314325453663,9.47201860325916,4.933886119680297,-25.72073046865664,-5.5578442546448805,-3.056587818266916,2037-04-30T00:00:00.000,48,27
2036-04-25T00:00:00.000,380.0,651.0805955853733,-17.500446740182777,8.090422920074573,4.317469501797768,-24.579704437608846,-6.0006551604891385,-3.3031595465645243,2037-05-10T00:00:00.000,48,28
2036-04-25T00:00:00.000,390.0,602.5879751737544,-17.82338973706144,6.680144891309071,3.6858130951256767,-23.436377314964407,-6.393354834935618,-3.5283434468573898,2037-05-20T00:00:00.000,48,29
2036-04-25T00:00:00.000,400.0,556.3197008305236,-18.021983259791583,5.252440949970751,3.0441473235315826,-22.293390902241462,-6.737159064041819,-3.7329761124577736,2037-05-30T00:00:00.000,48,30
2036-04-25T00:00:00.000,410.0,512.2820333378195,-18.0919685091598,3.8196179775830252,2.3983123169375835,-21.153340140763948,-7.033306198290884,-3.918014567105029,2037-06-09T00:00:00.000,48,31
2036-04-25T00:00:00.000,420.0,470.4767204181897,-18.03124219395362,2.3946807172177174,1.7546367766480042,-20.01874405953263,-7.283049081421009,-4.084581101499806,2037-06-19T00:00:00.000,48,32
2036-04-25T00:00:00.000,430.0,430.899833253098,-17.84001507366267,0.9909083127240308,1.1197991420430924,-18.89201533515882,-7.487629798458741,-4.234027613331621,2037-06-29T00:00:00.000,48,33
2036-04-25T00:00:00.000,440.0,393.5411124799745,-17.52086367972656,-0.3785954532278737,0.5007082260901115,-17.77543155495701,-7.648229109869156,-4.368035828374486,2037-07-09T00:00:00.000,48,34
2036-04-25T00:00:00.000,450.0,358.3839420926214,-17.07869042931671,-1.7013953578995,-0.09557604150603893,-16.671110447932413,-7.765875277613947,-4.48878599378547,2037-07-19T00:00:00.000,48,35
2036-04-25T00:00:00.000,460.0,325.40621238857335,-16.520551583275015,-2.9662531303785222,-0.6618258648226103,-15.580992918506215,-7.841279976497265,-4.5992608528127175,2037-07-29T00:00:00.000,48,36
2036-04-25T00:00:00.000,470.0,294.5827199880366,-15.855370319536156,-4.163695869759671,-1.1904040990296245,-14.506842249734554,-7.874528069214996,-4.703834139986048,2037-08-08T00:00:00.000,48,37
2036-04-25T00:00:00.000,480.0,265.8907416962022,-15.093548467293187,-5.2867369204268435,-1.6725335681879336,-13.45027704599338,-7.8644385039164995,-4.8095110042853,2037-08-18T00:00:00.000,48,38
2036-04-25T00:00:00.000,490.0,239.3237811510284,-14.246464173923753,-6.332094362789405,-2.0963552970713977,-12.412888388394574,-7.807078760722948,-4.928844107106267,2037-08-28T00:00:00.000,48,39
2036-04-25T00:00:00.000,500.0,214.93195325837834,-13.325756467865276,-7.303112961858609,-2.441408477058758,-11.396623907683628,-7.691692122495329,-5.087906156557489,2037-09-07T00:00:00.000,48,40
2036-04-25T00:00:00.000,510.0,192.97960572537778,-12.34178423318344,-8.219668665228681,-2.6595387745586354,-10.4053294251873,-7.486479230651955,-5.353629984200067,2037-09-17T00:00:00.000,48,41
2036-04-25T00:00:00.000,520.0,174.9513926471506,-11.296131221183034,-9.170461770726163,-2.5780593509327474,-9.454609360700902,-7.063452267835476,-5.9723861683340065,2037-09-27T00:00:00.000,48,42
2036-04-25T00:00:00.000,530.0,188.0701517898957,-10.011642525435741,-11.132081864447338,-0.5997444761045578,-8.81066711337723,-5.023371520830299,-9.230819864500647,2037-10-07T00:00:00.000,48,43
2036-04-25T00:00:00.000,540.0,143.1625525822062,-9.133936613273347,-8.615556734954978,-7.272212380651995,-7.596476293479926,-9.244191462816772,-0.0320109916932072,2037-10-17T00:00:00.000,48,44
2036-04-25T00:00:00.000,550.0,115.38361321197573,-8.112953396216783,-9.770361019094047,-5.555038084085561,-6.564539296005776,-8.038662227801264,-2.7695390646266276,2037-10-27T00:00:00.000,48,45
2036-04-25T00:00:00.000,560.0,100.52027827403211,-7.01636346241137,-10.292125620149701,-5.330781253010639,-5.659093666712399,-7.589609614926779,-3.3004186156332818,2037-11-06T00:00:00.000,48,46
2036-04-25T00:00:00.000,570.0,87.63149206374962,-5.921704475107003,-10.631388867430628,-5.301817772897241,-4.776406701413283,-7.257562829558516,-3.4849982584578854,2037-11-16T00:00:00.000,48,47
2036-04-25T00:00:00.000,580.0,76.22923595636952,-4.838261175015731,-10.855494764506554,-5.31492685983628,-3.911752283216071,-6.953684561892924,-3.5459414891979524,2037-11-26T00:00:00.000,48,48
2036-04-25T00:00:00.000,590.0,66.21349185982018,-3.771882025774076,-10.987689364774775,-5.329207740501971,-3.063797161882235,-6.652634690135773,-3.5452913124685033,2037-12-06T00:00:00.000,48,49
2036-04-25T00:00:00.000,600.0,57.53370637294296,-2.7270658251880384,-11.040381656472409,-5.330219764131554,-2.2314690181714933,-6.34456632961145,-3.507239724205405,2037-12-16T00:00:00.000,48,50
2036-05-05T00:00:00.000,100.0,1721.7484427477484,-23.714372176535843,19.90658552617155,9.743087480798135,15.812673696619282,35.37346838040457,14.846734592243218,2036-08-13T00:00:00.000,49,0
2036-05-05T00:00:00.000,110.0,1432.042694157635,-20.789362205096765,16.995622336588834,8.326786057326549,13.469807276336308,32.629520548833,13.635298854417428,2036-08-23T00:00:00.000,49,1
2036-05-05T00:00:00.000,120.0,1222.8128892325278,-18.202834754079543,14.767919775349727,7.232805719194128,11.606979928191318,30.45439954757108,12.673612522717994,2036-09-02T00:00:00.000,49,2
2036-05-05T00:00:00.000,130.0,1071.0177219497332,-15.889222851246759,13.100641871865026,6.402967231571835,10.113041461512996,28.751686852627465,11.919925229459336,2036-09-12T00:00:00.000,49,3
2036-05-05T00:00:00.000,140.0,962.2416988205578,-13.806213382444298,11.91177072364862,5.798430459949768,8.908279559865104,27.46090815496442,11.348249971183034,2036-09-22T00:00:00.000,49,4
2036-05-05T00:00:00.000,150.0,887.5546624335542,-11.929161366511662,11.148660839015587,5.394289893312483,7.932494463683295,26.548902068877837,10.94467875062225,2036-10-02T00:00:00.000,49,5
2036-05-05T00:00:00.000,160.0,841.8231736214386,-10.249178986159766,10.781441346479957,5.176492994939899,7.136386708065352,26.005486514547933,10.705598045697979,2036-10-12T00:00:00.000,49,6
2036-05-05T00:00:00.000,170.0,822.8595918810195,-8.774509099937333,10.799175330066486,5.140116098879797,6.4739238631121765,25.841816261490596,10.63712526968665,2036-10-22T00:00:00.000,49,7
2036-05-05T00:00:00.000,180.0,831.1025074286227,-7.535641429664309,11.207010610580372,5.2882019417647825,5.893700532390067,26.09008298339222,10.75520206146009,2036-11-01T00:00:00.000,49,8
2036-05-05T00:00:00.000,190.0,869.6371251413734,-6.59521125278401,12.02190689145915,5.630088834744576,5.327275164722014,26.80243390755471,11.085431930776128,2036-11-11T00:00:00.000,49,9
2036-05-05T00:00:00.000,200.0,944.3064387379405,-6.063336609198494,13.262315808964178,6.177146722776848,4.672931302590406,28.04459629753965,11.660650508751075,2036-11-21T00:00:00.000,49,10
2036-05-05T00:00:00.000,210.0,1063.3477893664633,-6.115073613168242,14.923399830585272,6.931997056264044,3.776709573224924,29.875267223940483,12.512100641543853,2036-12-01T00:00:00.000,49,11
2036-05-05T00:00:00.000,220.0,1235.3663043602994,-6.994050180993151,16.927542700305967,7.866094579770401,2.4238661266378223,32.29888979012263,13.64818287120851,2036-12-11T00:00:00.000,49,12
2036-05-05T00:00:00.000,230.0,1464.1579403101548,-8.9643974033535,19.05440292642266,8.886511867845414,0.3745869042417418,35.19134234453573,15.019555551047844,2036-12-21T00:00:00.000,49,13
2036-05-05T00:00:00.000,240.0,1657.2945617399594,-7.780762370604492,22.88410915262964,10.743874822142867,-40.708520825929604,0.29169594466536,0.1606467574556607,2036-12-31T00:00:00.000,49,14
2036-05-05T00:00:00.000,250.0,1571.348699735429,-8.870844675771444,22.083707455289172,10.405686995572037,-39.62837302061963,-0.8800069620458508,-0.4078470556544236,2037-01-10T00:00:00.000,49,15
2036-05-05T00:00:00.000,260.0,1488.5496669020208,-9.959897651422565,21.237819955118763,10.046721595231025,-38.520069149811384,-1.9679443238425165,-0.9386877723855243,2037-01-20T00:00:00.000,49,16
2036-05-05T00:00:00.000,270.0,1408.6359547816107,-11.03900055057354,20.339796662505627,9.663686771806148,-37.386099840274056,-2.976507158879091,-1.4338405238423384,2037-01-30T00:00:00.000,49,17
2036-05-05T00:00:00.000,280.0,1331.4106973793525,-12.098640276403048,19.384300645451294,9.253878910532578,-36.228942454609665,-3.9094166661378367,-1.894963675234358,2037-02-09T00:00:00.000,49,18
2036-05-05T00:00:00.000,290.0,1256.7286245899427,-13.128714779744117,18.36733101033735,8.815193051249524,-35.05108573455029,-4.769854163728173,-2.3234682429318454,2037-02-19T00:00:00.000,49,19
2036-05-05T00:00:00.000,300.0,1184.4858366087196,-14.118574142712989,17.28628167504795,8.346151432341276,-33.85505012247256,-5.560569258607337,-2.7205674654052068,2037-03-01T00:00:00.000,49,20
2036-05-05T00:00:00.000,310.0,1114.6116318926497,-15.057103428700934,16.140025767925977,7.845944569672257,-32.6434035803776,-6.283971390525249,-3.087318924941272,2037-03-11T00:00:00.000,49,21
2036-05-05T00:00:00.000,320.0,1047.0618256907103,-15.93285654671767,14.929012624412975,7.3144798072809225,-31.418772476749524,-6.942208497305909,-3.424660994155529,2037-03-21T00:00:00.000,49,22
2036-05-05T00:00:00.000,330.0,981.8131569489504,-16.734235531406092,13.655356462122938,6.7524266361788445,-30.183847182383715,-7.537235318635705,-3.733444786114779,2037-03-31T00:00:00.000,49,23
2036-05-05T00:00:00.000,340.0,918.8585299099951,-17.449710819756646,12.322927420569172,6.161264182316385,-28.941382703736803,-8.07087290781946,-4.014462306668873,2037-04-10T00:00:00.000,49,24
2036-05-05T00:00:00.000,350.0,858.202833088034,-18.06811899874923,10.937410580693607,5.543318601474468,-27.69419315854595,-8.544860869858933,-4.268471752270861,2037-04-20T00:00:00.000,49,25
2036-05-05T00:00:00.000,360.0,799.8591759542834,-18.578995638172827,9.50630139648621,4.90177083780106,-26.445139482603665,-8.960902704593263,-4.496220236902694,2037-04-30T00:00:00.000,49,26
2036-05-05T00:00:00.000,370.0,743.8454919541575,-18.972931448295256,8.038845758181708,4.240639443995966,-25.197111021083415,-9.320704094847368,-4.698463932143111,2037-05-10T00:00:00.000,49,27
2036-05-05T00:00:00.000,380.0,690.181455694294,-19.24194410464192,6.5459066564079915,3.56473151123848,-23.953001177337136,-9.626003987091803,-4.875985801176256,2037-05-20T00:00:00.000,49,28
2036-05-05T00:00:00.000,390.0,638.8856997524662,-19.379839137292812,5.0397466843480565,2.879555416040329,-22.71567769746136,-9.878598025324298,-5.029611073590248,2037-05-30T00:00:00.000,49,29
2036-05-05T00:00:00.000,400.0,589.9733445641351,-19.382532152008665,3.5337278909058476,2.1911955661824463,-21.4879485838131,-10.080353772903017,-5.160220735265071,2037-06-09T00:00:00.000,49,30
2036-05-05T00:00:00.000,410.0,543.4538690339745,-19.248308590551744,2.0419318046302024,1.5061511999402661,-20.272524908464337,-10.233217122209123,-5.268763631004294,2037-06-19T00:00:00.000,49,31
2036-05-05T00:00:00.000,420.0,499.32936425716514,-18.977978784135086,0.5787136456472446,0.8311432169289308,-19.07198225258815,-10.339209239605733,-5.356268245129183,2037-06-29T00:00:00.000,49,32
2036-05-05T00:00:00.000,430.0,457.5932478226718,-18.574917014237148,-0.8417571851749805,0.17291724796957197,-17.88872365151951,-10.400413342210115,-5.423856216145129,2037-07-09T00:00:00.000,49,33
2036-05-05T00:00:00.000,440.0,418.2294494460889,-18.045000888136748,-2.2059749624305027,-0.461955075729934,-16.724945495761382,-10.418950321688726,-5.4727618077239875,2037-07-19T00:00:00.000,49,34
2036-05-05T00:00:00.000,450.0,381.21207955256426,-17.396413617609287,-3.5015624499667375,-1.0672613264094526,-15.582607958895732,-10.39694084829809,-5.504364609009315,2037-07-29T00:00:00.000,49,35
2036-05-05T00:00:00.000,460.0,346.50563427719385,-16.639333023692163,-4.717678386583135,-1.6372848155847404,-14.463412626092286,-10.336448743447512,-5.520249709811182,2037-08-08T00:00:00.000,49,36
2036-05-05T00:00:00.000,470.0,314.0657845963389,-15.785534991211925,-5.845360188319134,-2.166863464988202,-13.368789411487725,-10.239393408473322,-5.522325315856149,2037-08-18T00:00:00.000,49,37
2036-05-05T00:00:00.000,480.0,283.8408874669022,-14.847936362931472,-6.877806996519787,-2.651317189514012,-12.299895645656704,-10.10740119839696,-5.513065897257269,2037-08-28T00:00:00.000,49,38
2036-05-05T00:00:00.000,490.0,255.77465817451028,-13.840109214887882,-7.810651375951206,-3.0861193290238065,-11.257633454831762,-9.941516009010616,-5.496053730973578,2037-09-07T00:00:00.000,49,39
2036-05-05T00:00:00.000,500.0,229.81148627065366,-12.775786268378205,-8.642395448683184,-3.4659681816905215,-10.24270356440135,-9.74153129114173,-5.477323987693268,2037-09-17T00:00:00.000,49,40
2036-05-05T00:00:00.000,510.0,205.91022482725478,-11.668316847575815,-9.375606314641786,-3.782028224380987,-9.25576537452665,-9.504092237526653,-5.469301865828394,2037-09-27T00:00:00.000,49,41
2036-05-05T00:00:00.000,520.0,184.0971853599159,-10.52986266545628,-10.021674147518091,-4.011489243973289,-8.29807197104759,-9.21549989882778,-5.505792271593204,2037-10-07T00:00:00.000,49,42
2036-05-05T00:00:00.000,530.0,164.85115700240942,-9.367902870369539,-10.63205771443831,-4.052773943986701,-7.376084256763118,-8.806084367025964,-5.735626919558282,2037-10-17T00:00:00.000,49,43
2036-05-05T00:00:00.000,540.0,190.73281185258872,-7.840480182149191,-12.845960204296306,-1.0210987690432018,-6.997831540149988,-5.907242061649804,-10.337681404132464,2037-10-27T00:00:00.000,49,44
2036-05-05T00:00:00.000,550.0,126.52729013699977,-7.07762145224822,-10.838880272845731,-5.555183610217842,-5.550519355123372,-8.966704341981693,-3.9137243475859727,2037-11-06T00:00:00.000,49,45
2036-05-05T00:00:00.000,560.0,111.56580155489151,-5.930957230008222,-11.208514220520643,-5.345266608989096,-4.697167383740613,-8.432962267003898,-4.288072705459104,2037-11-16T00:00:00.000,49,46
2036-05-05T00:00:00.000,570.0,98.03868464816973,-4.804502168777226,-11.389114029870107,-5.335374409575828,-3.86677297875276,-8.03324738218219,-4.307399200865907,2037-11-26T00:00:00.000,49,47
2036-05-05T00:00:00.000,580.0,85.89176194536543,-3.7038563671640325,-11.467305821961778,-5.341955700584921,-3.058574679311171,-7.65152693409561,-4.241582069611695,2037-12-06T00:00:00.000,49,48
2036-05-05T00:00:00.000,590.0,75.10327395885878,-2.6333270226585377,-11.463717181686036,-5.33479053973834,-2.2719659504109053,-7.267321025787393,-4.138537155466981,2037-12-16T00:00:00.000,49,49
2036-05-05T00:00:00.000,600.0,65.63346617843622,-1.5963052610252007,-11.388957323172288,-5.306090433873048,-1.5059694546661113,-6.874336702713784,-4.0136040011155885,2037-12-26T00:00:00.000,49,50
2036-05-15T00:00:00.000,100.0,1704.3800785755802,-26.171252261649677,17.85277238638662,8.922383618768167,9.985859444553782,36.92687704484395,15.526378890268436,2036-08-23T00:00:00.000,50,0
2036-05-15T00:00:00.000,110.0,1408.5732191501015,-23.007065640959134,15.08099399752263,7.567913389185485,8.168685479276906,33.78718383550142,14.151749190710794,2036-09-02T00:00:00.000,50,1
2036-05-15T00:00:00.000,120.0,1193.4246690207065,-20.236754159711232,12.960317534944252,6.522884211046966,6.7213839167402725,31.271485231335674,13.051508674894507,2036-09-12T00:00:00.000,50,2
2036-05-15T00:00:00.000,130.0,1035.4747579115883,-17.783363151811667,11.37064799348308,5.730205265671989,5.553866600008661,29.264064712742012,12.175542706152541,2036-09-22T00:00:00.000,50,3
2036-05-15T00:00:00.000,140.0,919.8815251704891,-15.59586842025018,10.230402025854218,5.151158606752908,4.601102687374333,27.6887464089507,11.491070512861086,2036-10-02T00:00:00.000,50,4
2036-05-15T00:00:00.000,150.0,837.2213699347533,-13.642088400943859,9.485360941522512,4.760098889722931,3.813482394771711,26.49830416583881,10.978096296453634,2036-10-12T00:00:00.000,50,5
2036-05-15T00:00:00.000,160.0,781.7384363195451,-11.905375287407633,9.102203589478028,4.541403856141927,3.1499755438492727,25.668719086101934,10.626991619055834,2036-10-22T00:00:00.000,50,6
2036-05-15T00:00:00.000,170.0,750.4243148982619,-10.384279819560989,9.06482087177525,4.487779843864972,2.572257272252859,25.196565363517323,10.437475811018839,2036-11-01T00:00:00.000,50,7
2036-05-15T00:00:00.000,180.0,742.6332012417641,-9.095278814783164,9.372169070388082,4.599352992585968,2.0382718464689304,25.098456523002213,10.418547369217261,2036-11-11T00:00:00.000,50,8
2036-05-15T00:00:00.000,190.0,760.0945393286664,-8.079471818601608,10.036251122291308,4.882918540078081,1.4935383292347275,25.411404115604807,10.58888206852812,2036-11-21T00:00:00.000,50,9
2036-05-15T00:00:00.000,200.0,807.2331374908507,-7.414741108996642,11.077593683022531,5.35016913422902,0.8581671094582823,26.191776855860724,10.976680365023538,2036-12-01T00:00:00.000,50,10
2036-05-15T00:00:00.000,210.0,891.5968652930225,-7.234258994218555,12.512531370524677,6.012290209762881,0.008073780257838337,27.50735825003864,11.616455664751022,2036-12-11T00:00:00.000,50,11
2036-05-15T00:00:00.000,220.0,1023.7415031218075,-7.746756569668822,14.321318701051915,6.865719477548499,-1.246321788035214,29.410941947520925,12.53733140991456,2036-12-21T00:00:00.000,50,12
2036-05-15T00:00:00.000,230.0,1214.9297462773197,-9.235716822760459,16.38355575095088,7.862229725533531,-3.1639330686407163,31.879074243716413,13.734769716966438,2036-12-31T00:00:00.000,50,13
2036-05-15T00:00:00.000,240.0,1470.2430770338149,-11.982291917271784,18.390408150642042,8.866320443815457,-6.008814929279133,34.718221642044895,15.125551434355458,2037-01-10T00:00:00.000,50,14
2036-05-15T00:00:00.000,250.0,1653.9209671383712,-11.878494530363772,22.05874356958244,10.399238294323727,-40.104754593553366,-6.158177470512239,-2.7579841136067085,2037-01-20T00:00:00.000,50,15
2036-05-15T00:00:00.000,260.0,1567.428451343709,-12.92959520164953,21.07214815586247,9.975399876808765,-38.805385466639805,-7.144876243586122,-3.243648191935719,2037-01-30T00:00:00.000,50,16
2036-05-15T00:00:00.000,270.0,1483.818950872229,-13.963261994907896,20.028497440272215,9.524805539185499,-37.489553490537574,-8.045722751566633,-3.6903489479009774,2037-02-09T00:00:00.000,50,17
2036-05-15T00:00:00.000,280.0,1402.904145700678,-14.968151733436624,18.92330197562962,9.04509028380159,-36.159540575540085,-8.864710704987946,-4.099838433819118,2037-02-19T00:00:00.000,50,18
2036-05-15T00:00:00.000,290.0,1324.5500886264695,-15.932438982761434,17.7536609309604,8.534603087275066,-34.81773942694956,-9.605301813060823,-4.473621229331133,2037-03-01T00:00:00.000,50,19
2036-05-15T00:00:00.000,300.0,1248.666329928208,-16.843897954078933,16.51833594445961,7.992442875233882,-33.466658226728924,-10.27054385522926,-4.813007997223529,2037-03-11T00:00:00.000,50,20
2036-05-15T00:00:00.000,310.0,1175.1971410463698,-17.690041775808496,15.217840618534725,7.418503363485882,-32.1089215771319,-10.863171110487034,-5.119161027379693,2037-03-21T00:00:00.000,50,21
2036-05-15T00:00:00.000,320.0,1104.1142575769616,-18.458312937913817,13.854522700167397,6.81351508101044,-30.747266841774376,-11.385690668756947,-5.393133350202325,2037-03-31T00:00:00.000,50,22
2036-05-15T00:00:00.000,330.0,1035.4107658553664,-19.13631972132154,12.432647806442162,6.179089073469738,-29.384535895550314,-11.840456935428904,-5.635902378389387,2037-04-10T00:00:00.000,50,23
2036-05-15T00:00:00.000,340.0,969.0957871763054,-19.712153959444567,10.958448594746615,5.5177491300898485,-28.023660832904,-12.22973625178805,-5.848399089526017,2037-04-20T00:00:00.000,50,24
2036-05-15T00:00:00.000,350.0,905.189731222597,-20.174746356457046,9.44010640738273,4.832932198421391,-26.66764281921564,-12.55576231542496,-6.031533003133445,2037-04-30T00:00:00.000,50,25
2036-05-15T00:00:00.000,360.0,843.7200263214552,-20.514245818284564,7.8876726203678835,4.1289610262482155,-25.319524727970496,-12.820782531568806,-6.186212827681084,2037-05-10T00:00:00.000,50,26
2036-05-15T00:00:00.000,370.0,784.7172475602828,-20.72241298376715,6.312911163730858,3.4109815495426057,-23.982357796790644,-13.027095359546589,-6.313362698299338,2037-05-20T00:00:00.000,50,27
2036-05-15T00:00:00.000,380.0,728.2116121675691,-20.792999015074244,4.729051637170318,2.684858390323818,-22.65916301713196,-13.177078491051969,-6.413933736114219,2037-05-30T00:00:00.000,50,28
2036-05-15T00:00:00.000,390.0,674.2298484770778,-20.722079595085425,3.1504555245399395,1.957028471144107,-21.35288845814334,-13.273207704770446,-6.488910555493055,2037-06-09T00:00:00.000,50,29
2036-05-15T00:00:00.000,400.0,622.7924648047624,-20.5083183058454,1.5922001846819285,1.234314695837961,-20.06636404808119,-13.318066433248791,-6.539312286028922,2037-06-19T00:00:00.000,50,30
2036-05-15T00:00:00.000,410.0,573.9114614896125,-20.15311572494968,0.06959735219228236,0.5237034147628457,-18.802255785251567,-13.31434641994607,-6.5661875000075725,2037-06-29T00:00:00.000,50,31
2036-05-15T00:00:00.000,420.0,527.5885673804073,-19.66063245458543,-1.402298193988262,-0.16788696924597168,-17.56302248399222,-13.264840519752717,-6.570602300605135,2037-07-09T00:00:00.000,50,32
2036-05-15T00:00:00.000,430.0,483.8140076488417,-19.03770282102293,-2.809189982098154,-0.8338466174625108,-16.35087663922125,-13.172429405312815,-6.553620704607548,2037-07-19T00:00:00.000,50,33
2036-05-15T00:00:00.000,440.0,442.5657934823714,-18.29360344652244,-4.138014256643903,-1.468114165609812,-15.167750845361237,-13.040064630460773,-6.516275179028339,2037-07-29T00:00:00.000,50,34
2036-05-15T00:00:00.000,450.0,403.80954534375377,-17.43970327040893,-5.37733523822347,-2.065392562963776,-14.015271974576626,-12.870751953286167,-6.4595232780276515,2037-08-08T00:00:00.000,50,35
2036-05-15T00:00:00.000,460.0,367.49880028434427,-16.489026479613855,-6.517640345502098,-2.621337580459098,-12.894744020455619,-12.667540944670751,-6.384182277031128,2037-08-18T00:00:00.000,50,36
2036-05-15T00:00:00.000,470.0,333.5757150179284,-15.455758369369933,-7.551512827484153,-3.132723908081446,-11.807139686879212,-12.433531037889924,-6.290824537552943,2037-08-28T00:00:00.000,50,37
2036-05-15T00:00:00.000,480.0,301.97202907715075,-14.35473386542262,-8.473662691160296,-3.597610389886637,-10.753099774739079,-12.171913520587196,-6.179595096687462,2037-09-07T00:00:00.000,50,38
2036-05-15T00:00:00.000,490.0,272.61007295710704,-13.200945198579333,-9.280799755273762,-4.015573063255576,-9.732937847245509,-11.8860926496554,-6.049859117580416,2037-09-17T00:00:00.000,50,39
2036-05-15T00:00:00.000,500.0,245.40343942999752,-12.00908213747561,-9.971282508580568,-4.38817973137918,-8.746644977380493,-11.579996944874015,-5.89943317839694,2037-09-27T00:00:00.000,50,40
2036-05-15T00:00:00.000,510.0,220.2565166176636,-10.793159918171666,-10.544310660525984,-4.720215706569321,-7.793884025673755,-11.258918150237733,-5.722643663400547,2037-10-07T00:00:00.000,50,41
2036-05-15T00:00:00.000,520.0,197.06069187000438,-9.566272662938273,-10.997856368043735,-5.023651672952843,-6.873943342763393,-10.932147933420804,-5.504337957673604,2037-10-17T00:00:00.000,50,42
2036-05-15T00:00:00.000,530.0,175.6821850527859,-8.340483257361983,-11.32079235583239,-5.334751803238467,-5.985583679125931,-10.624075622154638,-5.1946116551390755,2037-10-27T00:00:00.000,50,43
2036-05-15T00:00:00.000,540.0,156.04157776005218,-7.125834653766887,-11.433508066215579,-5.851275064845829,-5.128201227027812,-10.460696131134128,-4.507434568270304,2037-11-06T00:00:00.000,50,44
2036-05-15T00:00:00.000,550.0,193.17268851731592,-5.417748771627259,-14.048986706812036,-1.2805345120452136,-5.0579218972083595,-6.479295378162131,-11.20753523311807,2037-11-16T00:00:00.000,50,45
2036-05-15T00:00:00.000,560.0,125.56394818691706,-4.729178341061761,-12.233258061752617,-4.860812713060048,-3.5555017391746198,-8.845293044869297,-5.889239893231567,2037-11-26T00:00:00.000,50,46
2036-05-15T00:00:00.000,570.0,109.93903401575618,-3.6025638895872127,-12.13025963331647,-5.130347441723401,-2.7749881531575618,-8.571914609620709,-5.362905433714305,2037-12-06T00:00:00.000,50,47
2036-05-15T00:00:00.000,580.0,96.59773113438412,-2.5062423257705184,-12.024283338373177,-5.214607959808809,-2.032855966039687,-8.18264093785885,-5.050704410059792,2037-12-16T00:00:00.000,50,48
2036-05-15T00:00:00.000,590.0,84.84285449760215,-1.4495387899061996,-11.870133922736,-5.225368588126285,-1.319225740760828,-7.754070687837043,-4.793421086295524,2037-12-26T00:00:00.000,50,49
2036-05-15T00:00:00.000,600.0,74.49183943343446,-0.4359994400529956,-11.662868414910166,-5.1896494771556165,-0.6311583288892777,-7.3032520415661,-4.555874034109014,2038-01-05T00:00:00.000,50,50
2036-05-25T00:00:00.000,100.0,1684.9914622498086,-28.381777593533876,15.584964718530419,7.998845873402538,3.962521593671976,37.65608361165633,15.85273641682847,2036-09-02T00:00:00.000,51,0
2036-05-25T00:00:00.000,110.0,1384.3742978982532,-24.982006405332513,12.97675304272809,6.716677986131625,2.7365372478680676,34.21659458293499,14.356542652614799,2036-09-12T00:00:00.000,51,1
2036-05-25T00:00:00.000,120.0,1164.6286533556256,-22.02872787758206,10.985571874891225,5.730015197956761,1.7633234309986996,31.440910347088238,13.152509280729525,2036-09-22T00:00:00.000,51,2
2036-05-25T00:00:00.000,130.0,1001.9608440132627,-19.43422616203691,9.495295937230958,4.983416616171579,0.9769527194899084,29.198527072862547,12.184105390731684,2036-10-02T00:00:00.000,51,3
2036-05-25T00:00:00.000,140.0,881.2001106092015,-17.13939348287174,8.425979010223818,4.438829205739134,0.32942452461156435,27.40122755156688,11.41333950949669,2036-10-12T00:00:00.000,51,4
2036-05-25T00:00:00.000,150.0,792.5521565735665,-15.105393608057643,7.723116956052067,4.070453298299168,-0.21649472312460816,25.990950807889675,10.815533399249654,2036-10-22T00:00:00.000,51,5
2036-05-25T00:00:00.000,160.0,729.7977385311498,-13.309263104819514,7.351301673907926,3.8617297358348974,-0.6923556246320963,24.93288870168317,10.37638873643764,2036-11-01T00:00:00.000,51,6
2036-05-25T00:00:00.000,170.0,689.3095386454119,-11.742329833842906,7.290572020898711,3.803642155782847,-1.128379323285099,24.21192507677935,10.090539273231027,2036-11-11T00:00:00.000,51,7
2036-05-25T00:00:00.000,180.0,669.5876177467248,-10.411246839355442,7.534433926851236,3.8938566289768204,-1.5581974260014029,23.831387266214133,9.961155530160866,2036-11-21T00:00:00.000,51,8
2036-05-25T00:00:00.000,190.0,671.1838029742705,-9.342178662876787,8.088650114470939,4.136294943971404,-2.025257860622194,23.813363183968093,10.000293367731345,2036-12-01T00:00:00.000,51,9
2036-05-25T00:00:00.000,200.0,696.9786612700854,-8.58947083889024,8.969373860269073,4.540504619975482,-2.5926633289668537,24.199463134867656,10.229503512727149,2036-12-11T00:00:00.000,51,10
2036-05-25T00:00:00.000,210.0,752.7959873758026,-8.250782045452539,10.197403583897767,5.11935103779253,-3.358751614374661,25.049239394989268,10.679437283923527,2036-12-21T00:00:00.000,51,11
2036-05-25T00:00:00.000,220.0,848.1863301928738,-8.489625134037723,11.781023897337331,5.8814890606236325,-4.479876722709399,26.429091136311996,11.385085702387798,2036-12-31T00:00:00.000,51,12
2036-05-25T00:00:00.000,230.0,996.566461456616,-9.557931297241716,13.67249153106761,6.811357959738921,-6.194280873020698,28.37607542801857,12.369142622920426,2037-01-10T00:00:00.000,51,13
2036-05-25T00:00:00.000,240.0,1212.3148226327623,-11.783110549666553,15.680953347207424,7.8276876896331595,-8.81449214693501,30.815348312573985,13.602715140703602,2037-01-20T00:00:00.000,51,14
2036-05-25T00:00:00.000,250.0,1500.9901520254916,-15.43659807048197,17.36614826963033,8.730027673783368,-12.610173647012168,33.44445609178912,14.947977433154001,2037-01-30T00:00:00.000,51,15
2036-05-25T00:00:00.000,260.0,1647.9672915810834,-15.976532587164135,20.545238079188053,9.741220520886127,-38.22924194942612,-12.45434805368447,-5.601925214692479,2037-02-09T00:00:00.000,51,16
2036-05-25T00:00:00.000,270.0,1560.7907033183988,-16.943620005025572,19.353364506038343,9.221484568222674,-36.74473327075065,-13.219830477101716,-5.9876007161868765,2037-02-19T00:00:00.000,51,17
2036-05-25T00:00:00.000,280.0,1476.2936981767568,-17.870727793648364,18.096801680933822,8.670665725956905,-35.25655509238434,-13.89815658716164,-6.333266508932051,2037-03-01T00:00:00.000,51,18
2036-05-25T00:00:00.000,290.0,1394.3568296786311,-18.744375160523745,16.77416283245367,8.087761337905299,-33.767000062640875,-14.493095094795546,-6.640536952796471,2037-03-11T00:00:00.000,51,19
2036-05-25T00:00:00.000,300.0,1314.9060692083394,-19.550914783689866,15.385999006720047,7.472648098645149,-32.2785549695902,-15.008036879343052,-6.910845629281693,2037-03-21T00:00:00.000,51,20
2036-05-25T00:00:00.000,310.0,1237.9034005354358,-20.276730371617845,13.93487199129397,6.826119947375025,-30.79388333449764,-15.446102127848022,-7.145493598966634,2037-03-31T00:00:00.000,51,21
2036-05-25T00:00:00.000,320.0,1163.3389932639718,-20.908486115709998,12.425428452611524,6.1499275372877875,-29.3158045980216,-15.810231746000206,-7.345690312853821,2037-04-10T00:00:00.000,51,22
2036-05-25T00:00:00.000,330.0,1091.2244822074788,-21.43346201142994,10.864437267040197,5.446805191720578,-27.847268038083836,-16.10326551819793,-7.512588413656821,2037-04-20T00:00:00.000,51,23
2036-05-25T00:00:00.000,340.0,1021.5870272612042,-21.839929685836296,9.260755509093235,4.720464228631577,-26.391320286084344,-16.328008074062197,-7.64731280593888,2037-04-30T00:00:00.000,51,24
2036-05-25T00:00:00.000,350.0,954.4640005979386,-22.11755324132632,7.625229201155982,3.9755560973813244,-24.951066993822757,-16.487283105197232,-7.750983955394644,2037-05-10T00:00:00.000,51,25
2036-05-25T00:00:00.000,360.0,889.8981820587433,-22.257803007154234,5.970509665838618,3.2175974536328544,-23.52962890345082,-16.58397607796769,-7.824735341852173,2037-05-20T00:00:00.000,51,26
2036-05-25T00:00:00.000,370.0,827.9334073793722,-22.25435079855286,4.310774957549334,2.452850431910086,-22.130093151988234,-16.6210654464791,-7.869724765679819,2037-05-30T00:00:00.000,51,27
2036-05-25T00:00:00.000,380.0,768.6106638116676,-22.1034142101626,2.6613596925712777,1.688158345001141,-20.755461216307683,-16.601642408576986,-7.887139078763176,2037-06-09T00:00:00.000,51,28
2036-05-25T00:00:00.000,390.0,711.9646573766428,-21.804022002579153,1.0382995449035164,0.9307393120189555,-19.408595290103506,-16.52891949816305,-7.878191827117447,2037-06-19T00:00:00.000,51,29
2036-05-25T00:00:00.000,400.0,658.020898917946,-21.358155435539672,-0.542190599031116,0.1879423708536887,-18.092165344676364,-16.406228748887067,-7.844113098243111,2037-06-29T00:00:00.000,51,30
2036-05-25T00:00:00.000,410.0,606.7934021382281,-20.77075320529254,-2.064246419866773,-0.5330055325835392,-16.808600260446894,-16.237011038675845,-7.786130743357153,2037-07-09T00:00:00.000,51,31
2036-05-25T00:00:00.000,420.0,558.2830121926097,-20.04959707968833,-3.512889150370256,-1.2252609833639028,-15.560044881146261,-16.02479892502777,-7.705441901782957,2037-07-19T00:00:00.000,51,32
2036-05-25T00:00:00.000,430.0,512.4763612674885,-19.205043893542815,-4.874526146607256,-1.8826231042455248,-14.348324557571402,-15.773196021894954,-7.603172424255496,2037-07-29T00:00:00.000,51,33
2036-05-25T00:00:00.000,440.0,469.34547266386755,-18.249632891050165,-6.137362753155262,-2.4997660234764183,-13.17491946133956,-15.485857519254665,-7.480319962703962,2037-08-08T00:00:00.000,51,34
2036-05-25T00:00:00.000,450.0,428.8479728706037,-17.197602799962777,-7.291703492925404,-3.0724408837218826,-12.040949613639865,-15.166478276573038,-7.337672789013406,2037-08-18T00:00:00.000,51,35
2036-05-25T00:00:00.000,460.0,390.9278375438095,-16.06435170701592,-8.330120523697891,-3.5976509099887855,-10.947170785755938,-14.818798157135092,-7.175688852604387,2037-08-28T00:00:00.000,51,36
2036-05-25T00:00:00.000,470.0,355.51657211047933,-14.865882069643622,-9.24747366113492,-4.073816022490323,-9.893980692833725,-14.4466407210667,-6.994304113829357,2037-09-07T00:00:00.000,51,37
2036-05-25T00:00:00.000,480.0,322.5347148509611,-13.618268736086023,-10.040776580024009,-4.500976881521923,-8.881434272826358,-14.054015473003133,-6.7926054789760135,2037-09-17T00:00:00.000,51,38
2036-05-25T00:00:00.000,490.0,291.89357842518865,-12.337162076460766,-10.708877790615018,-4.881142217348959,-7.9092669204412225,-13.645347428831464,-6.568224170419689,2037-09-27T00:00:00.000,51,39
2036-05-25T00:00:00.000,500.0,263.49733867969115,-11.037373407227284,-11.251854614197235,-5.219009289433754,-6.976927764195871,-13.22598580389877,-6.316099838345827,2037-10-07T00:00:00.000,51,40
2036-05-25T00:00:00.000,510.0,237.24624912479305,-9.732552103755934,-11.669908849113465,-5.523731391421423,-6.083634803996052,-12.803400011691679,-6.025660531179509,2037-10-17T00:00:00.000,51,41
2036-05-25T00:00:00.000,520.0,213.04533592884425,-8.43487707264237,-11.96090051847281,-5.8137986514041256,-5.228519193219778,-12.390356642749808,-5.673357492741167,2037-10-27T00:00:00.000,51,42
2036-05-25T00:00:00.000,530.0,190.84629543827396,-7.154475394434229,-12.113054479668337,-6.133353230972764,-4.411288372422042,-12.01522651188261,-5.198188357664745,2037-11-06T00:00:00.000,51,43
2036-05-25T00:00:00.000,540.0,170.98805921773757,-5.895737890160785,-12.07289972172661,-6.629008799922438,-3.6375007843630627,-11.768963656839212,-4.387270416271773,2037-11-16T00:00:00.000,51,44
2036-05-25T00:00:00.000,550.0,162.32248821128113,-4.572355235362856,-11.439875407221791,-8.35056099534385,-3.043271115822346,-12.256484006557727,-1.685107985820843,2037-11-26T00:00:00.000,51,45
2036-05-25T00:00:00.000,560.0,201.94132363802322,-2.8282684257278135,-14.852925619384042,-1.1649996682841888,-3.185723782992934,-6.6238710086236345,-12.162105922808422,2037-12-06T00:00:00.000,51,46
2036-05-25T00:00:00.000,570.0,128.61112216226056,-2.285434829662261,-13.0124412632548,-4.35733522011729,-1.6213775098261642,-8.649604099367874,-7.153083674688067,2037-12-16T00:00:00.000,51,47
2036-05-25T00:00:00.000,580.0,110.61968476295411,-1.2439417984429681,-12.575513782904293,-4.82527003300651,-0.9064193514833647,-8.4898323881219,-6.141728970233623,2037-12-26T00:00:00.000,51,48
2036-05-25T00:00:00.000,590.0,96.91361917218816,-0.2248798087741477,-12.2289933038867,-4.952897999743653,-0.2636423483188288,-8.09989902706996,-5.588895028145745,2038-01-05T00:00:00.000,51,49
2036-05-25T00:00:00.000,600.0,85.23340478021916,0.748338528154715,-11.87458467282983,-4.956034183293427,0.34162111852453236,-7.635504852310714,-5.178394098746904,2038-01-15T00:00:00.000,51,50
2036-06-04T00:00:00.000,100.0,1662.913218222751,-30.318708181784768,13.122583602156954,6.979901986358187,-2.045614017695769,37.53329027876413,15.810781206613036,2036-09-12T00:00:00.000,52,0
2036-06-04T00:00:00.000,110.0,1358.6391066914057,-26.69000588405757,10.702694574165118,5.780666395829674,-2.6350231964585653,33.89672144955886,14.237557178692809,2036-09-22T00:00:00.000,52,1
2036-06-04T00:00:00.000,120.0,1135.4455042278403,-23.55759707147587,8.86361845798586,4.861860393486565,-3.0931212310532743,30.947321908411443,12.966933792342932,2036-10-02T00:00:00.000,52,2
2036-06-04T00:00:00.000,130.0,969.2725062825222,-20.82358601380766,7.49428235270566,4.170184486901443,-3.459547439427272,28.544497826190295,11.937993200177822,2036-10-12T00:00:00.000,52,3
2036-06-04T00:00:00.000,140.0,844.6959738853731,-18.42130876674625,6.517415325371797,3.6687147420115123,-3.7636605216790286,26.591691492533496,11.109130340798485,2036-10-22T00:00:00.000,52,4
2036-06-04T00:00:00.000,150.0,751.6440702722755,-16.305898012333497,5.879286253993634,3.331964235161081,-4.029069223060517,25.02317036041356,10.452349811491308,2036-11-01T00:00:00.000,52,5
2036-06-04T00:00:00.000,160.0,683.5567365314129,-14.448982588509622,5.543564341856129,3.142950429720891,-4.276935354620939,23.796279250634477,9.94995750391073,2036-11-11T00:00:00.000,52,6
2036-06-04T00:00:00.000,170.0,636.3529120537801,-12.83619061075785,5.487707924182793,3.0915038748463113,-4.52892641635254,22.88712358328052,9.592773928988885,2036-11-21T00:00:00.000,52,7
2036-06-04T00:00:00.000,180.0,607.8970132384991,-11.466991028192977,5.700969159061925,3.17338925356475,-4.810570172226427,22.288607024117912,9.37941494876019,2036-12-01T00:00:00.000,52,8
2036-06-04T00:00:00.000,190.0,597.8272536117181,-10.357085317703035,6.183364194252814,3.3899445421800847,-5.155916348920197,22.010196668267188,9.316384644209123,2036-12-11T00:00:00.000,52,9
2036-06-04T00:00:00.000,200.0,607.7129970425485,-9.544291570199006,6.944799217776196,3.747880888831611,-5.614856219349932,22.0788104258845,9.4187322319105,2036-12-21T00:00:00.000,52,10
2036-06-04T00:00:00.000,210.0,641.5799919028519,-9.099749307983688,8.002613748452486,4.25845676700653,-6.26520474889794,22.53951433931069,9.71068971315872,2036-12-31T00:00:00.000,52,11
2036-06-04T00:00:00.000,220.0,706.8579916660082,-9.146937580573422,9.373185485656094,4.9339846174319915,-7.232329692465473,23.45229624815954,10.224539088587436,2037-01-10T00:00:00.000,52,12
2036-06-04T00:00:00.000,230.0,815.5979248192348,-9.889034037451626,11.047012487360305,5.776555195568529,-8.717363755736152,24.87493016797886,10.992876925881943,2037-01-20T00:00:00.000,52,13
2036-06-04T00:00:00.000,240.0,984.8367702840582,-11.631111887180872,12.926335487373883,6.748467307316032,-11.021910419903293,26.810264058174965,12.023477122306053,2037-01-30T00:00:00.000,52,14
2036-06-04T00:00:00.000,250.0,1232.3845047146885,-14.737656578597417,14.706140372748116,7.713520682335203,-14.512867766009578,29.092587698541017,13.243206368689899,2037-02-09T00:00:00.000,52,15
2036-06-04T00:00:00.000,260.0,1562.0496905786254,-19.401722984538537,15.762346857378489,8.376912673629734,-19.407944178110814,31.259118204156938,14.430832354944197,2037-02-19T00:00:00.000,52,16
2036-06-04T00:00:00.000,270.0,1635.2416345607523,-19.92471007197121,18.295037700599178,8.745399709290421,-35.05537724742035,-18.38043515896962,-8.277787383637559,2037-03-01T00:00:00.000,52,17
2036-06-04T00:00:00.000,280.0,1547.4929590116344,-20.749254620840052,16.888194442788198,8.123482611345885,-33.428726335433055,-18.89293227060112,-8.548118203490032,2037-03-11T00:00:00.000,52,18
2036-06-04T00:00:00.000,290.0,1462.2841244182187,-21.50577663143354,15.415471501357056,7.468976852113842,-31.812524413419858,-19.318278607161563,-8.777899892335753,2037-03-21T00:00:00.000,52,19
2036-06-04T00:00:00.000,300.0,1379.5602259084458,-22.179480935682236,13.879631282036769,6.782740482445661,-30.209209947309116,-19.66026246395436,-8.968720093540254,2037-03-31T00:00:00.000,52,20
2036-06-04T00:00:00.000,310.0,1299.3033788441692,-22.75598906413894,12.285693058897344,6.0666685415645745,-28.621444721564266,-19.922458404697284,-9.122057443785188,2037-04-10T00:00:00.000,52,21
2036-06-04T00:00:00.000,320.0,1221.5242485775423,-23.221688629853116,10.64095657634096,5.323714237835924,-27.052072014024848,-20.108320496990785,-9.239323304001003,2037-04-20T00:00:00.000,52,22
2036-06-04T00:00:00.000,330.0,1146.2546579885536,-23.56412687257496,8.954950766083714,4.557874930651966,-25.50406960228698,-20.22125971876515,-9.321896110582909,2037-04-30T00:00:00.000,52,23
2036-06-04T00:00:00.000,340.0,1073.5410300793812,-23.772430723339372,7.239312440913402,3.774145748320728,-23.980497926224295,-20.264706390476533,-9.371148499384327,2037-05-10T00:00:00.000,52,24
2036-06-04T00:00:00.000,350.0,1003.4384862379337,-23.83773882136352,5.507575095993923,2.978432595255531,-22.48444358966752,-20.242158121470702,-9.388467249043934,2037-05-20T00:00:00.000,52,25
2036-06-04T00:00:00.000,360.0,936.0055057776117,-23.753611493980472,3.7748572838349865,2.177417761438191,-21.018959087602152,-20.157213468438158,-9.375265854317623,2037-05-30T00:00:00.000,52,26
2036-06-04T00:00:00.000,370.0,871.299119920621,-23.516383705624115,2.0574546452586837,1.3783786897818588,-19.58700032580629,-20.013591541414062,-9.332989433773339,2037-06-09T00:00:00.000,52,27
2036-06-04T00:00:00.000,380.0,809.3706565249976,-23.125430848870607,0.3723433975097663,0.5889631214429834,-18.191363958794632,-19.81513806463555,-9.263111643670097,2037-06-19T00:00:00.000,52,28
2036-06-04T00:00:00.000,390.0,750.2620836780643,-22.583300705582133,-1.2633835469584334,-0.18307373456289255,-16.83462704625277,-19.565818883154655,-9.167123175960258,2037-06-29T00:00:00.000,52,29
2036-06-04T00:00:00.000,400.0,694.0030567941171,-21.895698667175964,-2.8330868050875146,-0.9301401959745643,-15.519092652424623,-19.269702897653474,-9.046511497574222,2037-07-09T00:00:00.000,52,30
2036-06-04T00:00:00.000,410.0,640.6087016071173,-21.07134368051861,-4.321151664317036,-1.645084921378034,-14.246743473807129,-18.930936979386058,-8.90273143934853,2037-07-19T00:00:00.000,52,31
2036-06-04T00:00:00.000,420.0,590.0781376511384,-20.121662078850722,-5.713518237172455,-2.3214668343946006,-13.0192051513906,-18.553715978887002,-8.737165344202657,2037-07-29T00:00:00.000,52,32
2036-06-04T00:00:00.000,430.0,542.3937757744909,-19.060350754223712,-6.998114868159881,-2.9537918641130076,-11.83772155483338,-18.142252249845093,-8.551070545125603,2037-08-08T00:00:00.000,52,33
2036-06-04T00:00:00.000,440.0,497.52135830779827,-17.90284706699876,-8.165172726458998,-3.5377096285191296,-10.70314292915701,-17.70075011357745,-8.345509880320222,2037-08-18T00:00:00.000,52,34
2036-06-04T00:00:00.000,450.0,455.41067467586754,-16.665741756593476,-9.207401513687012,-4.070168633194242,-9.615926957917559,-17.233392266633096,-8.121256947062598,2037-08-28T00:00:00.000,52,35
2036-06-04T00:00:00.000,460.0,415.9968613956814,-15.3661801165843,-10.120015952027615,-4.5495365037707955,-8.576152094004403,-16.744347954236318,-7.878660307669527,2037-09-07T00:00:00.000,52,36
2036-06-04T00:00:00.000,470.0,379.20218852810547,-14.021291571834418,-10.900619521540168,-4.9757125100853985,-7.583542020927929,-16.237818314736653,-7.617436269672934,2037-09-17T00:00:00.000,52,37
2036-06-04T00:00:00.000,480.0,344.93826835280026,-12.647661151989626,-11.548941019795281,-5.350280319551602,-6.637500344223355,-15.718146302177477,-7.336329760621423,2037-09-27T00:00:00.000,52,38
2036-06-04T00:00:00.000,490.0,313.1087846792418,-11.260891027312029,-12.066390310238797,-5.676780182165482,-5.73715736527004,-15.190046388478748,-7.032517384353431,2037-10-07T00:00:00.000,52,39
2036-06-04T00:00:00.000,500.0,283.6131748038935,-9.875265353726201,-12.45541947242028,-5.961320676707016,-4.881435682722497,-14.659074481357557,-6.700469821538542,2037-10-17T00:00:00.000,52,40
2036-06-04T00:00:00.000,510.0,256.35288191240977,-8.503470174250625,-12.718505028578958,-6.214001541962254,-4.069160742621435,-14.132632394338344,-6.329574580460902,2037-10-27T00:00:00.000,52,41
2036-06-04T00:00:00.000,520.0,231.24629763359425,-7.156311273477947,-12.856220618481796,-6.452445986122399,-3.29931701692092,-13.622324323971473,-5.898566340051238,2037-11-06T00:00:00.000,52,42
2036-06-04T00:00:00.000,530.0,208.27887797685668,-5.842121986475885,-12.862635787505898,-6.711742438685593,-2.5718856249071145,-13.150342438849286,-5.3602962651566415,2037-11-16T00:00:00.000,52,43
2036-06-04T00:00:00.000,540.0,187.740704695997,-4.56415264451217,-12.710586621833212,-7.079015452511001,-1.8917661646274695,-12.771050489026706,-4.589356695779749,2037-11-26T00:00:00.000,52,44
2036-06-04T00:00:00.000,550.0,172.10793654688214,-3.2998775901657353,-12.280359000086538,-7.870050497187431,-1.2996744967946334,-12.677272058719723,-3.115374118539854,2037-12-06T00:00:00.000,52,45
2036-06-04T00:00:00.000,560.0,223.56362333312612,-1.372380077703582,-10.52885615247664,-11.97851788838293,-1.8137276197176462,-14.44155686433215,3.4227840698560636,2037-12-16T00:00:00.000,52,46
2036-06-04T00:00:00.000,570.0,214.56651637571778,-0.20883961277673535,-15.19492530703316,-0.7965362290105604,-1.3335953273966936,-6.500340031693354,-13.058852145224263,2037-12-26T00:00:00.000,52,47
2036-06-04T00:00:00.000,580.0,133.95435460339235,0.13650927592817652,-13.285036549145687,-3.826228468930663,0.2957207980041119,-8.3079408727781,-8.052640701499305,2038-01-05T00:00:00.000,52,48
2036-06-04T00:00:00.000,590.0,113.2743470390092,1.050451039963363,-12.593966131823027,-4.401731616358058,0.941886248226151,-8.20963209006728,-6.7073942988428215,2038-01-15T00:00:00.000,52,49
2036-06-04T00:00:00.000,600.0,98.9338802870133,1.9575410258614383,-12.04886781072373,-4.554369144211938,1.478472344882988,-7.821887579477619,-5.963729915618517,2038-01-25T00:00:00.000,52,50
2036-06-14T00:00:00.000,100.0,1642.3163813063118,-31.96305121943755,10.48906469444925,5.875302135273138,-7.944975848592556,36.62273281672398,15.426249742125961,2036-09-22T00:00:00.000,53,0
2036-06-14T00:00:00.000,110.0,1335.0860790625482,-28.11504764270888,8.281972888752787,4.769513932022757,-7.873304148590481,32.89457232243386,13.821876593664996,2036-10-02T00:00:00.000,53,1
2036-06-14T00:00:00.000,120.0,1109.1753811803837,-24.810279643852596,6.617177634690089,3.9278990790317865,-7.793264796863319,29.859939767619363,12.522955005129514,2036-10-12T00:00:00.000,53,2
2036-06-14T00:00:00.000,130.0,940.301999884784,-21.94125743438868,5.389633321371143,3.299743318465393,-7.717048458711119,27.372881947200337,11.466232898180733,2036-10-22T00:00:00.000,53,3
2036-06-14T00:00:00.000,140.0,812.8393920599511,-19.434235756700215,4.5256177662231885,2.8496388332628193,-7.654484267112707,25.332137398096407,10.608066624434475,2036-11-01T00:00:00.000,53,4
2036-06-14T00:00:00.000,150.0,716.5035505242488,-17.238780782544058,3.9730564039663747,2.5527945382746893,-7.614851615798408,23.66731918341273,9.918446857451274,2036-11-11T00:00:00.000,53,5
2036-06-14T00:00:00.000,160.0,644.4825063643335,-15.321720416250438,3.695665520717011,2.392220809702996,-7.608389301728703,22.330655030976924,9.37746044967286,2036-11-21T00:00:00.000,53,6
2036-06-14T00:00:00.000,170.0,592.3662640332303,-13.663937534958862,3.66942152369675,2.357066767288014,-7.647918058325654,21.292157995361418,8.973272608526585,2036-12-01T00:00:00.000,53,7
2036-06-14T00:00:00.000,180.0,557.5604856315846,-12.259348756633464,3.880526236064295,2.4417156878787347,-7.75100091859958,20.53709895661756,8.701151466188309,2036-12-11T00:00:00.000,53,8
2036-06-14T00:00:00.000,190.0,539.0357079430767,-11.116035726924837,4.3243393220546995,2.64539821223389,-7.943233577114292,20.065166031965642,8.563285607296589,2036-12-21T00:00:00.000,53,9
2036-06-14T00:00:00.000,200.0,537.3668269649347,-10.260109476123048,5.004750746123266,2.9720968028217074,-8.263634557325684,19.89088805421062,8.569232362514665,2036-12-31T00:00:00.000,53,10
2036-06-14T00:00:00.000,210.0,555.0988121536724,-9.743683685121502,5.933054499283132,3.430330629212232,-8.773793398603797,20.044673695095533,8.736728106644616,2037-01-10T00:00:00.000,53,11
2036-06-14T00:00:00.000,220.0,597.5493343906456,-9.659429041469462,7.123902308054967,4.031709622434151,-9.573465084195867,20.57263435510661,9.092019377641883,2037-01-20T00:00:00.000,53,12
2036-06-14T00:00:00.000,230.0,674.1811597128626,-10.164653387171775,8.581899626805006,4.78515965689264,-10.825957933609125,21.529696691920247,9.667055130002447,2037-01-30T00:00:00.000,53,13
2036-06-14T00:00:00.000,240.0,800.373949746034,-11.513500746123807,10.263246136621767,5.679029327873748,-12.792695136757295,22.951280666714574,10.486163103905742,2037-02-09T00:00:00.000,53,14
2036-06-14T00:00:00.000,250.0,997.8452663000426,-14.070370152669033,11.98327790370047,6.6357625935609,-15.851722520912515,24.773180576975417,11.526390741277405,2037-02-19T00:00:00.000,53,15
2036-06-14T00:00:00.000,260.0,1287.550202565902,-18.200462744953523,13.25840364263894,7.4302162797018365,-20.3989357017695,26.6779372184394,12.638088881234438,2037-03-01T00:00:00.000,53,16
2036-06-14T00:00:00.000,270.0,1707.9013950783228,-22.84545625457863,16.84196867341868,8.091186971802287,-32.463415388540845,-23.329633717586667,-10.476461568326185,2037-03-11T00:00:00.000,53,17
2036-06-14T00:00:00.000,280.0,1617.0540240258451,-23.541105419438217,15.289160016194197,7.39959740600194,-30.72308796037511,-23.653536907739547,-10.6609606489801,2037-03-21T00:00:00.000,53,18
2036-06-14T00:00:00.000,290.0,1528.7188097198991,-24.152719200807404,13.673013442727438,6.675972999256883,-29.006297945075538,-23.88805807216147,-10.803433286805042,2037-03-31T00:00:00.000,53,19
2036-06-14T00:00:00.000,300.0,1442.862269525615,-24.664760168145712,11.998920610008021,5.922358083177414,-27.315385079261787,-24.037443102652823,-10.905656173930373,2037-04-10T00:00:00.000,53,20
2036-06-14T00:00:00.000,310.0,1359.488596975319,-25.062629569148264,10.274714153237118,5.141931939574068,-25.652938852182405,-24.10579174412415,-10.969326761949691,2037-04-20T00:00:00.000,53,21
2036-06-14T00:00:00.000,320.0,1278.630468102823,-25.333074717052714,8.51059760714602,4.33898691596049,-24.021732893558593,-24.097147528035947,-10.996103760215217,2037-04-30T00:00:00.000,53,22
2036-06-14T00:00:00.000,330.0,1200.3409756590916,-25.464625120531494,6.7190007868937585,3.5188721818874678,-22.424656408641503,-24.015569000501568,-10.987638790732662,2037-05-10T00:00:00.000,53,23
2036-06-14T00:00:00.000,340.0,1124.686422714478,-25.448040121552566,4.914339975729595,2.687894484642791,-20.864642623946416,-23.865183086770447,-10.945599441072304,2037-05-20T00:00:00.000,53,24
2036-06-14T00:00:00.000,350.0,1051.739821544205,-25.276731308786207,3.112672332186353,1.8531690665351164,-19.344595074771775,-23.650221065003713,-10.871683701882384,2037-05-30T00:00:00.000,53,25
2036-06-14T00:00:00.000,360.0,981.5750350693514,-24.94712208105182,1.3312493413202553,1.0224216360223517,-17.867313378071444,-23.375037641139837,-10.767625689744063,2037-06-09T00:00:00.000,53,26
2036-06-14T00:00:00.000,370.0,914.2615595337111,-24.45891197440843,-0.41202136060355343,0.2037453518612029,-16.435420681629058,-23.044113899490267,-10.635192576484473,2037-06-19T00:00:00.000,53,27
2036-06-14T00:00:00.000,380.0,849.8599914001,-23.81519751424317,-2.0991824309483853,-0.5946804178127412,-15.051295473643872,-22.6620454192582,-10.476172649429081,2037-06-29T00:00:00.000,53,28
2036-06-14T00:00:00.000,390.0,788.4182914301194,-23.022436103481198,-3.712837882054462,-1.3648783130021798,-13.717011537350244,-22.233517955784208,-10.292354697742441,2037-07-09T00:00:00.000,53,29
2036-06-14T00:00:00.000,400.0,729.9688918247612,-22.09027080537821,-5.236760614029883,-2.099364186687856,-12.434288295369633,-21.763273548131366,-10.08549903978977,2037-07-19T00:00:00.000,53,30
2036-06-14T00:00:00.000,410.0,674.5266591381517,-21.03118471516295,-6.656452191174424,-2.791426819630191,-11.204453205962494,-21.256070321175727,-9.857299934301524,2037-07-29T00:00:00.000,53,31
2036-06-14T00:00:00.000,420.0,622.0877583730814,-19.8600189089268,-7.959597522235876,-3.435367928499768,-10.028418387403718,-20.71664042446531,-9.609338819277538,2037-08-08T00:00:00.000,53,32
2036-06-14T00:00:00.000,430.0,572.6293941954649,-18.593394463758035,-9.136391983888474,-4.0266933455947616,-8.90667215836729,-20.149651008756607,-9.343026783871691,2037-08-18T00:00:00.000,53,33
2036-06-14T00:00:00.000,440.0,526.1103623264053,-17.249078134989944,-10.179722128647917,-4.562250791618997,-7.839285231864963,-19.559673753520993,-9.059532660998089,2037-08-28T00:00:00.000,53,34
2036-06-14T00:00:00.000,450.0,482.4723122466537,-15.845340086790888,-11.085193000677823,-5.04031536547514,-6.825930500369125,-18.951169434566452,-8.75968961283095,2037-09-07T00:00:00.000,53,35
2036-06-14T00:00:00.000,460.0,441.64160380986516,-14.400346442935398,-11.851015095517244,-5.460639381597948,-5.8659147459997385,-18.32849588260825,-8.443866808739958,2037-09-17T00:00:00.000,53,36
2036-06-14T00:00:00.000,470.0,403.53164907281314,-12.931602193620934,-12.477758940811444,-5.824491771724927,-4.9582205348802475,-17.695951668540356,-8.111781108054428,2037-09-27T00:00:00.000,53,37
2036-06-14T00:00:00.000,480.0,368.04573010590804,-11.455494566904802,-12.967968703214037,-6.134714629868796,-4.101558242538317,-17.057877201274916,-7.762201715698934,2037-10-07T00:00:00.000,53,38
2036-06-14T00:00:00.000,490.0,335.0803973242083,-9.986953651130781,-13.325677286012576,-6.395891323313053,-3.294429653411285,-16.418853263725513,-7.3924548079229275,2037-10-17T00:00:00.000,53,39
2036-06-14T00:00:00.000,500.0,304.52992472843664,-8.539194006634817,-13.555782548047224,-6.614762982956922,-2.5352108179206425,-15.78407960536705,-6.997532554305897,2037-10-27T00:00:00.000,53,40
2036-06-14T00:00:00.000,510.0,276.2934143085905,-7.123529820725182,-13.663177582354562,-6.8011865161463945,-1.8222810050215337,-15.16012159604074,-6.568365050801255,2037-11-06T00:00:00.000,53,41
2036-06-14T00:00:00.000,520.0,250.28947465919964,-5.749194765570252,-13.651351286318226,-6.970367172136237,-1.1542811920290816,-14.556493527865873,-6.088152902328135,2037-11-16T00:00:00.000,53,42
2036-06-14T00:00:00.000,530.0,226.49568272804368,-4.422953636943099,-13.519594369254422,-7.148415685018275,-0.5307943627168008,-13.989405238805157,-5.523629344646741,2037-11-26T00:00:00.000,53,43
2036-06-14T00:00:00.000,540.0,205.08600633712737,-3.1476670756167273,-13.255870673279198,-7.388160175986876,0.04530945948419429,-13.492137622685354,-4.800643265285085,2037-12-06T00:00:00.000,53,44
2036-06-14T00:00:00.000,550.0,187.08982981015663,-1.9150392402291203,-12.812543615215267,-7.825654948526077,0.5566724539810615,-13.151447686897908,-3.717441233956902,2037-12-16T00:00:00.000,53,45
2036-06-14T00:00:00.000,560.0,179.83317046074012,-0.644936629278078,-11.979278361819874,-8.985433273780286,0.879130114445438,-13.299589416599273,-1.4768960872369719,2037-12-26T00:00:00.000,53,46
2036-06-14T00:00:00.000,570.0,408.2013533773938,3.162887208920239,-8.658377981433878,-16.37722754120847,-2.798137908582021,-17.117991975691123,10.360797669201167,2038-01-05T00:00:00.000,53,47
2036-06-14T00:00:00.000,580.0,231.70273645669846,2.358478285024294,-15.123041059340736,-0.1456473419869364,0.3883365470726865,-6.064044868256808,-13.956335157149043,2038-01-15T00:00:00.000,53,48
2036-06-14T00:00:00.000,590.0,140.24768606403532,2.450071276846433,-13.128737102263418,-3.192356010740357,2.1165170454773587,-7.740382284174153,-8.709450255617861,2038-01-25T00:00:00.000,53,49
2036-06-14T00:00:00.000,600.0,116.57853448950092,3.206990024621163,-12.23964646272777,-3.8536946753429544,2.6930921919058584,-7.689427130989619,-7.085089931158064,2038-02-04T00:00:00.000,53,50
2036-06-24T00:00:00.000,100.0,1618.3139035321667,-33.29588558082086,7.708259602286603,4.694764511336033,-13.620611295356875,34.88572931908641,14.689409155864578,2036-10-02T00:00:00.000,54,0
2036-06-24T00:00:00.000,110.0,1309.243873440596,-29.241388326657056,5.73819628609127,3.692833189206418,-12.88260301947772,31.171708681697023,13.099885142494724,2036-10-12T00:00:00.000,54,1
2036-06-24T00:00:00.000,120.0,1081.6438688659132,-25.774136974307723,4.269484958840728,2.937610253806678,-12.257916271854885,28.14048406816995,11.81103356811679,2036-10-22T00:00:00.000,54,2
2036-06-24T00:00:00.000,130.0,911.0649577550045,-22.777656686761144,3.2039743571532693,2.381359011237592,-11.731009769575294,25.64539004317929,10.759290732865896,2036-11-01T00:00:00.000,54,3
2036-06-24T00:00:00.000,140.0,781.7314211257901,-20.171569761722353,2.4722581589482004,1.9905247618940454,-11.291944133879394,23.583968385677355,9.90049766357772,2036-11-11T00:00:00.000,54,4
2036-06-24T00:00:00.000,150.0,683.205271334568,-17.900275607316974,2.024670292373262,1.741334824595329,-10.935457283441789,21.884013278691334,9.203858329779377,2036-11-21T00:00:00.000,54,5
2036-06-24T00:00:00.000,160.0,608.4938143198813,-15.92625224183281,1.825774716133438,1.6171306865292179,-10.660695295764175,20.49512334715628,8.648312501037548,2036-12-01T00:00:00.000,54,6
2036-06-24T00:00:00.000,170.0,552.9526940701702,-14.226272139995103,1.8509714856954336,1.6067591035517692,-10.471562933075077,19.383606125485155,8.22039399182744,2036-12-11T00:00:00.000,54,7
2036-06-24T00:00:00.000,180.0,513.6613168596085,-12.789730700374943,2.0844570602858266,1.7036565775402899,-10.37781774086858,18.5295797168749,7.913083552756172,2036-12-21T00:00:00.000,54,8
2036-06-24T00:00:00.000,190.0,489.11302021316465,-11.618868641413808,2.518066738572676,1.9054122371087674,-10.39723683449774,17.925642910283788,7.725400486286821,2036-12-31T00:00:00.000,54,9
2036-06-24T00:00:00.000,200.0,479.1604687716916,-10.73118601942557,3.1506338487222685,2.213656734244112,-10.559514380317154,17.576739425820623,7.662594598461396,2037-01-10T00:00:00.000,54,10
2036-06-24T00:00:00.000,210.0,485.23313940360697,-10.165053358628045,3.9872891644197335,2.6340438967317223,-10.913117824307392,17.500827524074047,7.736797446553936,2037-01-20T00:00:00.000,54,11
2036-06-24T00:00:00.000,220.0,510.92594105435785,-9.990418942252091,5.037297205412134,3.1757032602666304,-11.53728688423368,17.729416216161617,7.967731988423862,2037-01-30T00:00:00.000,54,12
2036-06-24T00:00:00.000,230.0,563.1554662617662,-10.327724079430581,6.3067279158979055,3.848423802190548,-12.562666103914225,18.305059336173333,8.382105303711246,2037-02-09T00:00:00.000,54,13
2036-06-24T00:00:00.000,240.0,654.1150138256555,-11.37802095704884,7.77602025941336,4.652656517746305,-14.204215715914055,19.267142232590455,9.007358098275262,2037-02-19T00:00:00.000,54,14
2036-06-24T00:00:00.000,250.0,803.7508364777419,-13.457322831818223,9.338777321422205,5.550061110888137,-16.80069540602247,20.60347873379791,9.848052315952366,2037-03-01T00:00:00.000,54,15
2036-06-24T00:00:00.000,260.0,1039.6632855472544,-16.978992358577912,10.664112259922465,6.3932745691617905,-20.806550189170416,22.12746602117794,10.822476715355062,2037-03-11T00:00:00.000,54,16
2036-06-24T00:00:00.000,270.0,1383.7552497462564,-22.204000745466043,11.012427083586237,6.823112264982698,-26.556882466832384,23.29251206817231,11.659593686880966,2037-03-21T00:00:00.000,54,17
2036-06-24T00:00:00.000,280.0,1688.9080946472004,-26.183926000356387,13.29972572232878,6.4990527088270404,-27.180743387597566,-28.114551033133473,-12.636744191052731,2037-03-31T00:00:00.000,54,18
2036-06-24T00:00:00.000,290.0,1597.596679143183,-26.62215880522385,11.550960753419275,5.710651320475533,-25.393737592119706,-28.140397671353522,-12.683563739889154,2037-04-10T00:00:00.000,54,19
2036-06-24T00:00:00.000,300.0,1508.7428991038985,-26.943600414967268,9.752636257947886,4.8954882729505425,-23.64655978052398,-28.08121669676936,-12.689695759910313,2037-04-20T00:00:00.000,54,20
2036-06-24T00:00:00.000,310.0,1422.3752705587897,-27.134108231493254,7.915642963725093,4.058160875592131,-21.941621644267975,-27.94169696080017,-12.657096078065912,2037-04-30T00:00:00.000,54,21
2036-06-24T00:00:00.000,320.0,1338.5502555769112,-27.181542858577473,6.0532147784294885,3.204382472280666,-20.281496491854025,-27.72653392992716,-12.587711144621254,2037-05-10T00:00:00.000,54,22
2036-06-24T00:00:00.000,330.0,1257.3434997380411,-27.07622791846925,4.1806595070920896,2.3408706017607512,-18.66882945944508,-27.44048872705611,-12.483504506848357,2037-05-20T00:00:00.000,54,23
2036-06-24T00:00:00.000,340.0,1178.8419699714823,-26.811381992249153,2.3149786437727364,1.475182981685462,-17.106247987999385,-27.088426432473202,-12.346473308481114,2037-05-30T00:00:00.000,54,24
2036-06-24T00:00:00.000,350.0,1103.1368733894888,-26.38348228490632,0.4743817887490387,0.6155025280745123,-15.596274153597589,-26.675334481365287,-12.178654943079582,2037-06-09T00:00:00.000,54,25
2036-06-24T00:00:00.000,360.0,1030.3173239026844,-25.792525275384683,-1.3222934495682424,-0.2296239087847951,-14.141241099303475,-26.206322279285523,-11.98212404660701,2037-06-19T00:00:00.000,54,26
2036-06-24T00:00:00.000,370.0,960.464785054105,-25.042134490175172,-3.0562305146413955,-1.051585242419442,-12.74321634271292,-25.68660369828666,-11.758980089450166,2037-06-29T00:00:00.000,54,27
2036-06-24T00:00:00.000,380.0,893.6484050512393,-24.13950131039032,-4.70928562173728,-1.84201165034235,-11.403935804492608,-25.12146534724096,-11.511326249638763,2037-07-09T00:00:00.000,54,28
2036-06-24T00:00:00.000,390.0,829.9213019572982,-23.09517706495138,-6.264631234314294,-2.5930803413590064,-10.124750870784379,-24.516223900196884,-11.241240475911196,2037-07-19T00:00:00.000,54,29
2036-06-24T00:00:00.000,400.0,769.3178198674804,-21.92268665405694,-7.707344676340211,-3.297805537363688,-8.90659006953097,-23.876176049792875,-10.950739264547844,2037-07-29T00:00:00.000,54,30
2036-06-24T00:00:00.000,410.0,711.8518147182705,-20.6380002516314,-9.02488283142384,-3.9502829005539626,-7.749937318719667,-23.20654579119118,-10.641734760626841,2037-08-08T00:00:00.000,54,31
2036-06-24T00:00:00.000,420.0,657.5159549543743,-19.258906713747546,-10.20741980307761,-4.545877751030699,-6.654827122072408,-22.512433867149362,-10.31598528047274,2037-08-18T00:00:00.000,54,32
2036-06-24T00:00:00.000,430.0,606.2819715592389,-17.80433163671119,-11.248029321606335,-5.081350766984283,-5.620856016238278,-21.79877428605871,-9.975038287115616,2037-08-28T00:00:00.000,54,33
2036-06-24T00:00:00.000,440.0,558.1017505386317,-16.293651628045065,-12.142707068520735,-5.554919820147517,-4.647208669395074,-21.070302896587506,-9.620163094656302,2037-09-07T00:00:00.000,54,34
2036-06-24T00:00:00.000,450.0,512.9091299881792,-14.746050203419717,-12.890249873543599,-5.966270220693811,-3.7326963215088753,-20.331543253757488,-9.252267672314812,2037-09-17T00:00:00.000,54,35
2036-06-24T00:00:00.000,460.0,470.6222521550707,-13.179932817615422,-13.492006144548952,-6.316530023556174,-2.875804970981058,-19.586815943912715,-8.871788946049048,2037-09-27T00:00:00.000,54,36
2036-06-24T00:00:00.000,470.0,431.1463865585522,-11.6124526478014,-13.951499538229973,-6.608220305258614,-2.074751806164418,-18.84028087792176,-8.478538078135015,2037-10-07T00:00:00.000,54,37
2036-06-24T00:00:00.000,480.0,394.37716472720496,-10.059165532622371,-14.273987434784582,-6.84523686334304,-1.327548557264933,-18.09602720514554,-8.071466963690137,2037-10-17T00:00:00.000,54,38
2036-06-24T00:00:00.000,490.0,360.2042874893075,-8.533781528321134,-14.465953021572847,-7.032914454383489,-0.6320725874252453,-17.358237265983043,-7.648292015304501,2037-10-27T00:00:00.000,54,39
2036-06-24T00:00:00.000,500.0,328.51613269424524,-7.0480175938078595,-14.534514508458393,-7.1782594510477615,0.013847140705014027,-16.631478316096743,-7.2048504475903865,2037-11-06T00:00:00.000,54,40
2036-06-24T00:00:00.000,510.0,299.2064495411363,-5.611523613721502,-14.48670400628833,-7.2905329446579925,0.6123092185119567,-15.921235685714542,-6.7339276207865,2037-11-16T00:00:00.000,54,41
2036-06-24T00:00:00.000,520.0,272.18641715472216,-4.231825291485038,-14.328458177521698,-7.3825721106796856,1.1651284352235578,-15.234947872777365,-6.222962011607663,2037-11-26T00:00:00.000,54,42
2036-06-24T00:00:00.000,530.0,247.41185770834846,-2.9141589824836522,-14.062901830047345,-7.473812551579668,1.6733674295925063,-14.584201616428297,-5.649138196689622,2037-12-06T00:00:00.000,54,43
2036-06-24T00:00:00.000,540.0,224.95924896836945,-1.66080507394771,-13.68670113074497,-7.59776046789483,2.136038914922832,-13.98997779728343,-4.9676058573342345,2037-12-16T00:00:00.000,54,44
2036-06-24T00:00:00.000,550.0,205.2929260184502,-0.46831682996957724,-13.180229655866313,-7.823285913079523,2.545555017159632,-13.497443826917227,-4.078245433060358,2037-12-26T00:00:00.000,54,45
2036-06-24T00:00:00.000,560.0,190.55240495537902,0.6864673248061806,-12.47253491115189,-8.331474564100207,2.8658115321410556,-13.229389177577804,-2.7060656322073298,2038-01-05T00:00:00.000,54,46
2036-06-24T00:00:00.000,570.0,195.40233120379705,1.9656894315143347,-11.247371792317121,-9.838484381387536,2.8474358548014003,-13.683152351458638,0.2564799862765554,2038-01-15T00:00:00.000,54,47
2036-06-24T00:00:00.000,580.0,684.6294330299756,8.480103527411085,-6.087717807621209,-19.44065871741836,-5.426461699429012,-20.094088772169727,15.855930842141317,2038-01-25T00:00:00.000,54,48
2036-06-24T00:00:00.000,590.0,257.159027972357,4.820660155833597,-14.690410838142549,0.8192207480181324,1.9052619341839971,-5.406144690068166,-14.976735442831133,2038-02-04T00:00:00.000,54,49
2036-06-24T00:00:00.000,600.0,148.81398821549885,4.593308741868281,-12.613956146288976,-2.4302137000311954,3.8025107243041454,-7.0138312716517195,-9.22827564065201,2038-02-14T00:00:00.000,54,50
2036-07-04T00:00:00.000,100.0,1591.3066005860837,-34.2952460545072,4.808001941373288,3.449567910485821,-18.868981128697524,32.39727884461057,13.626609087204667,2036-10-12T00:00:00.000,55,0
2036-07-04T00:00:00.000,110.0,1281.3700811583117,-30.05064084565844,3.0991164732311027,2.561887816839109,-17.479027769850042,28.80126912087303,12.097130502981624,2036-10-22T00:00:00.000,55,1
2036-07-04T00:00:00.000,120.0,1052.9640335525542,-26.434231508908915,1.8480822523206477,1.9022153812926046,-16.319937312113616,25.86058225372463,10.856056612765922,2036-11-01T00:00:00.000,55,2
2036-07-04T00:00:00.000,130.0,881.5203956895366,-23.321195301102037,0.9644544642637385,1.4261553953623158,-15.349019956634837,23.432316892019415,9.841468748735814,2036-11-11T00:00:00.000,55,3
2036-07-04T00:00:00.000,140.0,751.1576314227017,-20.624991802039737,0.38384257220646845,1.102311835257523,-14.536962514244099,21.416152590073878,9.010147641456019,2036-11-21T00:00:00.000,55,4
2036-07-04T00:00:00.000,150.0,651.3289937818762,-18.28524336719626,0.059646185034413435,0.9082109393469242,-13.86422889224633,19.74070893226684,8.331660210114098,2036-12-01T00:00:00.000,55,5
2036-07-04T00:00:00.000,160.0,574.9143241453208,-16.2604639453253,-0.04204850005519134,0.8278078674447178,-13.319069078988097,18.35521647014118,7.784776897812939,2036-12-11T00:00:00.000,55,6
2036-07-04T00:00:00.000,170.0,517.104011890983,-14.523791202020945,0.054331458753200224,0.8499562812252774,-12.896665477918766,17.224386681741954,7.355306579570404,2036-12-21T00:00:00.000,55,7
2036-07-04T00:00:00.000,180.0,474.747304768271,-13.060800559154465,0.3318429734026438,0.9674992109388931,-12.599263515293245,16.325335930204055,7.034861079400216,2036-12-31T00:00:00.000,55,8
2036-07-04T00:00:00.000,190.0,446.00022830540956,-11.869040053466541,0.7798190746915257,1.1767961106281524,-12.437392240439337,15.645930648623034,6.820290074575076,2037-01-10T00:00:00.000,55,9
2036-07-04T00:00:00.000,200.0,430.2017358290305,-10.959435442394406,1.3931428162478419,1.477561127332288,-12.432584867215521,15.18418474645168,6.713650492402645,2037-01-20T00:00:00.000,55,10
2036-07-04T00:00:00.000,210.0,427.9750774138937,-10.360176716891598,2.1715786374347177,1.8728448225201553,-12.622470940466165,14.948404525537162,6.722611613939997,2037-01-30T00:00:00.000,55,11
2036-07-04T00:00:00.000,220.0,441.624309719459,-10.124482279410476,3.1183392991693437,2.3688242410567044,-13.069897364029735,14.957525195038412,6.861088299459397,2037-02-09T00:00:00.000,55,12
2036-07-04T00:00:00.000,230.0,475.9986127411696,-10.344819778343375,4.235663584504346,2.9734056028255313,-13.879008456599127,15.240015063775468,7.149383040424978,2037-02-19T00:00:00.000,55,13
2036-07-04T00:00:00.000,240.0,540.1370636779014,-11.177314179381376,5.511319618361075,3.690713894265377,-15.222662934465543,15.826367698148955,7.6114178931745515,2037-03-01T00:00:00.000,55,14
2036-07-04T00:00:00.000,250.0,650.0393262532644,-12.877685045946203,6.880064367523458,4.503322528729932,-17.383752955338124,16.720911635187,8.26169313938163,2037-03-11T00:00:00.000,55,15
2036-07-04T00:00:00.000,260.0,831.9027536116637,-15.826870473562117,8.124736961511084,5.322923387944261,-20.790635189135624,17.818805256382326,9.063245626102205,2037-03-21T00:00:00.000,55,16
2036-07-04T00:00:00.000,270.0,1119.735543358881,-20.42891420932185,8.681728854044607,5.885427363107434,-25.930939359294058,18.72684515713756,9.829913415899885,2037-03-31T00:00:00.000,55,17
2036-07-04T00:00:00.000,280.0,1529.1621891040934,-26.605297315503762,7.515545137750201,5.6619423089764656,-32.861276560704795,18.619680670106654,10.129471044838603,2037-04-10T00:00:00.000,55,18
2036-07-04T00:00:00.000,290.0,1664.4074722998225,-28.84682471380217,9.062415182911236,4.578871339289084,-20.95995493154242,-31.920813714531704,-14.357904212304028,2037-04-20T00:00:00.000,55,19
2036-07-04T00:00:00.000,300.0,1572.9176386834386,-28.949688587526367,7.158967801214713,3.7103193294896757,-19.191289301948352,-31.641652037060872,-14.262465073679333,2037-04-30T00:00:00.000,55,20
2036-07-04T00:00:00.000,310.0,1483.9047229652715,-28.905945470716098,5.231951518852025,2.8259857091806238,-17.47910471083315,-31.285035471409252,-14.129125133059969,2037-05-10T00:00:00.000,55,21
2036-07-04T00:00:00.000,320.0,1397.4497528904983,-28.705416085097486,3.2975824408345584,1.933009291659725,-15.825608079777567,-30.856347117440535,-13.960147719984786,2037-05-20T00:00:00.000,55,22
2036-07-04T00:00:00.000,330.0,1313.651162788441,-28.34107284703638,1.3738190666703325,1.0393991576147688,-14.23301150426989,-30.36107067796167,-13.757831718536835,2037-05-30T00:00:00.000,55,23
2036-07-04T00:00:00.000,340.0,1232.616305476576,-27.809404528757362,-0.5201624558485243,0.15380255057780357,-12.70342895864173,-29.80480804824139,-13.52451904419539,2037-06-09T00:00:00.000,55,24
2036-07-04T00:00:00.000,350.0,1154.4538460545004,-27.11067058903833,-2.3645902660939804,-0.7147747633107375,-11.238780218553575,-29.19327545887957,-13.262591497725069,2037-06-19T00:00:00.000,55,25
2036-07-04T00:00:00.000,360.0,1079.2670369718167,-26.24899361110011,-4.139788162593909,-1.5572867696934507,-9.840704734471537,-28.532280279472566,-12.974457574572703,2037-06-29T00:00:00.000,55,26
2036-07-04T00:00:00.000,370.0,1007.1479839246177,-25.232275113410775,-5.826867454654273,-2.364970157163782,-8.510489236640279,-27.827681940168247,-12.662530344069534,2037-07-09T00:00:00.000,55,27
2036-07-04T00:00:00.000,380.0,938.1729684442194,-24.071953360662604,-7.408405615236962,-3.1296649561982752,-7.249011342263383,-27.085340769503937,-12.329197800497973,2037-07-19T00:00:00.000,55,28
2036-07-04T00:00:00.000,390.0,872.3988544992579,-22.782574957354665,-8.86906269027555,-3.8441153930231007,-6.056700568024215,-26.31105871799012,-11.976786792250632,2037-07-29T00:00:00.000,55,29
2036-07-04T00:00:00.000,400.0,809.8606516883739,-21.38121932741495,-10.1960746396381,-4.502219900038963,-4.933518385966515,-25.51051709102004,-11.607521947964546,2037-08-08T00:00:00.000,55,30
2036-07-04T00:00:00.000,410.0,750.5702323487433,-19.886822831587917,-11.379599675817628,-5.0992185457805,-3.8789572957851384,-24.68921632003321,-11.22348075014272,2037-08-18T00:00:00.000,55,31
2036-07-04T00:00:00.000,420.0,694.5161422857396,-18.31944880608408,-12.412899739197877,-5.631810648347866,-2.8920577087120485,-23.852422560994917,-10.826545269242612,2037-08-28T00:00:00.000,55,32
2036-07-04T00:00:00.000,430.0,641.6643946390574,-16.699558217220506,-13.292353848141182,-6.098200224956068,-1.9714404546621473,-23.00512549502971,-10.418350067583305,2037-09-07T00:00:00.000,55,33
2036-07-04T00:00:00.000,440.0,591.9600946346035,-15.047328921149994,-14.017323041022486,-6.498080003292611,-1.1153519597755377,-22.152011193068,-10.000224234616862,2037-09-17T00:00:00.000,55,34
2036-07-04T00:00:00.000,450.0,545.3297158927459,-13.38204285389754,-14.58988530140126,-6.832567674040767,-0.32171877089298917,-21.29745355171501,-9.57312306082726,2037-09-27T00:00:00.000,55,35
2036-07-04T00:00:00.000,460.0,501.6838977175625,-11.721593901898826,-15.01444813074152,-7.10409829763722,0.41179108135066755,-20.44552899582566,-9.13754178670252,2037-10-07T00:00:00.000,55,36
2036-07-04T00:00:00.000,470.0,460.92062130725714,-10.082135466678539,-15.297308510616269,-7.316317072544706,1.0877026082358832,-19.600060039727452,-8.693398114797981,2037-10-17T00:00:00.000,55,37
2036-07-04T00:00:00.000,480.0,422.9286566991671,-8.477835957815563,-15.44617256847147,-7.473998388040352,1.708666108607364,-18.764696336752152,-8.239859720768553,2037-10-27T00:00:00.000,55,38
2036-07-04T00:00:00.000,490.0,387.591343647657,-6.920749349419562,-15.469643883091836,-7.583023683819547,2.2773860820881175,-17.94305042753146,-7.775075410298698,2037-11-06T00:00:00.000,55,39
2036-07-04T00:00:00.000,500.0,354.79099026928566,-5.4207814523797175,-15.376686798821206,-7.6504809845692465,2.796542054355246,-17.138921146745403,-7.295733323878516,2037-11-16T00:00:00.000,55,40
2036-07-04T00:00:00.000,510.0,324.41466786207104,-3.985721754499899,-15.176034278209563,-7.684987474647777,3.268688284615152,-16.356671469360556,-6.796296285735129,2037-11-26T00:00:00.000,55,41
2036-07-04T00:00:00.000,520.0,296.36337632264895,-2.621301690054782,-14.875458861942393,-7.697438425319643,3.696099454430996,-15.601903878847219,-6.267600856852319,2037-12-06T00:00:00.000,55,42
2036-07-04T00:00:00.000,530.0,270.56979730848667,-1.3312010848745004,-14.48070510540887,-7.702640457540156,4.080475646114916,-14.882762990561682,-5.694109375197952,2037-12-16T00:00:00.000,55,43
2036-07-04T00:00:00.000,540.0,247.0399029288602,-0.11680825421366592,-13.99352700341418,-7.722953096588182,4.422253050184938,-14.212703727300626,-5.04803265133706,2037-12-26T00:00:00.000,55,44
2036-07-04T00:00:00.000,550.0,225.97032397158657,1.0237920417357032,-13.407248556539226,-7.79715425581918,4.718658469524453,-13.61715636197118,-4.275235529558522,2038-01-05T00:00:00.000,55,45
2036-07-04T00:00:00.000,560.0,208.15882489589745,2.0999189344277127,-12.69443040283403,-8.00554195202295,4.956895572358935,-13.152534949565165,-3.2555852900964943,2038-01-15T00:00:00.000,55,46
2036-07-04T00:00:00.000,570.0,196.96029067728384,3.1487423876604765,-11.761819236041845,-8.559814756261817,5.081629304894381,-12.976052243319293,-1.6611449255169823,2038-01-25T00:00:00.000,55,47
2036-07-04T00:00:00.000,580.0,214.49699084885447,4.406504431189671,-10.193575190124966,-10.287366312601884,4.725142442377081,-13.744130011176368,1.808012716764539,2038-02-04T00:00:00.000,55,48
2036-07-04T00:00:00.000,590.0,865.4883854187938,12.277421064379874,-3.4279597717968002,-19.963643154615607,-6.191865682205858,-22.539140188213544,17.864387601268966,2038-02-14T00:00:00.000,55,49
2036-07-04T00:00:00.000,600.0,294.1311768947137,7.146112878135872,-13.93495114008929,2.1263253775491027,3.2361393063407995,-4.548772834690189,-16.216264828346088,2038-02-24T00:00:00.000,55,50
2036-07-14T00:00:00.000,100.0,1564.9004344180707,-34.948669644445275,1.8182139351836035,2.152327799862693,-23.64211617804755,29.24366237780832,12.278395162826907,2036-10-22T00:00:00.000,56,0
2036-07-14T00:00:00.000,110.0,1254.7066110412302,-30.53367449253777,0.3937782138036816,1.388926641736746,-21.633255556086652,25.863988803397888,10.85186381521556,2036-11-01T00:00:00.000,56,1
2036-07-14T00:00:00.000,120.0,1026.0535549424922,-26.78460940395903,-0.618942660169278,0.833594482628655,-19.965835142651123,23.09629838966189,9.694327346168548,2036-11-11T00:00:00.000,56,2
2036-07-14T00:00:00.000,130.0,854.2869890605152,-23.568977730513755,-1.3019221947231863,0.4456157631941462,-18.57139709552729,20.805625544711923,8.747350723161077,2036-11-21T00:00:00.000,56,3
2036-07-14T00:00:00.000,140.0,723.4499341843963,-20.79456981959689,-1.7138980299366793,0.19602895804403175,-17.40222304842449,18.89686546273977,7.970008961123735,2036-12-01T00:00:00.000,56,4
2036-07-14T00:00:00.000,150.0,622.9188570799969,-18.396621283425993,-1.8978295927008233,0.06390314146517273,-16.42519780202703,17.301868141270802,7.3332866483154575,2036-12-11T00:00:00.000,56,5
2036-07-14T00:00:00.000,160.0,545.4840196071739,-16.330033170596153,-1.8855387879935943,0.034043920353028057,-15.618195020147814,15.971509370667702,6.816662845005437,2036-12-21T00:00:00.000,56,6
2036-07-14T00:00:00.000,170.0,486.21987630256615,-14.564684496528322,-1.7006719460990407,0.09556044988717183,-14.968103648657166,14.870734323326202,6.406013592763458,2036-12-31T00:00:00.000,56,7
2036-07-14T00:00:00.000,180.0,441.8144086740863,-13.082813948562839,-1.360597565571931,0.24099149391945573,-14.470089768115479,13.975478945144856,6.092363993605343,2037-01-10T00:00:00.000,56,8
2036-07-14T00:00:00.000,190.0,410.18755207051083,-11.878060381838292,-0.8776183677844269,0.46581841829115955,-14.128008640526478,13.270852079055969,5.871235731899713,2037-01-20T00:00:00.000,56,9
2036-07-14T00:00:00.000,200.0,390.31842538079104,-10.956101969481058,-0.2597991156859809,0.7682363405499748,-13.956175342858156,12.75020934764355,5.742452156653295,2037-01-30T00:00:00.000,56,10
2036-07-14T00:00:00.000,210.0,382.2627265360782,-10.337277400719186,0.48830681769917916,1.1490829920491956,-13.983088984241782,12.414840628492128,5.710313578429432,2037-02-09T00:00:00.000,56,11
2036-07-14T00:00:00.000,220.0,387.4024776459814,-10.06219297960015,1.3644557308657683,1.611709838241911,-14.258325420509415,12.273868098609986,5.784012080447312,2037-02-19T00:00:00.000,56,12
2036-07-14T00:00:00.000,230.0,409.05703034351404,-10.202244714457724,2.365611753264966,2.161198798695157,-14.864862666936899,12.343333055380187,5.977877325654859,2037-03-01T00:00:00.000,56,13
2036-07-14T00:00:00.000,240.0,453.7288820153738,-10.878292724421183,3.4791400020017997,2.8011759089925437,-15.940682532585603,12.641460300955154,6.310071621627511,2037-03-11T00:00:00.000,56,14
2036-07-14T00:00:00.000,250.0,533.4616139464366,-12.291139219574001,4.6580385890756615,3.523150369156634,-17.714463853956545,13.17129092274123,6.795327787665441,2037-03-21T00:00:00.000,56,15
2036-07-14T00:00:00.000,260.0,669.737185399711,-14.758655517650245,5.754459663894926,4.274689922477107,-20.552387390028265,13.867037651222374,7.4190177752516036,2037-03-31T00:00:00.000,56,16
2036-07-14T00:00:00.000,270.0,897.0625813415967,-18.70099850830124,6.364104393575881,4.878120685738619,-24.960425047481856,14.457007702814904,8.064408910229414,2037-04-10T00:00:00.000,56,17
2036-07-14T00:00:00.000,280.0,1253.583951732207,-24.34472957671078,5.599198788776521,4.894831298716532,-31.310938214031275,14.246275645492448,8.381690170960239,2037-04-20T00:00:00.000,56,18
2036-07-14T00:00:00.000,290.0,1730.6996536925585,-30.759868074075555,6.231732886210947,3.2911429627195483,-15.854566301573053,-35.08491071367685,-15.76012123350916,2037-04-30T00:00:00.000,56,19
2036-07-14T00:00:00.000,300.0,1636.7335861302738,-30.61817049919695,4.247523296062532,2.3797854448825833,-14.10202393318007,-34.57967244901244,-15.559973021740758,2037-05-10T00:00:00.000,56,20
2036-07-14T00:00:00.000,310.0,1545.2335371373704,-30.316287320876647,2.258512117488552,1.4607971001451503,-12.420205383722097,-34.002226401138756,-15.323858362998319,2037-05-20T00:00:00.000,56,21
2036-07-14T00:00:00.000,320.0,1456.3053606414423,-29.8468843516309,0.2836351770661665,0.5426486572938254,-10.810755557245955,-33.358640384984035,-15.054369352059565,2037-05-30T00:00:00.000,56,22
2036-07-14T00:00:00.000,330.0,1370.0699813368099,-29.20641400140362,-1.6569504753835531,-0.36554094815664495,-9.275240425658424,-32.655094243027335,-14.754142345864924,2037-06-09T00:00:00.000,56,23
2036-07-14T00:00:00.000,340.0,1286.654325926079,-28.39536000653836,-3.5425299181201915,-1.2543026161263509,-7.815036478924981,-31.89787228596827,-14.425854372868464,2037-06-19T00:00:00.000,56,24
2036-07-14T00:00:00.000,350.0,1206.1832670275123,-27.418311796175065,-5.3525633957231165,-2.114153934405606,-6.431233875309804,-31.093334302130252,-14.072208776327553,2037-06-29T00:00:00.000,56,25
2036-07-14T00:00:00.000,360.0,1128.772668973027,-26.28385305665175,-7.067417441712507,-2.9359396063975964,-5.124556846553631,-30.24786920664573,-13.695911600076878,2037-07-09T00:00:00.000,56,26
2036-07-14T00:00:00.000,370.0,1054.5236016909053,-25.004283460122355,-8.669077641719863,-3.711167082223726,-3.8953034494589716,-29.36783570691079,-13.29964054474534,2037-07-19T00:00:00.000,56,27
2036-07-14T00:00:00.000,380.0,983.5177524946816,-23.595146848013925,-10.141791575321662,-4.432318611158508,-2.7433057806156,-28.45949441521133,-12.886008052119081,2037-07-29T00:00:00.000,56,28
2036-07-14T00:00:00.000,390.0,915.8141214586467,-22.074607498498544,-11.472579329160755,-5.093107539405847,-1.6679118653094918,-27.528937028352047,-12.457520522047478,2037-08-08T00:00:00.000,56,29
2036-07-14T00:00:00.000,400.0,851.4470118597036,-20.462724317273235,-12.65158679208125,-5.688666300360354,-0.6679887032011926,-26.58201793593075,-12.01653549930075,2037-08-18T00:00:00.000,56,30
2036-07-14T00:00:00.000,410.0,790.4252643093087,-18.7806725240398,-13.672264102980197,-6.215658361807316,0.25805530835985735,-25.624293154025636,-11.565218204759084,2037-08-28T00:00:00.000,56,31
2036-07-14T00:00:00.000,420.0,732.7326254616103,-17.04997059262062,-14.531367300703675,-6.672311499848591,1.1122313859863056,-24.660970764117643,-11.105498087747893,2037-09-07T00:00:00.000,56,32
2036-07-14T00:00:00.000,430.0,678.3290910321385,-15.291762917208857,-15.228805155547256,-7.058382824714246,1.8969183941860024,-23.696876106530624,-10.639025069510616,2037-09-17T00:00:00.000,56,33
2036-07-14T00:00:00.000,440.0,627.1530230902457,-13.526179207882352,-15.7673526514283,-7.375068525754434,2.614801860237556,-22.73643399588851,-10.167123657778,2037-09-27T00:00:00.000,56,34
2036-07-14T00:00:00.000,450.0,579.1238807718706,-11.771824258858851,-16.152242610693285,-7.624860512017494,3.2688072353612725,-21.78367055799508,-9.690741821483984,2037-10-07T00:00:00.000,56,35
2036-07-14T00:00:00.000,460.0,534.1453761989231,-10.045417244729725,-16.390709763211305,-7.811390279739814,3.862030917267397,-20.8422366474024,-9.21038896717561,2037-10-17T00:00:00.000,56,36
2036-07-14T00:00:00.000,470.0,492.1088652859493,-8.36154847987068,-16.49150559928991,-7.939277997253558,4.397671970300081,-19.915454954494816,-8.72605297274055,2037-10-27T00:00:00.000,56,37
2036-07-14T00:00:00.000,480.0,452.896897939764,-6.732560723870414,-16.46440202461207,-8.01400357724376,4.878965609744185,-19.00639616596633,-8.237080629752144,2037-11-06T00:00:00.000,56,38
2036-07-14T00:00:00.000,490.0,416.38693686190504,-5.168536874316938,-16.319705926577562,-8.04183092828254,5.309118039866519,-18.117994177948823,-7.741995186544709,2037-11-16T00:00:00.000,56,39
2036-07-14T00:00:00.000,500.0,382.4554125306638,-3.6773686968500527,-16.067785240917196,-8.029820721657991,5.691239612366019,-17.253219799565635,-7.238204939981743,2037-11-26T00:00:00.000,56,40
2036-07-14T00:00:00.000,510.0,350.9825863438514,-2.2648819887584217,-15.718592906793315,-7.985989194365558,6.02826843079599,-16.415351299887952,-6.721518263858751,2037-12-06T00:00:00.000,56,41
2036-07-14T00:00:00.000,520.0,321.85934273766514,-0.9349825232427271,-15.281149788564637,-7.9197232873384085,6.322866330794355,-15.60841966999415,-6.185300276131463,2037-12-16T00:00:00.000,56,42
2036-07-14T00:00:00.000,530.0,294.99859932127544,0.31023825163073226,-14.762863939305012,-7.842660539329178,6.577244482593663,-14.837995324362607,-5.61892775284218,2037-12-26T00:00:00.000,56,43
2036-07-14T00:00:00.000,540.0,270.35833236032937,1.470485440475315,-14.168425698099792,-7.770506841000044,6.792808611861851,-14.112702365655457,-5.00476927154167,2038-01-05T00:00:00.000,56,44
2036-07-14T00:00:00.000,550.0,247.99626098296469,2.5475496017712764,-13.497682367024971,-7.727014430735322,6.969309056010545,-13.44744081235164,-4.3117662115510775,2038-01-15T00:00:00.000,56,45
2036-07-14T00:00:00.000,560.0,228.22308149002282,3.546583633755084,-12.74065091952891,-7.753510199540541,7.102443834054071,-12.87115991626334,-3.4801746341392157,2038-01-25T00:00:00.000,56,46
2036-07-14T00:00:00.000,570.0,212.12918804423407,4.481052374249892,-11.863362979016806,-7.9353903514199375,7.175586658378492,-12.44907535375909,-2.3792156246886496,2038-02-04T00:00:00.000,56,47
2036-07-14T00:00:00.000,580.0,204.0255601069864,5.3965124928621435,-10.755883877809604,-8.494714397820772,7.1213477566344,-12.364366462779875,-0.65909651049666,2038-02-14T00:00:00.000,56,48
2036-07-14T00:00:00.000,590.0,230.61881642734102,6.5594868387980245,-8.937187837400135,-10.263805642094587,6.518890535992888,-13.382278341018184,3.006245001758667,2038-02-24T00:00:00.000,56,49
2036-07-14T00:00:00.000,600.0,871.5889144027905,13.708963060804422,-1.3717673345818637,-18.817982040739956,-3.8010346374508295,-23.430626958619044,17.55410978699074,2038-03-06T00:00:00.000,56,50
2036-07-24T00:00:00.000,100.0,1534.328614979843,-35.24325444700612,-1.2301663268697212,0.8156574840733182,-27.809087560590065,25.444006749186155,10.657663185457082,2036-11-01T00:00:00.000,57,0
2036-07-24T00:00:00.000,110.0,1224.9626508706504,-30.68118738275996,-2.347825995691725,0.18616356853677019,-25.230792148552137,22.37188763672715,9.373815765037477,2036-11-11T00:00:00.000,57,1
2036-07-24T00:00:00.000,120.0,996.990718752294,-26.819336764048458,-3.102619651093253,-0.256438907645828,-23.09508017261558,19.853731385743824,8.332907093894857,2036-11-21T00:00:00.000,57,2
2036-07-24T00:00:00.000,130.0,825.7241257473045,-23.518263760012914,-3.5673200901056106,-0.5488701354443819,-21.30978747726637,17.766306490260504,7.48167341676803,2036-12-01T00:00:00.000,57,3
2036-07-24T00:00:00.000,140.0,695.1719203186814,-20.680622987111263,-3.794423796299238,-0.7174070287189087,-19.810246589566727,16.02250816904371,6.782719392114699,2036-12-11T00:00:00.000,57,4
2036-07-24T00:00:00.000,150.0,594.6705757421956,-18.237674485266503,-3.8227374408616175,-0.7812243602107394,-18.55081910061343,14.559569175045407,6.209398672623549,2036-12-21T00:00:00.000,57,5
2036-07-24T00:00:00.000,160.0,516.9575545054522,-16.1410476124311,-3.6815124744516368,-0.754470565400652,-17.49979431167067,13.331782036123748,5.742677188904081,2036-12-31T00:00:00.000,57,6
2036-07-24T00:00:00.000,170.0,457.03304590559327,-14.357675281179148,-3.3931056420520456,-0.647575925972804,-16.63639830617086,12.305899477433908,5.369183863057816,2037-01-10T00:00:00.000,57,7
2036-07-24T00:00:00.000,180.0,411.4766139417099,-12.866849869455251,-2.974724047849957,-0.468067520703614,-15.949282463722056,11.4582038715346,5.080016424428911,2037-01-20T00:00:00.000,57,8
2036-07-24T00:00:00.000,190.0,378.0453019150161,-11.658848053394532,-2.439621152616777,-0.22106693949303047,-15.436238989968011,10.772665604007564,4.870061965092421,2037-01-30T00:00:00.000,57,9
2036-07-24T00:00:00.000,200.0,355.4668274240125,-10.734972355859773,-1.79796383172748,0.09043829835787331,-15.10519158615164,10.239835792334436,4.737697490943549,2037-02-09T00:00:00.000,57,10
2036-07-24T00:00:00.000,210.0,343.3977486598685,-10.109239463425185,-1.057626217704497,0.4654595975829854,-14.976841104532962,9.856204866289659,4.684784394523237,2037-02-19T00:00:00.000,57,11
2036-07-24T00:00:00.000,220.0,342.5670721449781,-9.81239235115502,-0.22534649889258018,0.9048546486711404,-15.089832004618511,9.623686179653856,4.716853456798122,2037-03-01T00:00:00.000,57,12
2036-07-24T00:00:00.000,230.0,355.1941300339197,-9.899623664494449,0.6907709546413086,1.4107726090759738,-15.510118981479632,9.548487714070195,4.84321397302612,2037-03-11T00:00:00.000,57,13
2036-07-24T00:00:00.000,240.0,385.88867560151493,-10.464502276986885,1.6748972496980477,1.9846083279698532,-16.347548665865617,9.637382012064517,5.076139888951597,2037-03-21T00:00:00.000,57,14
2036-07-24T00:00:00.000,250.0,443.4553855943278,-11.662691351831297,2.686609976581388,2.620313585228312,-17.78429021134298,9.885746070219067,5.426456662335595,2037-03-31T00:00:00.000,57,15
2036-07-24T00:00:00.000,260.0,544.3010159349539,-13.746514671170491,3.6162232585362455,3.2841955275329613,-20.11822270999292,10.241859131576891,5.887482692544746,2037-04-10T00:00:00.000,57,16
2036-07-24T00:00:00.000,270.0,717.7134182317955,-17.086046438773682,4.173125380535884,3.8590165788803397,-23.80044223196741,10.510439393802752,6.386159373502738,2037-04-20T00:00:00.000,57,17
2036-07-24T00:00:00.000,280.0,1007.7816559977254,-22.037459743805382,3.6663189565431367,4.020746410063541,-29.330194983288386,10.151541785746328,6.668396929716798,2037-04-30T00:00:00.000,57,18
2036-07-24T00:00:00.000,290.0,1446.700917632406,-28.297438643540794,0.895465373379766,3.1349124411301448,-36.63000538947415,8.161593029787127,6.191285974305408,2037-05-10T00:00:00.000,57,19
2036-07-24T00:00:00.000,300.0,1703.8949265186627,-31.890834967332133,1.0566585062561042,0.9212026412538705,-8.448227211352457,-36.854428581159326,-16.561203985829454,2037-05-20T00:00:00.000,57,20
2036-07-24T00:00:00.000,310.0,1610.0936002804146,-31.31123276854734,-0.9615040342801073,-0.017811588699222725,-6.835530821129456,-36.058126674619785,-16.222842518833655,2037-05-30T00:00:00.000,57,21
2036-07-24T00:00:00.000,320.0,1518.8643173424575,-30.557373215164727,-2.9411146882856976,-0.9450198416404811,-5.308148165347994,-35.204008981267705,-15.854514563492408,2037-06-09T00:00:00.000,57,22
2036-07-24T00:00:00.000,330.0,1430.3503392051398,-29.629920260066527,-4.8604980704637715,-1.8504826238484604,-3.8667771013771564,-34.29886931202829,-15.459170028491485,2037-06-19T00:00:00.000,57,23
2036-07-24T00:00:00.000,340.0,1344.6975565510563,-28.53389378230737,-6.698239891446985,-2.7242777733155563,-2.5118345170584817,-33.349560351819434,-15.039782852499009,2037-06-29T00:00:00.000,57,24
2036-07-24T00:00:00.000,350.0,1262.0461524069556,-27.27852824625167,-8.433956218399178,-3.556858196964673,-1.243368377334562,-32.362939979253255,-14.59932544278849,2037-07-09T00:00:00.000,57,25
2036-07-24T00:00:00.000,360.0,1182.5235527391096,-25.876956260803084,-10.049039052365561,-4.339402377688055,-0.060992903204482474,-31.345803971244287,-14.140735695189065,2037-07-19T00:00:00.000,57,26
2036-07-24T00:00:00.000,370.0,1106.2386898921327,-24.345691788123595,-11.527324372454693,-5.064137637307833,1.0361524178298929,-30.30481000681266,-13.666878521086858,2037-07-29T00:00:00.000,57,27
2036-07-24T00:00:00.000,380.0,1033.2776749616564,-22.703957108627602,-12.855618284906198,-5.72460297394915,2.04941932486334,-29.246399109430754,-13.18050433497979,2037-08-08T00:00:00.000,57,28
2036-07-24T00:00:00.000,390.0,963.7009058842326,-20.97290641189569,-14.024055639826022,-6.31583826370409,2.9806438824840384,-28.17672027292056,-12.684206817599229,2037-08-18T00:00:00.000,57,29
2036-07-24T00:00:00.000,400.0,897.541572312695,-19.17479880395783,-15.026273685604624,-6.834491824045816,3.8321186065159267,-27.101563369152796,-12.180381859616915,2037-08-28T00:00:00.000,57,30
2036-07-24T00:00:00.000,410.0,834.8054546556896,-17.33218146728321,-15.859400019735832,-7.278843780967836,4.606547092069334,-26.026304498754264,-11.671189000370124,2037-09-07T00:00:00.000,57,31
2036-07-24T00:00:00.000,420.0,775.4718552889875,-15.467135830683198,-16.523878862765986,-7.6487559321343515,5.306985369335891,-24.95586674770795,-11.158515871265624,2037-09-17T00:00:00.000,57,32
2036-07-24T00:00:00.000,430.0,719.4954485461548,-13.600609310834018,-17.023159796991976,-7.945561310268052,5.936774530393166,-23.89469796830332,-10.643945026398388,2037-09-27T00:00:00.000,57,33
2036-07-24T00:00:00.000,440.0,666.8088683448868,-11.751887005716759,-17.363263557511623,-8.171895535020155,6.499468523432821,-22.84676715026961,-10.128721935128548,2037-10-07T00:00:00.000,57,34
2036-07-24T00:00:00.000,450.0,617.3258164290837,-9.938222406695742,-17.55230240409044,-8.331509375410192,6.998761149183881,-21.81557969325649,-9.613721519418648,2037-10-17T00:00:00.000,57,35
2036-07-24T00:00:00.000,460.0,570.9444515758693,-8.174594346126243,-17.599976938801696,-8.429078133819534,7.438415706136819,-20.804210930051163,-9.099408273976174,2037-10-27T00:00:00.000,57,36
2036-07-24T00:00:00.000,470.0,527.5509173244814,-6.473596350775669,-17.517071599519703,-8.470019690480282,7.822199180573914,-19.815358803972984,-8.585783177655987,2037-11-06T00:00:00.000,57,37
2036-07-24T00:00:00.000,480.0,487.022911307315,-4.845439497310558,-17.314976702709487,-8.460342819263944,8.153821947936176,-18.85141797075069,-8.072306946637205,2037-11-16T00:00:00.000,57,38
2036-07-24T00:00:00.000,490.0,449.2332720145832,-3.2980435142713276,-17.005247030815724,-8.406542742195894,8.43688267277695,-17.914580601551602,-7.557783051324658,2037-11-26T00:00:00.000,57,39
2036-07-24T00:00:00.000,500.0,414.05366902453255,-1.8371937165256895,-16.599200866042562,-8.315565415318988,8.674816386558522,-17.0069747960746,-7.040173149128621,2037-12-06T00:00:00.000,57,40
2036-07-24T00:00:00.000,510.0,381.3586610037733,-0.4667352893174872,-16.107556376390413,-8.194876923427238,8.870841100640686,-16.130861925072924,-6.516297470587869,2037-12-16T00:00:00.000,57,41
2036-07-24T00:00:00.000,520.0,351.03072476113505,0.8112363649799832,-15.54006212195826,-8.052685061770003,9.02789330488984,-15.288934594985623,-5.981333144618517,2037-12-26T00:00:00.000,57,42
2036-07-24T00:00:00.000,530.0,322.9676634238638,1.9961819286349005,-14.905052482041098,-7.898405634404275,9.148531683346686,-14.484801151346801,-5.427943171092348,2038-01-05T00:00:00.000,57,43
2036-07-24T00:00:00.000,540.0,297.0956003656943,3.088972858549358,-14.208841277408595,-7.743605289648077,9.234762772813543,-13.723838243966513,-4.844689953856027,2038-01-15T00:00:00.000,57,44
2036-07-24T00:00:00.000,550.0,273.395598734822,4.091892250758519,-13.454660498853737,-7.603885141400262,9.28767265090271,-13.014826536858711,-4.212959254487768,2038-01-25T00:00:00.000,57,45
2036-07-24T00:00:00.000,560.0,251.96666321985063,5.008970006956403,-12.640473075361852,-7.502875564991706,9.306537885596189,-12.373421484693433,-3.5004937603058828,2038-02-04T00:00:00.000,57,46
2036-07-24T00:00:00.000,570.0,233.19940112402708,5.847307581419063,-11.753748845513416,-7.481607327585536,9.286347842694372,-11.830488917794806,-2.646257136872184,2038-02-14T00:00:00.000,57,47
2036-07-24T00:00:00.000,580.0,218.35662848513806,6.6220011740765035,-10.756639426602312,-7.623942517829289,9.209469429941269,-11.455735192562202,-1.5193526588673185,2038-02-24T00:00:00.000,57,48
2036-07-24T00:00:00.000,590.0,212.1497185182032,7.378729756524741,-9.532246735092546,-8.142234470784441,9.008508403399372,-11.44326653934994,0.21942145173192618,2038-03-06T00:00:00.000,57,49
2036-07-24T00:00:00.000,600.0,241.37609465933204,8.359285426172349,-7.590088636798502,-9.785183531196129,8.296706746172088,-12.580676431907634,3.7772122448968117,2038-03-16T00:00:00.000,57,50
2036-08-03T00:00:00.000,100.0,1501.039423397,-35.16543554700141,-4.301388410745986,-0.5457293721220751,-31.231900171911654,21.158623182124693,8.827258922542182,2036-11-11T00:00:00.000,58,0
2036-08-03T00:00:00.000,110.0,1193.382470542398,-30.4836532713376,-5.091104392671692,-1.0321378762457716,-28.149625221206,18.475823171980608,7.721724455440358,2036-11-21T00:00:00.000,58,1
2036-08-03T00:00:00.000,120.0,966.8351432157126,-26.532612651755983,-5.569563534298446,-1.3540569051314222,-25.599241584911724,16.275897165444384,6.827089054122433,2036-12-01T00:00:00.000,58,2
2036-08-03T00:00:00.000,130.0,796.7199988519507,-23.166743780969355,-5.79963622715767,-1.5439166325304798,-23.467579281745387,14.450681152740401,6.096764365528551,2036-12-11T00:00:00.000,58,3
2036-08-03T00:00:00.000,140.0,667.0476069633834,-20.284157914927555,-5.827027812680784,-1.6250816757825879,-21.674934173501292,12.923506875661602,5.497981954544465,2036-12-21T00:00:00.000,58,4
2036-08-03T00:00:00.000,150.0,567.1447906178197,-17.812585543756377,-5.685938644463601,-1.6147859869815697,-20.16453790995834,11.63886200904063,5.007303928281501,2036-12-31T00:00:00.000,58,5
2036-08-03T00:00:00.000,160.0,489.7253712862597,-15.700725860990651,-5.4026269049555555,-1.5259621964089014,-18.89614341988448,10.555981305265316,4.607862175055289,2037-01-10T00:00:00.000,58,6
2036-08-03T00:00:00.000,170.0,429.7470940437655,-13.9128885969021,-4.997724527556921,-1.3684029913538636,-17.842140118028958,9.644759363519427,4.287627184374997,2037-01-20T00:00:00.000,58,7
2036-08-03T00:00:00.000,180.0,383.7201083203654,-12.42575149067843,-4.4878150989084435,-1.1495153825817654,-16.98536792217375,8.883092400028183,4.038323201691262,2037-01-30T00:00:00.000,58,8
2036-08-03T00:00:00.000,190.0,349.29138933179104,-11.226634683194769,-3.886545948123856,-0.8747996781308283,-16.31823933257747,8.255130189676372,3.8547736597634925,2037-02-09T00:00:00.000,58,9
2036-08-03T00:00:00.000,200.0,325.0144909050596,-10.313083053266325,-3.2054898915418004,-0.5481440652046836,-15.8430875429545,7.750109747578627,3.7345504296804277,2037-02-19T00:00:00.000,58,10
2036-08-03T00:00:00.000,210.0,310.2664013580032,-9.69384285845879,-2.4549809929851247,-0.17201609959014852,-15.573952288777077,7.361514335458459,3.6778415074249766,2037-03-01T00:00:00.000,58,11
2036-08-03T00:00:00.000,220.0,305.3162270853968,-9.391675712850198,-1.6452709751263825,0.25232878387108915,-15.54040117761265,7.08624898412085,3.687442699120683,2037-03-11T00:00:00.000,58,12
2036-08-03T00:00:00.000,230.0,311.6034913885186,-9.448987260179326,-0.7887405075657634,0.7243497230026337,-15.794598795072954,6.923240538125079,3.7686709517361843,2037-03-21T00:00:00.000,58,13
2036-08-03T00:00:00.000,240.0,332.374385995083,-9.93806092393338,0.09506634375876999,1.2427042601188028,-16.423859002897323,6.870018433547699,3.9286242083897926,2037-03-31T00:00:00.000,58,14
2036-08-03T00:00:00.000,250.0,373.9994930689074,-10.978745881325686,0.9671406792735455,1.8007070261245306,-17.572397439149263,6.913452398591815,4.173070481299452,2037-04-10T00:00:00.000,58,15
2036-08-03T00:00:00.000,260.0,448.611596406739,-12.766186915837702,1.737910033445507,2.3730969155374693,-19.47658769213175,7.004369089566751,4.495880551634218,2037-04-20T00:00:00.000,58,16
2036-08-03T00:00:00.000,270.0,578.9796352114154,-15.5998107936618,2.1893951882198532,2.8789992395508177,-22.50835476328082,6.990116047110316,4.846842137891406,2037-04-30T00:00:00.000,58,17
2036-08-03T00:00:00.000,280.0,804.7756086768612,-19.84085001657332,1.8023467949844711,3.089932492704702,-27.158743391915433,6.457840283638166,5.047233392658913,2037-05-10T00:00:00.000,58,18
2036-08-03T00:00:00.000,290.0,1176.456123169047,-25.520827887112638,-0.4627478673269909,2.4842630153613454,-33.680242817678156,4.525663751765233,4.649272471822237,2037-05-20T00:00:00.000,58,19
2036-08-03T00:00:00.000,300.0,1769.4502779556278,-32.71218428156449,-2.3643069486435255,-0.6434357445684871,-2.308064259799341,-38.31469883890182,-17.207759011925997,2037-05-30T00:00:00.000,58,20
2036-08-03T00:00:00.000,310.0,1673.7520504597805,-31.84107872715697,-4.3744910565422455,-1.5857838567809104,-0.8031547408769626,-37.30763618659263,-16.77042858995653,2037-06-09T00:00:00.000,58,21
2036-08-03T00:00:00.000,320.0,1580.6131207011235,-30.793898414929426,-6.319534987991091,-2.5042016652498047,0.6048109541937876,-36.25338141066686,-16.307656505565873,2037-06-19T00:00:00.000,58,22
2036-08-03T00:00:00.000,330.0,1490.197510315686,-29.576051258684117,-8.177131380656752,-3.3883210508540023,1.9162136290742566,-35.15919927432374,-15.822652812718516,2037-06-29T00:00:00.000,58,23
2036-08-03T00:00:00.000,340.0,1402.6681911593307,-28.197385786542135,-9.926133946874614,-4.228200962658691,3.1317933327211804,-34.032336614016224,-15.318620246965603,2037-07-09T00:00:00.000,58,24
2036-08-03T00:00:00.000,350.0,1318.1786272888592,-26.671834158348283,-11.547334237229506,-5.014692411947133,4.2527198651862115,-32.87994709515197,-14.798718865399035,2037-07-19T00:00:00.000,58,25
2036-08-03T00:00:00.000,360.0,1236.8657498504788,-25.016848678300317,-13.024153100948645,-5.7397726459219935,5.280635722024069,-31.709007431629107,-14.266025512477263,2037-07-29T00:00:00.000,58,26
2036-08-03T00:00:00.000,370.0,1158.8444643504288,-23.25267831328936,-14.343180776402761,-6.396814393095035,6.2176714945624205,-30.52623170965847,-13.723490924118995,2037-08-08T00:00:00.000,58,27
2036-08-03T00:00:00.000,380.0,1084.2037304148055,-21.40154103423464,-15.494539164893194,-6.980776414816823,7.066435517775606,-29.337989940495266,-13.173897135598239,2037-08-18T00:00:00.000,58,28
2036-08-03T00:00:00.000,390.0,1013.0041889759538,-19.48674789358397,-16.472049069495142,-7.488307227572092,7.82998090173238,-28.1502361584116,-12.61981744242427,2037-08-28T00:00:00.000,58,29
2036-08-03T00:00:00.000,400.0,945.2772445947633,-17.53184244792712,-17.273202836132665,-7.917759694421571,8.511754128169766,-26.968450263648506,-12.063580589255622,2037-09-07T00:00:00.000,58,30
2036-08-03T00:00:00.000,410.0,881.025444679578,-15.559810656039915,-17.898968375870417,-8.269127713263353,9.115530089472198,-25.79759641541152,-11.507240114599666,2037-09-17T00:00:00.000,58,31
2036-08-03T00:00:00.000,420.0,820.2239352071193,-13.59238525642868,-18.353451193884045,-8.54391885790579,9.645338672962563,-24.642099190022755,-10.952548771863647,2037-09-27T00:00:00.000,58,32
2036-08-03T00:00:00.000,430.0,762.8227986820725,-11.649499618712406,-18.64343178137407,-8.744965644418507,10.105387353415178,-23.50583846776151,-10.400937604226472,2037-10-07T00:00:00.000,58,33
2036-08-03T00:00:00.000,440.0,708.7500387533496,-9.748909912935622,-18.77785857254079,-8.876215064376321,10.499984229675459,-22.392162495931345,-9.85349829683458,2037-10-17T00:00:00.000,58,34
2036-08-03T00:00:00.000,450.0,657.9149372609585,-7.905951908758064,-18.76732090592342,-8.942511580434743,10.833465215354064,-21.30391711392963,-9.310965808738015,2037-10-27T00:00:00.000,58,35
2036-08-03T00:00:00.000,460.0,610.2116003531668,-6.133437353997355,-18.623526754712625,-8.949384014915728,11.110127645431316,-20.243490101213617,-8.77369777103451,2037-11-06T00:00:00.000,58,36
2036-08-03T00:00:00.000,470.0,565.5225432911408,-4.441669699913458,-18.358815770998536,-8.902854897411665,11.334171719018105,-19.212869917128387,-8.241645726579975,2037-11-16T00:00:00.000,58,37
2036-08-03T00:00:00.000,480.0,523.7222112653743,-2.83855279167377,-17.985721067310745,-8.80928348554654,11.509650235379905,-18.213719170038416,-7.714311162998851,2037-11-26T00:00:00.000,58,38
2036-08-03T00:00:00.000,490.0,484.68039406425004,-1.3297695731026273,-17.51658897902299,-8.67525341307951,11.640426100783184,-17.247465147308894,-7.1906759243356655,2037-12-06T00:00:00.000,58,39
2036-08-03T00:00:00.000,500.0,448.2655647709165,0.08099699553803319,-16.96326326902674,-8.507521792852486,11.730136041149567,-16.31541301539483,-6.66909074493108,2037-12-16T00:00:00.000,58,40
2036-08-03T00:00:00.000,510.0,414.3482708464416,1.3918389575085612,-16.33680921859626,-8.3130392561427,11.78215748828259,-15.41889292349675,-6.147094987186221,2037-12-26T00:00:00.000,58,41
2036-08-03T00:00:00.000,520.0,382.8049437428289,2.6023784690285616,-15.64724739817418,-8.099057520802551,11.799573211791557,-14.559464325766406,-5.621122157464234,2038-01-05T00:00:00.000,58,42
2036-08-03T00:00:00.000,530.0,353.5228349364024,3.7135327800502367,-14.903296743255567,-7.873392668617663,11.785124141129383,-13.739221352886288,-5.086008310154952,2038-01-15T00:00:00.000,58,43
2036-08-03T00:00:00.000,540.0,326.40753081255616,4.727328183351236,-14.112040752715142,-7.644927327921266,11.74113100857878,-12.961285466784663,-4.534142973094552,2038-01-25T00:00:00.000,58,44
2036-08-03T00:00:00.000,550.0,301.39640841683376,5.646777838162063,-13.278392965977316,-7.424546159391187,11.669342008948146,-12.230668776235905,-3.9539356065874296,2038-02-04T00:00:00.000,58,45
2036-08-03T00:00:00.000,560.0,278.486312949067,6.475889864277104,-12.404097316757785,-7.226945219599611,11.570601864985864,-11.555923922015008,-3.3268765741538875,2038-02-14T00:00:00.000,58,46
2036-08-03T00:00:00.000,570.0,257.7982698954701,7.219976472640051,-11.48560903449404,-7.074379242449216,11.44405408584247,-10.952620553588062,-2.6214497868360374,2038-02-24T00:00:00.000,58,47
2036-08-03T00:00:00.000,580.0,239.75170720886535,7.886809385842746,-10.509016110396203,-7.0052474097660635,11.284959021618423,-10.451602110302426,-1.7791628416702583,2038-03-06T00:00:00.000,58,48
2036-08-03T00:00:00.000,590.0,225.6268508350845,8.49074888428266,-9.43580825460551,-7.096722290879405,11.077590175259022,-10.121986002310262,-0.6776769976356043,2038-03-16T00:00:00.000,58,49
2036-08-03T00:00:00.000,600.0,219.92958797038162,9.070711616750113,-8.152682772021102,-7.537681793454467,10.765198013600031,-10.152025753427234,0.9881663828089744,2038-03-26T00:00:00.000,58,50
2036-08-13T00:00:00.000,100.0,1467.880767710631,-34.71213176210214,-7.359744480439506,-1.91704650806631,-33.90875870884255,16.474068545893388,6.832416562339553,2036-11-21T00:00:00.000,59,0
2036-08-13T00:00:00.000,110.0,1162.5362148646757,-29.94155357300164,-7.802398121841424,-2.2520254903873234,-30.401322961970543,14.250120965463687,5.93547213760546,2036-12-01T00:00:00.000,59,1
2036-08-13T00:00:00.000,120.0,937.9114208323242,-25.928150378635536,-7.988151650702388,-2.4460963990752207,-27.501209065981755,12.426890523922054,5.2122272252793636,2036-12-11T00:00:00.000,59,2
2036-08-13T00:00:00.000,130.0,769.3773446952749,-22.521107035525155,-7.969307365973448,-2.52713363814694,-25.07745733898391,10.914055348427322,4.624053844645614,2036-12-21T00:00:00.000,59,3
2036-08-13T00:00:00.000,140.0,640.9744161726519,-19.614631675003952,-7.784280749414794,-2.5153923072219513,-23.0376048399937,9.647411569306058,4.143745820072745,2036-12-31T00:00:00.000,59,4
2036-08-13T00:00:00.000,150.0,542.0435714282085,-17.13338633477254,-7.462253884100468,-2.4260037578563534,-21.315413693688257,8.580257057134197,3.751786151772837,2037-01-10T00:00:00.000,59,5
2036-08-13T00:00:00.000,160.0,465.2973886769211,-15.023514854948324,-7.026119097672826,-2.270535544004006,-19.863347944345044,7.678029281424749,3.4340447685475493,2037-01-20T00:00:00.000,59,6
2036-08-13T00:00:00.000,170.0,405.6750438987705,-13.247009985611246,-6.494438239539743,-2.0580057712300235,-18.64793175995721,6.914855571346841,3.180323474454017,2037-01-30T00:00:00.000,59,7
2036-08-13T00:00:00.000,180.0,359.64605814807953,-11.778206137355635,-5.8827921911290035,-1.795549933914831,-17.646994319014873,6.271268801465489,2.9834271019252157,2037-02-09T00:00:00.000,59,8
2036-08-13T00:00:00.000,190.0,324.7858161394113,-10.60177411071119,-5.204769438755602,-1.488862725874578,-16.848295579539638,5.732646417183023,2.8385766256056932,2037-02-19T00:00:00.000,59,9
2036-08-13T00:00:00.000,200.0,299.52938469149336,-9.711933830323938,-4.472782491228221,-1.142497941550825,-16.24934539319631,5.288083406340171,2.7430517442609172,2037-03-01T00:00:00.000,59,10
2036-08-13T00:00:00.000,210.0,283.0598651106411,-9.11287170154765,-3.698901795622768,-0.7600985904559185,-15.858497266240747,4.929463664464727,2.6959817410356983,2037-03-11T00:00:00.000,59,11
2036-08-13T00:00:00.000,220.0,275.32499646856303,-8.820640904258408,-2.8959987870758823,-0.34465793594304583,-15.697709624258776,4.6504468187482715,2.6981944716811057,2037-03-21T00:00:00.000,59,12
2036-08-13T00:00:00.000,230.0,277.2174621554683,-8.867198061221075,-2.079782879034258,0.10097360203198691,-15.80782657271729,4.444866683044115,2.751952283802499,2037-03-31T00:00:00.000,59,13
2036-08-13T00:00:00.000,240.0,291.0216866568728,-9.307823376484995,-1.2730094703624273,0.5728300250636411,-16.2579778862859,4.303418990797368,2.8601445235435285,2037-04-10T00:00:00.000,59,14
2036-08-13T00:00:00.000,250.0,321.36125550131817,-10.234016987544436,-0.5150093397583824,1.0624561725893935,-17.161839484773534,4.205879693684601,3.02375544686368,2037-04-20T00:00:00.000,59,15
2036-08-13T00:00:00.000,260.0,377.1433834487195,-11.794166655650344,0.11565970281131932,1.5477335134906127,-18.704490400988455,4.101808224278074,3.234283781503258,2037-04-30T00:00:00.000,59,16
2036-08-13T00:00:00.000,270.0,475.4233167018987,-14.21926092177014,0.44645894200583314,1.9680952189363525,-21.17999010433573,3.862065837242575,3.45192458650868,2037-05-10T00:00:00.000,59,17
2036-08-13T00:00:00.000,280.0,648.0245504215155,-17.817609917006664,0.08507956236663539,2.1610366577100804,-25.008640082065448,3.163831197571355,3.547202252550493,2037-05-20T00:00:00.000,59,18
2036-08-13T00:00:00.000,290.0,946.0673938475682,-22.76764866544464,-1.7960218598672348,1.734298922337409,-30.56634362055613,1.2877704145816935,3.1792575983999676,2037-05-30T00:00:00.000,59,19
2036-08-13T00:00:00.000,300.0,1411.5992571711322,-28.33228385315741,-6.420002926090003,0.013250621082762315,-37.42228085278387,-2.8552807312649264,1.737678017402832,2037-06-09T00:00:00.000,59,20
2036-08-13T00:00:00.000,310.0,1738.3418621418668,-31.866214824660638,-7.91794460009139,-3.215137833389033,5.468566710052574,-37.702946746710964,-16.938844319912995,2037-06-19T00:00:00.000,59,21
2036-08-13T00:00:00.000,320.0,1643.4697901178242,-30.524450506586277,-9.786789330932393,-4.105707164877784,6.721541797350742,-36.4650337291405,-16.38877607135251,2037-06-29T00:00:00.000,59,22
2036-08-13T00:00:00.000,330.0,1551.3227226950967,-29.020859850899416,-11.540809058236139,-4.94916670627282,7.869463314393187,-35.20016920622838,-15.82221089770351,2037-07-09T00:00:00.000,59,23
2036-08-13T00:00:00.000,340.0,1462.0787200616364,-27.370138027811986,-13.16018384221699,-5.7360392796940936,8.914380276247002,-33.91576631453947,-15.24248469409252,2037-07-19T00:00:00.000,59,24
2036-08-13T00:00:00.000,350.0,1375.9024308683827,-25.59064069809122,-14.627912968547484,-6.45805489514593,9.858799818513734,-32.619025364247435,-14.65283867697446,2037-07-29T00:00:00.000,59,25
2036-08-13T00:00:00.000,360.0,1292.9382885717077,-23.703608793743783,-15.930366967975097,-7.108425909168211,10.705702374918662,-31.31684141529398,-14.056374674883159,2037-08-08T00:00:00.000,59,26
2036-08-13T00:00:00.000,370.0,1213.3054174897047,-21.732288926458843,-17.05765166491615,-7.682038635952001,11.458528595404168,-30.01571739955147,-13.45601162708597,2037-08-18T00:00:00.000,59,27
2036-08-13T00:00:00.000,380.0,1137.094236115217,-19.70100833977201,-18.0037672897412,-8.17555322959325,12.121141937012794,-28.72168829058056,-12.854445767777557,2037-08-28T00:00:00.000,59,28
2036-08-13T00:00:00.000,390.0,1064.3646774962292,-17.634270756808444,-18.766564278449604,-8.58740989663319,12.697771863888967,-27.44026055016139,-12.254116374839741,2037-09-07T00:00:00.000,59,29
2036-08-13T00:00:00.000,400.0,995.1458760282158,-15.555930395072753,-19.34752365348665,-8.917753335647184,13.192943206114307,-26.176369529622605,-11.657178210746515,2037-09-17T00:00:00.000,59,30
2036-08-13T00:00:00.000,410.0,929.4370980864445,-13.488469466386137,-19.75139099891166,-9.168290098619623,13.61139732860989,-24.93435572859751,-11.06548079610247,2037-09-27T00:00:00.000,59,31
2036-08-13T00:00:00.000,420.0,867.2097143503595,-11.452434650351515,-19.98568398785754,-9.342082412833967,13.958010103315914,-23.717960442419418,-10.480554410808523,2037-10-07T00:00:00.000,59,32
2036-08-13T00:00:00.000,430.0,808.4099664494379,-9.466051058224162,-20.060156072880936,-9.443318770940198,14.237711467479912,-22.530339705947437,-9.903601938327144,2037-10-17T00:00:00.000,59,33
2036-08-13T00:00:00.000,440.0,752.9622268174231,-7.5449789875621835,-19.986242934904787,-9.477076806016143,14.45541042843027,-21.374093716708245,-9.335494306806984,2037-10-27T00:00:00.000,59,34
2036-08-13T00:00:00.000,450.0,700.772538255309,-5.702217067247826,-19.776518326754037,-9.44908872028531,14.615927958985054,-20.251309699493632,-8.776767264104885,2037-11-06T00:00:00.000,59,35
2036-08-13T00:00:00.000,460.0,651.7322480303218,-3.948130038645065,-19.44419142493016,-9.365526946228414,14.723939340839635,-19.163616131216372,-8.227616610719068,2037-11-16T00:00:00.000,59,36
2036-08-13T00:00:00.000,470.0,605.7215905195803,-2.2905733178843093,-19.002660616608264,-9.232819340496228,14.78392659218153,-18.112246681984402,-7.687888212475074,2037-11-26T00:00:00.000,59,37
2036-08-13T00:00:00.000,480.0,562.6131190069962,-0.7350901637802458,-18.465134784339902,-9.057501382098142,14.800140796977985,-17.098113113955755,-7.157058008637228,2037-12-06T00:00:00.000,59,38
2036-08-13T00:00:00.000,490.0,522.2749331429779,0.7148471070947586,-17.844331336705544,-8.846116123412255,14.776573461320169,-16.121887652319934,-6.634195385362154,2037-12-16T00:00:00.000,59,39
2036-08-13T00:00:00.000,500.0,484.57368995032925,2.0575900408102648,-17.152231406360272,-8.605160690310582,14.716935271630291,-15.184097153814728,-6.117899948878619,2037-12-26T00:00:00.000,59,40
2036-08-13T00:00:00.000,510.0,449.3775096483202,3.293044078323394,-16.399871645379207,-8.341076670063067,14.624639975840651,-14.285236036540844,-5.606197160792566,2038-01-05T00:00:00.000,59,41
2036-08-13T00:00:00.000,520.0,416.5589719189785,4.42240195807193,-15.59719131229446,-8.060316133596393,14.502790424747843,-13.425910295713852,-5.096368760820354,2038-01-15T00:00:00.000,59,42
2036-08-13T00:00:00.000,530.0,385.99852872678747,5.447911124369114,-14.752888111976903,-7.769493705113259,14.354161901301666,-12.607034341956677,-4.584675554358479,2038-01-25T00:00:00.000,59,43
2036-08-13T00:00:00.000,540.0,357.5890443747765,6.372669562533453,-13.874246326707116,-7.475664447231415,14.18117451675107,-11.830123247589297,-4.065896905613057,2038-02-04T00:00:00.000,59,44
2036-08-13T00:00:00.000,550.0,331.2429096257479,7.200463432532107,-12.966879897952362,-7.186813720912596,13.985839009042223,-11.097763673719879,-3.5325427500830457,2038-02-14T00:00:00.000,59,45
2036-08-13T00:00:00.000,560.0,306.9049102777826,7.935665154999242,-12.034276332749055,-6.912732310156609,13.769642202554522,-10.414436216466147,-2.973446179867792,2038-02-24T00:00:00.000,59,46
2036-08-13T00:00:00.000,570.0,284.5785343463244,8.583235843281606,-11.076899598163635,-6.666661756640684,13.533291264984172,-9.788076210153005,-2.3711022727129105,2038-03-06T00:00:00.000,59,47
2036-08-13T00:00:00.000,580.0,264.3863788953447,9.148963275767679,-10.090264755379804,-6.468627268435333,13.276099118521735,-9.233326176093456,-1.696248453617132,2038-03-16T00:00:00.000,59,48
2036-08-13T00:00:00.000,590.0,246.728284398414,9.640337118843108,-9.060326685616513,-6.352873885372365,12.99433830990419,-8.779133321078861,-0.895697726296742,2038-03-26T00:00:00.000,59,49
2036-08-13T00:00:00.000,600.0,232.77198640888827,10.069485003678313,-7.950824828571838,-6.386847188593895,12.67607331592302,-8.489398358799031,0.13880635379171125,2038-04-05T00:00:00.000,59,50
2036-08-23T00:00:00.000,100.0,1430.2712090519187,-33.88011171205785,-10.367676797958232,-3.2833383941407135,-35.727880613492644,11.471999761314766,4.709880826128122,2036-12-01T00:00:00.000,60,0
2036-08-23T00:00:00.000,110.0,1128.3448967456864,-29.055508436306134,-10.446450426289825,-3.459441544320545,-31.884925398404143,9.763544977125175,4.045938526910993,2036-12-11T00:00:00.000,60,1
2036-08-23T00:00:00.000,120.0,906.5389332828686,-25.010003329820307,-10.325391375913496,-3.519343973908282,-28.709242708466114,8.364715614117742,3.514235206156341,2036-12-21T00:00:00.000,60,2
2036-08-23T00:00:00.000,130.0,740.3323976820392,-21.588514406813182,-10.045611569365004,-3.486134931912769,-26.05568915397881,7.205223889212309,3.085159493380269,2036-12-31T00:00:00.000,60,3
2036-08-23T00:00:00.000,140.0,613.8387830448356,-18.682035689143824,-9.637770182689904,-3.3767872474865044,-23.82159892691682,6.234939220385172,2.7378350074563844,2037-01-10T00:00:00.000,60,4
2036-08-23T00:00:00.000,150.0,516.4463814074563,-16.212684496116907,-9.125655789293408,-3.204186397816854,-21.9331298518669,5.417206559256183,2.4572483396989124,2037-01-20T00:00:00.000,60,5
2036-08-23T00:00:00.000,160.0,440.89409875030435,-14.124439184939096,-8.528491920529213,-2.9784198340631223,-20.336855258741465,4.724667580957657,2.2324724376241836,2037-01-30T00:00:00.000,60,6
2036-08-23T00:00:00.000,170.0,382.1278706748505,-12.37726471638119,-7.862478908230483,-2.7076189198210043,-18.99451565682711,4.136546830569781,2.0555354426288375,2037-02-09T00:00:00.000,60,7
2036-08-23T00:00:00.000,180.0,336.6028994605714,-10.94339403391126,-7.14188115829386,-2.398523118135579,-17.879804521005315,3.636819579407426,1.9206855802155829,2037-02-19T00:00:00.000,60,8
2036-08-23T00:00:00.000,190.0,301.85403484628233,-9.805089767158902,-6.3798602938688145,-2.056870461438004,-16.97659013055835,3.2129096764292626,1.8239061917813508,2037-03-01T00:00:00.000,60,9
2036-08-23T00:00:00.000,200.0,276.23906121096434,-8.953552148586741,-5.589204771262018,-1.6876850156175855,-16.278303287183014,2.854678195631955,1.7625877852845928,2037-03-11T00:00:00.000,60,10
2036-08-23T00:00:00.000,210.0,258.8073670453175,-8.388892319288281,-4.78311927639481,-1.295524783112973,-15.788470814500764,2.5534966463973525,1.735284202029332,2037-03-21T00:00:00.000,60,11
2036-08-23T00:00:00.000,220.0,249.2800400205074,-8.12130887372513,-3.9763278824346515,-0.8847834879415478,-15.522629853417419,2.301150220477666,1.7414678053576935,2037-03-31T00:00:00.000,60,12
2036-08-23T00:00:00.000,230.0,248.16111709901435,-8.17389482807716,-3.18693401546655,-0.4602063709655573,-15.512200963572454,2.088135049787212,1.7811317690183177,2037-04-10T00:00:00.000,60,13
2036-08-23T00:00:00.000,240.0,257.04986844409916,-8.587952384864863,-2.440053091605412,-0.028016322627273826,-15.811428262190399,1.9004419189288697,1.853894621191797,2037-04-20T00:00:00.000,60,14
2036-08-23T00:00:00.000,250.0,279.31902005839316,-9.432157215511042,-1.7755073698943828,0.40137611842066434,-16.509290572154228,1.7127484038889946,1.9567416200276302,2037-04-30T00:00:00.000,60,15
2036-08-23T00:00:00.000,260.0,321.51984411463917,-10.817236369496694,-1.2649408464995915,0.8066348222779771,-17.74912329196507,1.4730293781887625,2.0781364084811784,2037-05-10T00:00:00.000,60,16
2036-08-23T00:00:00.000,270.0,396.25325616024617,-12.915341402876887,-1.0511444395078886,1.138384534287078,-19.757339117261957,1.0665226470429978,2.1825069551094405,2037-05-20T00:00:00.000,60,17
2036-08-23T00:00:00.000,280.0,527.6743107661572,-15.96582750406802,-1.4371747687003982,1.2763278590913298,-22.86723243041812,0.23252157012336383,2.1702362679713776,2037-05-30T00:00:00.000,60,18
2036-08-23T00:00:00.000,290.0,759.1140177119669,-20.171347220248645,-3.0580604399795934,0.9348667350814202,-27.4474493616774,-1.5989576228807323,1.7874215424329467,2037-06-09T00:00:00.000,60,19
2036-08-23T00:00:00.000,300.0,1147.448765343569,-25.18954835207157,-7.000064447967262,-0.4450358208827101,-33.432585387373244,-5.426080729115981,0.5183122424581068,2037-06-19T00:00:00.000,60,20
2036-08-23T00:00:00.000,310.0,1807.2573912164562,-31.359770694227528,-11.525146421795968,-4.875531295702003,11.896089117502731,-37.22995648497332,-16.723360758289047,2037-06-29T00:00:00.000,60,21
2036-08-23T00:00:00.000,320.0,1710.884599787263,-29.73035199638532,-13.275392674471052,-5.7186930825673885,12.961553200850341,-35.83033387658189,-16.095648874818856,2037-07-09T00:00:00.000,60,22
2036-08-23T00:00:00.000,330.0,1617.217272413989,-27.953985856734157,-14.88453235705474,-6.502246990542727,13.915987504634659,-34.418224428176224,-15.457955602101281,2037-07-19T00:00:00.000,60,23
2036-08-23T00:00:00.000,340.0,1526.4470340454711,-26.04989505234231,-16.33513015083893,-7.2176747646176596,14.7628379097187,-33.00093872514401,-14.813632037961993,2037-07-29T00:00:00.000,60,24
2036-08-23T00:00:00.000,350.0,1438.7483014455972,-24.040276715095768,-17.61332791690208,-7.858030621534516,15.505995956992125,-31.58544496549375,-14.165876505148084,2037-08-08T00:00:00.000,60,25
2036-08-23T00:00:00.000,360.0,1354.2718633294648,-21.949369980350877,-18.709208380804053,-8.418133300101728,16.14978409637137,-30.17827695758577,-13.517689774562186,2037-08-18T00:00:00.000,60,26
2036-08-23T00:00:00.000,370.0,1273.1403053721544,-19.80248156120035,-19.61694424346063,-8.894661720250337,16.69891480089695,-28.785454894536514,-12.871835003570515,2037-08-28T00:00:00.000,60,27
2036-08-23T00:00:00.000,380.0,1195.4452122881917,-17.62503819363153,-20.334735553973644,-9.286152735064924,17.15842929197599,-27.41242311304637,-12.230804372230526,2037-09-07T00:00:00.000,60,28
2036-08-23T00:00:00.000,390.0,1121.2460069785395,-15.441725215915433,-20.86456514157691,-9.592913612023946,17.533622123688424,-26.06400736517388,-11.59679362023854,2037-09-17T00:00:00.000,60,29
2036-08-23T00:00:00.000,400.0,1050.5702064691616,-13.275737773171743,-21.21180345214679,-9.816864862350755,17.829957821871226,-24.744392209225587,-10.971684680825945,2037-09-27T00:00:00.000,60,30
2036-08-23T00:00:00.000,410.0,983.414889486358,-11.14820050394277,-21.38468524854174,-9.961317941029304,18.052985078081704,-23.457118672992593,-10.357036391654688,2037-10-07T00:00:00.000,60,31
2036-08-23T00:00:00.000,420.0,919.7491225129057,-9.077773799880378,-21.393743042272884,-10.030728967411447,18.208253602365097,-22.2051006904885,-9.754082560145335,2037-10-17T00:00:00.000,60,32
2036-08-23T00:00:00.000,430.0,859.517021896323,-7.0804108465352495,-21.251225789466226,-10.030444586537513,18.301237587004344,-20.990656931970605,-9.163735387092794,2037-10-27T00:00:00.000,60,33
2036-08-23T00:00:00.000,440.0,802.6412141241744,-5.169267625287905,-20.970531050549816,-9.966450539651326,18.337268325792216,-19.815555371487996,-8.586592443546225,2037-11-06T00:00:00.000,60,34
2036-08-23T00:00:00.000,450.0,749.0264821320545,-3.3547425297077886,-20.56568384109803,-9.845140501204122,18.321477564871095,-18.681067794053313,-8.022945098027517,2037-11-16T00:00:00.000,60,35
2036-08-23T00:00:00.000,460.0,698.563420525502,-1.6446161667188548,-20.050877893443754,-9.673113858783523,18.25875220485795,-17.58803167673233,-7.472785972136301,2037-11-26T00:00:00.000,60,36
2036-08-23T00:00:00.000,470.0,651.1319647612199,-0.0442657634223238,-19.440091035164272,-9.457008639087583,18.153700169301423,-16.53691741327222,-6.935812669827487,2037-12-06T00:00:00.000,60,37
2036-08-23T00:00:00.000,480.0,606.6046987476711,1.4430754817821487,-18.74678467535297,-9.203378149647039,18.010626628858873,-15.527899524012009,-6.41142445605486,2037-12-16T00:00:00.000,60,38
2036-08-23T00:00:00.000,490.0,564.8498713867192,2.81605301424187,-17.983669065810773,-8.91860653946147,17.833519148464923,-14.560931197135668,-5.898707387244721,2037-12-26T00:00:00.000,60,39
2036-08-23T00:00:00.000,500.0,525.7341514332236,4.074902753269253,-17.16251627285623,-8.608854744564596,17.626040155061133,-13.635824116022848,-5.396402557471578,2038-01-05T00:00:00.000,60,40
2036-08-23T00:00:00.000,510.0,489.12518184333857,5.221165991784627,-16.294044315672807,-8.280058522241784,17.391525100667714,-12.752337206917286,-4.902849403893254,2038-01-15T00:00:00.000,60,41
2036-08-23T00:00:00.000,520.0,454.8940021105766,6.25743664657362,-15.38783518738465,-7.937971054151371,17.13298401730333,-11.910280065118338,-4.4158905719967745,2038-01-25T00:00:00.000,60,42
2036-08-23T00:00:00.000,530.0,422.9175381292912,7.187132125417939,-14.452268787088192,-7.588256480219597,16.85310381165052,-11.109642944340152,-3.932717087751799,2038-02-04T00:00:00.000,60,43
2036-08-23T00:00:00.000,540.0,393.08150885461663,8.01429414634924,-13.4944534316728,-7.236654686281794,16.554247735598814,-10.350774419167662,-3.449617324652479,2038-02-14T00:00:00.000,60,44
2036-08-23T00:00:00.000,550.0,365.2843882310081,8.74342185073271,-12.520121351694048,-6.889252632892334,16.238446255550762,-9.634645311088082,-2.9615639729922982,2038-02-24T00:00:00.000,60,45
2036-08-23T00:00:00.000,560.0,339.44370183711726,9.379340173187956,-11.533440029666178,-6.552936176984492,15.907368632610877,-8.963273379920583,-2.461514846624299,2038-03-06T00:00:00.000,60,46
2036-08-23T00:00:00.000,570.0,315.507417424167,9.92712059881614,-10.536646010007976,-6.236174254694613,15.56225267937839,-8.340461188989295,-1.939179239345945,2038-03-16T00:00:00.000,60,47
2036-08-23T00:00:00.000,580.0,293.47693087913734,10.392092431572145,-9.529272330543488,-5.9504456519075974,15.203739471960548,-7.773182953855997,-1.3787181415244785,2038-03-26T00:00:00.000,60,48
2036-08-23T00:00:00.000,590.0,273.45874992107105,10.779981658989222,-8.506474336310335,-5.713054853585079,14.831474316116436,-7.274433846516693,-0.7541430528101731,2038-04-05T00:00:00.000,60,49
2036-08-23T00:00:00.000,600.0,255.79579484073798,11.097436354556907,-7.45512607465732,-5.553286533904709,14.443058609212253,-6.869751335402565,-0.019220856704707856,2038-04-15T00:00:00.000,60,50
2036-09-02T00:00:00.000,100.0,1390.611771222739,-32.66871815071724,-13.282887121975964,-4.627517077232839,-36.657359329763665,6.354429974430765,2.543815616624702,2036-12-11T00:00:00.000,61,0
2036-09-02T00:00:00.000,110.0,1092.9173814258309,-27.828971061413277,-12.983891984478385,-4.638368188345722,-32.57769621491997,5.203062812790204,2.1305464370390137,2036-12-21T00:00:00.000,61,1
2036-09-02T00:00:00.000,120.0,874.5707813166781,-23.785233731312008,-12.544734934732183,-4.558772602448766,-29.20844969046829,4.263779501602123,1.804835825713404,2036-12-31T00:00:00.000,61,2
2036-09-02T00:00:00.000,130.0,711.2121583714335,-20.37923654377062,-11.994753635468042,-4.406842326972679,-26.394205612459228,3.4878622765131198,1.546895341881923,2037-01-10T00:00:00.000,61,3
2036-09-02T00:00:00.000,140.0,587.0654216841689,-17.499548139888688,-11.356423904196713,-4.196119625480313,-24.024873829552632,2.840395705745582,1.3427625974192168,2037-01-20T00:00:00.000,61,4
2036-09-02T00:00:00.000,150.0,491.59409524105115,-15.066309628641402,-10.647832142376227,-3.9371357229465493,-22.021036370109808,2.2956597365050904,1.1823699935052225,2037-01-30T00:00:00.000,61,5
2036-09-02T00:00:00.000,160.0,417.585912673235,-13.021735731170342,-9.884273616611278,-3.638403773849398,-20.324896631953713,1.8342281874624575,1.0583461295577177,2037-02-09T00:00:00.000,61,6
2036-09-02T00:00:00.000,170.0,360.0136887064066,-11.324058680502706,-9.07934187086478,-3.3070746501014345,-18.894584934043635,1.4410586182377614,0.9652455311580059,2037-02-19T00:00:00.000,61,7
2036-09-02T00:00:00.000,180.0,315.33864189136347,-9.943637745947361,-8.245725882563264,-2.9493872787340387,-17.70059856214189,1.1041675030811753,0.8990364611089952,2037-03-01T00:00:00.000,61,8
2036-09-02T00:00:00.000,190.0,281.0785130290967,-8.860527094348786,-7.395853973037396,-2.5709941086535943,-16.72371050496535,0.8136390744020012,0.856744671307947,2037-03-11T00:00:00.000,61,9
2036-09-02T00:00:00.000,200.0,255.54425084253762,-8.06313758173414,-6.542501429671155,-2.1772187931195455,-15.954014115355633,0.5607864236685849,0.8361836141660817,2037-03-21T00:00:00.000,61,10
2036-09-02T00:00:00.000,210.0,237.69521989480563,-7.5478428429052045,-5.6995032740204135,-1.7733064596957893,-15.39100517436366,0.33729492732546973,0.8357103263195995,2037-03-31T00:00:00.000,61,11
2036-09-02T00:00:00.000,220.0,227.09369488107993,-7.3195768537729755,-4.882754548702787,-1.3647331328445298,-15.044816672208462,0.13412688979346754,0.8539298321012954,2037-04-10T00:00:00.000,61,12
2036-09-02T00:00:00.000,230.0,223.96739815949334,-7.393724274549367,-4.1118996270047985,-0.9577241545722828,-14.938978444477874,-0.06018897738559659,0.8892122816965866,2037-04-20T00:00:00.000,61,13
2036-09-02T00:00:00.000,240.0,229.4265232972049,-7.7997985400561,-3.413509506020203,-0.5603033806272579,-15.11543333826965,-0.26262867904138787,0.9387355700495892,2037-04-30T00:00:00.000,61,14
2036-09-02T00:00:00.000,250.0,245.9499258448222,-8.587766957480524,-2.8274140049123613,-0.18456988782458783,-15.643063029725305,-0.5017075257358208,0.9963907122628157,2037-05-10T00:00:00.000,61,15
2036-09-02T00:00:00.000,260.0,278.3947116494577,-9.838031566520547,-2.419982267923821,0.1481032296913929,-16.631520236837623,-0.8300973131273004,1.0479430861726815,2037-05-20T00:00:00.000,61,16
2036-09-02T00:00:00.000,270.0,336.06868148896285,-11.674578354183588,-2.312964630210036,0.39480143465008943,-18.25151922536196,-1.3521355107499637,1.0594607193164745,2037-05-30T00:00:00.000,61,17
2036-09-02T00:00:00.000,280.0,436.87582239757234,-14.27112969445321,-2.746375712156155,0.46189699098052994,-20.75467426675552,-2.2842842643240004,0.9494018528581201,2037-06-09T00:00:00.000,61,18
2036-09-02T00:00:00.000,290.0,614.4491305052754,-17.796985072746867,-4.203436381813248,0.14026998406510494,-24.4449250511062,-4.076566821521052,0.5257116136720192,2037-06-19T00:00:00.000,61,19
2036-09-02T00:00:00.000,300.0,922.8223976839079,-22.11543139277856,-7.558534798573202,-0.9947432661579114,-29.415896620933648,-7.559831538740017,-0.6134906489296075,2037-06-29T00:00:00.000,61,20
2036-09-02T00:00:00.000,310.0,1404.6784840178013,-25.99306630390704,-13.764698036332241,-3.50936054259891,-34.77285605228408,-13.654115275474819,-3.0153112656867087,2037-07-09T00:00:00.000,61,21
2036-09-02T00:00:00.000,320.0,1777.667110748941,-28.40356507280828,-16.71219820706842,-7.310153818361936,19.166356158266016,-34.25483986703516,-15.392330819184533,2037-07-19T00:00:00.000,61,22
2036-09-02T00:00:00.000,330.0,1682.8873853422986,-26.375798583924624,-18.137270182582398,-8.015374594267815,19.901997152428883,-32.72345847437779,-14.69602531852349,2037-07-29T00:00:00.000,61,23
2036-09-02T00:00:00.000,340.0,1590.976745110693,-24.24485081717358,-19.383240132584298,-8.642300243233992,20.528349438090007,-31.20196020294339,-14.000046212505856,2037-08-08T00:00:00.000,61,24
2036-09-02T00:00:00.000,350.0,1502.1169291933643,-22.03591467671425,-20.440155111642383,-9.185682875264616,21.050653281785777,-29.696794181620163,-13.307416764267083,2037-08-18T00:00:00.000,61,25
2036-09-02T00:00:00.000,360.0,1416.4630898438836,-19.77523710700623,-21.30234862506004,-9.642223096519864,21.4744951169707,-28.213858566030844,-12.620908609569003,2037-08-28T00:00:00.000,61,26
2036-09-02T00:00:00.000,370.0,1334.1398345882753,-17.489128355056415,-21.968357866567704,-10.010558896670082,21.805743000066226,-26.758436920472395,-11.943008849382892,2037-09-07T00:00:00.000,61,27
2036-09-02T00:00:00.000,380.0,1255.239071834276,-15.203065648668986,-22.440652885449914,-10.291166079037225,22.050467583804405,-25.33515578726911,-11.275896079898557,2037-09-17T00:00:00.000,61,28
2036-09-02T00:00:00.000,390.0,1179.8194449221844,-12.940918795296431,-22.72521131658394,-10.486186812426268,22.214855348234224,-23.947963729085327,-10.621425516832812,2037-09-27T00:00:00.000,61,29
2036-09-02T00:00:00.000,400.0,1107.9071503591786,-10.724353789218378,-22.830963555038974,-10.59919185338868,22.305120077976987,-22.60013161890115,-9.9811231569674,2037-10-07T00:00:00.000,61,30
2036-09-02T00:00:00.000,410.0,1039.4978868517305,-8.572431989464624,-22.769195387897174,-10.634918491752718,22.327417997258564,-21.294272320534652,-9.356188260522366,2037-10-17T00:00:00.000,61,31
2036-09-02T00:00:00.000,420.0,974.5595967779852,-6.501367909572098,-22.55293840628628,-10.599001042485998,22.287770571344147,-20.032375924574893,-8.747502189403738,2037-10-27T00:00:00.000,61,32
2036-09-02T00:00:00.000,430.0,913.0357424407291,-4.524446330200231,-22.196377780315103,-10.497704920090657,22.191997576148317,-18.815857430023787,-8.155641924090034,2037-11-06T00:00:00.000,61,33
2036-09-02T00:00:00.000,440.0,854.8488829635584,-2.6520737660469855,-21.714311508844062,-10.337682010630164,22.04566198220878,-17.64561362199609,-7.580896426741279,2037-11-16T00:00:00.000,61,34
2036-09-02T00:00:00.000,450.0,799.9043493059465,-0.8919332592959464,-21.12167734575714,-10.125755855015864,21.854027186750315,-16.522086077275844,-7.023283895857571,2037-11-26T00:00:00.000,61,35
2036-09-02T00:00:00.000,460.0,748.0938548565564,0.7507845180400459,-20.433159299581803,-9.868742339398267,21.622026298697108,-15.44532766759071,-6.4825679198727935,2037-12-06T00:00:00.000,61,36
2036-09-02T00:00:00.000,470.0,699.2989172575886,2.2731046875261676,-19.662883732516885,-9.57331355218186,21.354242554995203,-14.415070436494737,-5.958270426131737,2037-12-16T00:00:00.000,61,37
2036-09-02T00:00:00.000,480.0,653.3939883437755,3.6739859002066098,-18.82418679595833,-9.245898573092354,21.05489931750814,-13.430793098724848,-5.449678872430535,2037-12-26T00:00:00.000,61,38
2036-09-02T00:00:00.000,490.0,610.2492841609298,4.95401621319051,-17.929435597960307,-8.892610536640925,20.72785814242509,-12.491788390250385,-4.955845417447712,2038-01-05T00:00:00.000,61,39
2036-09-02T00:00:00.000,500.0,569.7333304368328,6.115113167121013,-16.989927609799732,-8.519218362591683,20.376623547196147,-11.597231195258178,-4.475575030810566,2038-01-15T00:00:00.000,61,40
2036-09-02T00:00:00.000,510.0,531.7152146195791,7.160257238514344,-16.01583323661919,-8.131150256841082,20.004352559118416,-10.7462486047251,-4.0073974391761285,2038-01-25T00:00:00.000,61,41
2036-09-02T00:00:00.000,520.0,496.0666165352375,8.093249418661436,-15.016168064303825,-7.73352638010142,19.61386738876686,-9.937995688145921,-3.549516064690856,2038-02-04T00:00:00.000,61,42
2036-09-02T00:00:00.000,530.0,462.66373325610977,8.918498089039355,-13.998784081034865,-7.331225229524086,19.207669650490605,-9.171743359360551,-3.0997231495340953,2038-02-14T00:00:00.000,61,43
2036-09-02T00:00:00.000,540.0,431.3892726993017,9.640835178550923,-12.970365124567113,-6.928989860356819,18.78795435607256,-8.446988911770486,-2.6552631014387753,2038-02-24T00:00:00.000,61,44
2036-09-02T00:00:00.000,550.0,402.1348144092001,10.265359662438865,-11.936411539967096,-6.5315911309358,18.356621508303036,-7.763607635859568,-2.2126133160879,2038-03-06T00:00:00.000,61,45
2036-09-02T00:00:00.000,560.0,374.8040713071259,10.797314585942257,-10.901193600932023,-6.144082558467393,17.915281975972263,-7.122078595467169,-1.7671274737600768,2038-03-16T00:00:00.000,61,46
2036-09-02T00:00:00.000,570.0,349.3180766898649,11.242009077675512,-9.867612110311018,-5.772197204759965,17.465251318566274,-6.523846981240304,-1.3124380497934656,2038-03-26T00:00:00.000,61,47
2036-09-02T00:00:00.000,580.0,325.62452906773444,11.604750476913582,-8.83689085843596,-5.423007139985859,17.007519548955862,-5.971950256067803,-0.8394152718829755,2038-04-05T00:00:00.000,61,48
2036-09-02T00:00:00.000,590.0,303.7164198855447,11.890823827084255,-7.80795644172675,-5.106119125100847,16.542669192572163,-5.472183248054112,-0.3342549481825614,2038-04-15T00:00:00.000,61,49
2036-09-02T00:00:00.000,600.0,283.6729544189651,12.10556079728081,-6.776084700929738,-4.835984031469474,16.07066951390793,-5.035452705692158,0.22528169577854662,2038-04-25T00:00:00.000,61,50
2036-09-12T00:00:00.000,100.0,1350.9697222769519,-31.088289692078472,-16.065634683623728,-5.934194692659475,-36.734245589924086,1.193106726656577,0.37605791429187896,2036-12-21T00:00:00.000,62,0
2036-09-12T00:00:00.000,110.0,1058.1231484337459,-26.27554591115455,-15.378880113830196,-5.77480713147259,-32.52204760971543,0.6241745911635199,0.22354817130712235,2036-12-31T00:00:00.000,62,1
2036-09-12T00:00:00.000,120.0,843.6994639246652,-22.27019728584415,-14.614017205497843,-5.551660671922406,-29.04581569203875,0.16596882816919845,0.11184389503581471,2037-01-10T00:00:00.000,62,2
2036-09-12T00:00:00.000,130.0,683.549259562917,-18.91199355212342,-13.78808437592739,-5.277744299277072,-26.14393012473219,-0.20780627533714124,0.03152376830605874,2037-01-20T00:00:00.000,62,3
2036-09-12T00:00:00.000,140.0,562.0406763538501,-16.087926651710404,-12.915026373217632,-4.9630675459988405,-23.701764525773182,-0.5161930590154604,-0.024071652919314346,2037-01-30T00:00:00.000,62,4
2036-09-12T00:00:00.000,150.0,468.7370723488073,-13.716750545912092,-12.006967574340635,-4.615724333491728,-21.63643415420336,-0.7734447661938155,-0.05977150890729277,2037-02-09T00:00:00.000,62,5
2036-09-12T00:00:00.000,160.0,396.4943158791182,-11.739330220069466,-11.07505903464866,-4.242577375986521,-19.88735171108072,-0.9906017931488442,-0.07915735154283077,2037-02-19T00:00:00.000,62,6
2036-09-12T00:00:00.000,170.0,340.32880713896884,-10.11245416102222,-10.130085314765012,-3.849718703668015,-18.410249769037165,-1.1765605679167521,-0.08494592785556421,2037-03-01T00:00:00.000,62,7
2036-09-12T00:00:00.000,180.0,296.72410656221365,-8.80480988873309,-9.182940135647002,-3.442795445962349,-17.173388882922467,-1.338857404798592,-0.07925709901738998,2037-03-11T00:00:00.000,62,8
2036-09-12T00:00:00.000,190.0,263.1990729868491,-7.794400748354647,-8.245051773283933,-3.027256923947745,-16.15524100191356,-1.4843139860205206,-0.06382121781940953,2037-03-21T00:00:00.000,62,9
2036-09-12T00:00:00.000,200.0,238.04086902721534,-7.066999700361908,-7.32884380876395,-2.6085715201869832,-15.343270406607022,-1.6196631616281927,-0.040168393259861546,2037-03-31T00:00:00.000,62,10
2036-09-12T00:00:00.000,210.0,220.15121721668464,-6.615453500027936,-6.4483099820833525,-2.192447974012407,-14.733656151267859,-1.7522832855454809,-0.009844800119768848,2037-04-10T00:00:00.000,62,11
2036-09-12T00:00:00.000,220.0,208.9830827828751,-6.439858027413614,-5.619891162901501,-1.7851340977069552,-14.331982062500629,-1.891225520089268,0.025277958746546147,2037-04-20T00:00:00.000,62,12
2036-09-12T00:00:00.000,230.0,204.56875584010146,-6.54870486010093,-4.86398508845789,-1.393928982576346,-14.155107096965917,-2.048852121390979,0.062481182753172604,2037-04-30T00:00:00.000,62,13
2036-09-12T00:00:00.000,240.0,207.66947851880872,-6.961307061274786,-4.2076848361092605,-1.0281470427209962,-14.234670993849903,-2.2436950833270224,0.09722442445737833,2037-05-10T00:00:00.000,62,14
2036-09-12T00:00:00.000,250.0,220.1259106466925,-7.711995072348085,-3.6900202462217297,-0.7010697030635589,-14.623005358264397,-2.5057804451357555,0.12119942094938807,2037-05-20T00:00:00.000,62,15
2036-09-12T00:00:00.000,260.0,245.58622838339878,-8.856554849734584,-3.372397566862034,-0.434081781573731,-15.402502251140625,-2.8870696055095095,0.11824499968264668,2037-05-30T00:00:00.000,62,16
2036-09-12T00:00:00.000,270.0,290.9898611850696,-10.480318948180276,-3.3600370184680433,-0.26573004585386784,-16.699015417322357,-3.482768090745246,0.05542294819441729,2037-06-09T00:00:00.000,62,17
2036-09-12T00:00:00.000,280.0,369.56061174093395,-12.701529989958097,-3.8464471836455374,-0.2718904086519167,-18.695225828185713,-4.475533600714961,-0.13690128904865695,2037-06-19T00:00:00.000,62,18
2036-09-12T00:00:00.000,290.0,506.41058111508187,-15.63943810872792,-5.200590909763026,-0.6090607603665248,-21.617588639536724,-6.22259240434942,-0.6081005642059001,2037-06-29T00:00:00.000,62,19
2036-09-12T00:00:00.000,300.0,745.7277068973964,-19.23787431530018,-8.091433125921263,-1.5885127958472456,-25.591671557600424,-9.382512314276934,-1.6620819648090617,2037-07-09T00:00:00.000,62,20
2036-09-12T00:00:00.000,310.0,1142.7916901432811,-22.725055194501994,-13.412857998670313,-3.690723936634577,-30.132031689031933,-14.852184398598293,-3.776900187255409,2037-07-19T00:00:00.000,62,21
2036-09-12T00:00:00.000,320.0,1846.51786473224,-26.550660420546325,-20.02352507301828,-8.84664633330601,25.128232062148577,-31.792291143440117,-14.294755752155663,2037-07-29T00:00:00.000,62,22
2036-09-12T00:00:00.000,330.0,1750.8054105994418,-24.300587975974803,-21.228980487600218,-9.456636200873358,25.625269300529354,-30.173440255382562,-13.554131732783496,2037-08-08T00:00:00.000,62,23
2036-09-12T00:00:00.000,340.0,1657.9189928630574,-21.976121855427404,-22.239112013086164,-9.980017344927434,26.01431912904276,-28.579664533578566,-12.820958164797545,2037-08-18T00:00:00.000,62,24
2036-09-12T00:00:00.000,350.0,1568.0457367094004,-19.604408200152978,-23.048398807728947,-10.41351194668766,26.30185197073693,-27.016621515070934,-12.097953609195587,2037-08-28T00:00:00.000,62,25
2036-09-12T00:00:00.000,360.0,1481.3436988891317,-17.212599203339806,-23.655700042127876,-10.755860322879563,26.494563110539087,-25.48932597038234,-11.387540825234634,2037-09-07T00:00:00.000,62,26
2036-09-12T00:00:00.000,370.0,1397.9385798339047,-14.826922510001452,-24.063956308972628,-11.00770890911997,26.59929144273675,-24.002107767119778,-10.691823853479104,2037-09-17T00:00:00.000,62,27
2036-09-12T00:00:00.000,380.0,1317.922195223393,-12.47188202730849,-24.27973321558752,-11.171424450856776,26.622930612015146,-22.558592635940382,-10.01257505025136,2037-09-27T00:00:00.000,62,28
2036-09-12T00:00:00.000,390.0,1241.3525057098561,-10.169646307018704,-24.312634389590908,-11.25084098272662,26.572339009038096,-21.161705203746312,-9.351231906457283,2037-10-07T00:00:00.000,62,29
2036-09-12T00:00:00.000,400.0,1168.254955298541,-7.9396414167112095,-24.17467295541788,-11.250982559478603,26.454254332011043,-19.81369208417704,-8.708902860248012,2037-10-17T00:00:00.000,62,30
2036-09-12T00:00:00.000,410.0,1098.6247683377956,-5.798310092633203,-23.879633470930404,-11.17777928450751,26.27521675494025,-18.516160784225015,-8.086380069686953,2037-10-27T00:00:00.000,62,31
2036-09-12T00:00:00.000,420.0,1032.4299312262017,-3.759036367730875,-23.4424551542548,-11.037788187080318,26.041503334281852,-17.27013093617367,-7.484157451858298,2037-11-06T00:00:00.000,62,32
2036-09-12T00:00:00.000,430.0,969.61460618726,-1.8322090658730978,-22.878671247790173,-10.83793691290036,25.7590751484106,-16.076094272306662,-6.902452218864285,2037-11-16T00:00:00.000,62,33
2036-09-12T00:00:00.000,440.0,910.1027524468514,-0.025391536863992314,-22.203921032219338,-10.58529874090565,25.433537592310667,-14.934079952277411,-6.341228111837439,2037-11-26T00:00:00.000,62,34
2036-09-12T00:00:00.000,450.0,853.8017681528909,1.656430814605585,-21.433546367867553,-10.286904385913024,25.070113388908908,-13.843722285880316,-5.800218624462517,2037-12-06T00:00:00.000,62,35
2036-09-12T00:00:00.000,460.0,800.606004588794,3.2105572066616297,-20.58228254146634,-9.949597779621572,24.673627239234825,-12.804328380791642,-5.2789485851765,2037-12-16T00:00:00.000,62,36
2036-09-12T00:00:00.000,470.0,750.4000232453544,4.636273036570977,-19.664024805385914,-9.579928880621411,24.248500366782373,-11.814943534659536,-4.776752294217935,2037-12-26T00:00:00.000,62,37
2036-09-12T00:00:00.000,480.0,703.0615626665888,5.934530770956918,-18.6916527989398,-9.1840719182664,23.798753396804965,-10.87441394330481,-4.292787068363719,2038-01-05T00:00:00.000,62,38
2036-09-12T00:00:00.000,490.0,658.4642084210107,7.107636545563455,-17.676937306137507,-8.76778613941067,23.32801621031835,-9.981446744314312,-3.8260409044536114,2038-01-15T00:00:00.000,62,39
2036-09-12T00:00:00.000,500.0,616.4797241380111,8.158971769842648,-16.630494557090564,-8.336404207396516,22.839542802594433,-9.134667101308732,-3.375331932526903,2038-01-25T00:00:00.000,62,40
2036-09-12T00:00:00.000,510.0,576.9800731977201,9.092740432683645,-15.56177559112722,-7.894842760065057,22.336229635969655,-8.332673677762365,-2.939297233502783,2038-02-04T00:00:00.000,62,41
2036-09-12T00:00:00.000,520.0,539.8391833835241,9.913747030356276,-14.47908207824061,-7.447635080240883,21.820636241535635,-7.57409479452204,-2.5163675092680364,2038-02-14T00:00:00.000,62,42
2036-09-12T00:00:00.000,530.0,504.93452074423647,10.627204637468669,-13.389597866662992,-6.998984341946161,21.295006917145475,-6.857648733928841,-2.104722068351778,2038-02-24T00:00:00.000,62,43
2036-09-12T00:00:00.000,540.0,472.1485728528367,11.238570385054032,-12.299428824706016,-6.552841239272555,20.761292560862938,-6.182213767370872,-1.7022153182320885,2038-03-06T00:00:00.000,62,44
2036-09-12T00:00:00.000,550.0,441.37038732085693,11.753413092973908,-11.21364505997902,-6.113016104885857,20.22117170749142,-5.54691685641653,-1.306260113839386,2038-03-16T00:00:00.000,62,45
2036-09-12T00:00:00.000,560.0,412.49738000302307,12.17732172193206,-10.136292834669224,-5.683328785734759,19.676069306577904,-4.951255788564012,-0.9136425788990721,2038-03-26T00:00:00.000,62,46
2036-09-12T00:00:00.000,570.0,385.43784999569596,12.515813901655784,-9.070361620260465,-5.267820842122133,19.127172101875875,-4.395282024002899,-0.5202242885469275,2038-04-05T00:00:00.000,62,47
2036-09-12T00:00:00.000,580.0,360.11501797436,12.774267836861107,-8.017698489368017,-4.871094724440894,18.575438790771386,-3.879894786050638,-0.12044979801890499,2038-04-15T00:00:00.000,62,48
2036-09-12T00:00:00.000,590.0,336.4742171579682,12.95788302300808,-6.978784484709303,-4.498864031730317,18.021600074912516,-3.4073457089038186,0.2935014785245844,2038-04-25T00:00:00.000,62,49
2036-09-12T00:00:00.000,600.0,314.4969724658989,13.071660885753934,-5.952245692009267,-4.158917452659643,17.46613852606039,-2.982166664783467,0.7332526425606698,2038-05-05T00:00:00.000,62,50
2036-09-22T00:00:00.000,100.0,1307.0298425049928,-29.15020555269846,-18.673845710898856,-7.187959141851994,-35.901869275044724,-3.8817259438517553,-1.7371899030965228,2036-12-31T00:00:00.000,63,0
2036-09-22T00:00:00.000,110.0,1020.1441707538631,-24.409984108518998,-17.593770498372827,-6.85474126990969,-31.66398884184655,-3.8587477663281895,-1.6266674685188605,2037-01-10T00:00:00.000,63,1
2036-09-22T00:00:00.000,120.0,810.502690154008,-20.482451331800185,-16.49970739962449,-6.485269222559791,-28.16970592514804,-3.8276506057533197,-1.5229737637147878,2037-01-20T00:00:00.000,63,2
2036-09-22T00:00:00.000,130.0,654.2400338857674,-17.20670015724855,-15.395973862478264,-6.087331459793121,-25.255289294574226,-3.792113479783623,-1.424876096218627,2037-01-30T00:00:00.000,63,3
2036-09-22T00:00:00.000,140.0,535.9186369021429,-14.469052278135289,-14.28770168228635,-5.667337169115185,-22.80449090762614,-3.755108102278836,-1.331538390862061,2037-02-09T00:00:00.000,63,4
2036-09-22T00:00:00.000,150.0,445.23726012824477,-12.187502062397105,-13.180846796666042,-5.230880520266458,-20.73309048150001,-3.7192250702457663,-1.2424105967971428,2037-02-19T00:00:00.000,63,5
2036-09-22T00:00:00.000,160.0,375.1464558361976,-10.301994181902149,-12.082245960794758,-4.783111592792746,-18.979305255101185,-3.6869208246837673,-1.1571701268177215,2037-03-01T00:00:00.000,63,6
2036-09-22T00:00:00.000,170.0,320.727316688666,-8.76815823595092,-10.9997071281604,-4.328994091115766,-17.49769124944914,-3.6607359159525394,-1.0756998564990692,2037-03-11T00:00:00.000,63,7
2036-09-22T00:00:00.000,180.0,278.50401623445873,-7.553197249156515,-9.94213619570698,-3.873496491849158,-16.25523146835841,-3.6435239945219493,-0.9980977135992202,2037-03-21T00:00:00.000,63,8
2036-09-22T00:00:00.000,190.0,246.01419753699128,-6.633183578901335,-8.919724179147188,-3.4217537942730614,-15.228877735273063,-3.6387320970136194,-0.924721140267998,2037-03-31T00:00:00.000,63,9
2036-09-22T00:00:00.000,200.0,221.54073952233367,-5.991344789486565,-7.944207232696339,-2.9792173134622835,-14.40414134924027,-3.6507858983913266,-0.8562790652278025,2037-04-10T00:00:00.000,63,10
2036-09-22T00:00:00.000,210.0,203.9524234797162,-5.61716713669761,-7.029289248665098,-2.551833779748505,-13.774536903101119,-3.685664577159894,-0.7939982427502112,2037-04-20T00:00:00.000,63,11
2036-09-22T00:00:00.000,220.0,192.62809996779484,-5.506209696493599,-6.191378192316418,-2.1463239463123633,-13.34183472620369,-3.751808957469496,-0.7399159770621413,2037-04-30T00:00:00.000,63,12
2036-09-22T00:00:00.000,230.0,187.45993910114464,-5.660673564494022,-5.4508680298142815,-1.7706540909772,-13.117219407936194,-3.861622410569943,-0.6973997873462885,2037-05-10T00:00:00.000,63,13
2036-09-22T00:00:00.000,240.0,188.9543660526603,-6.090882472851302,-4.834457424990825,-1.4349035661193659,-13.12360694437839,-4.034054786956638,-0.6720928492075018,2037-05-20T00:00:00.000,63,14
2036-09-22T00:00:00.000,250.0,198.48496907713815,-6.817885909830512,-4.379459020975073,-1.1529380097976105,-13.39954260303797,-4.299228734545853,-0.6736908746330386,2037-05-30T00:00:00.000,63,15
2036-09-22T00:00:00.000,260.0,218.81929957694197,-7.877292948612526,-4.142005728739337,-0.9457370729343486,-14.005195568269347,-4.707042971295177,-0.7194047107514034,2037-06-09T00:00:00.000,63,16
2036-09-22T00:00:00.000,270.0,255.17869225442124,-9.323599110491248,-4.2130399780561,-0.8481938998734257,-15.030510990949733,-5.343710196415582,-0.8409476452697131,2037-06-19T00:00:00.000,63,17
2036-09-22T00:00:00.000,280.0,317.356773897552,-11.230532974811204,-4.749735198390969,-0.9232320785278301,-16.602631904079317,-6.364091542736485,-1.098966146370989,2037-06-29T00:00:00.000,63,18
2036-09-22T00:00:00.000,290.0,423.7961149814149,-13.66913269331366,-6.034802024781598,-1.2904418385658687,-18.87715992838162,-8.052901663125823,-1.6123655986603875,2037-07-09T00:00:00.000,63,19
2036-09-22T00:00:00.000,300.0,608.0626784920428,-16.601424490438944,-8.566761157715868,-2.1758830836696905,-21.954895610063513,-10.9194291588359,-2.6098475220635162,2037-07-19T00:00:00.000,63,20
2036-09-22T00:00:00.000,310.0,921.2359722489961,-19.543636891999366,-13.074136652205665,-3.946445469335102,-25.57483446675191,-15.722398668545532,-4.4687799626466695,2037-07-29T00:00:00.000,63,21
2036-09-22T00:00:00.000,320.0,1398.7587850609443,-21.01911979245092,-19.971925328863122,-6.906496293304573,-28.558892427981334,-22.94721790473725,-7.52154497297203,2037-08-08T00:00:00.000,63,22
2036-09-22T00:00:00.000,330.0,1824.0027246323687,-21.755012242197257,-24.095118628068004,-10.796392073253646,31.00571237021281,-26.786907055689515,-12.046166835879879,2037-08-18T00:00:00.000,63,23
2036-09-22T00:00:00.000,340.0,1730.3702308026957,-19.275825435901613,-24.844061687320725,-11.203789231629209,31.146683559985313,-25.154779401886362,-11.291209291270354,2037-08-28T00:00:00.000,63,24
2036-09-22T00:00:00.000,350.0,1639.6820241450084,-16.78206560199403,-25.385695423613743,-11.517330131764588,31.191453332199444,-23.567114226575086,-10.553027537242333,2037-09-07T00:00:00.000,63,25
2036-09-22T00:00:00.000,360.0,1552.0986820910282,-14.30067026437376,-25.723410491216583,-11.737830300363724,31.14760571862864,-22.027840977635297,-9.83359354213361,2037-09-17T00:00:00.000,63,26
2036-09-22T00:00:00.000,370.0,1467.7471688641988,-11.856737635618755,-25.864338372618437,-11.867880011194,31.02271245014789,-20.540170812026975,-9.134542359220472,2037-09-27T00:00:00.000,63,27
2036-09-22T00:00:00.000,380.0,1386.7199272913454,-9.472900693356655,-25.81873148843444,-11.911575980890776,30.82424281014865,-19.10660203518955,-8.457170989239561,2037-10-07T00:00:00.000,63,28
2036-09-22T00:00:00.000,390.0,1309.075459658524,-7.168914600870989,-25.59930316989879,-11.874229120272972,30.559478850207693,-17.7289462952401,-7.802446752315914,2037-10-17T00:00:00.000,63,29
2036-09-22T00:00:00.000,400.0,1234.8400402024101,-4.961417925919557,-25.220561031928437,-11.76206659359589,30.235440023085125,-16.408370903126887,-7.171023017551345,2037-10-27T00:00:00.000,63,30
2036-09-22T00:00:00.000,410.0,1164.0102727352653,-2.863865280635217,-24.698165703481106,-11.581940246398378,29.858819874995056,-15.145453437653988,-6.5632605140829705,2037-11-06T00:00:00.000,63,31
2036-09-22T00:00:00.000,420.0,1096.556225705679,-0.8866031143965749,-24.04835037633858,-11.341059630794245,29.435936229486114,-13.940244775661824,-5.97925242768185,2037-11-16T00:00:00.000,63,32
2036-09-22T00:00:00.000,430.0,1032.4249007415249,0.9629455574139634,-23.28741787612502,-11.046758186190981,28.972695165862532,-12.792336919472694,-5.418851511734435,2037-11-26T00:00:00.000,63,33
2036-09-22T00:00:00.000,440.0,971.5438261798954,2.6800173431637937,-22.43132698962708,-10.706297890024036,28.474568202956743,-11.700932458112051,-4.881697598762134,2037-12-06T00:00:00.000,63,34
2036-09-22T00:00:00.000,450.0,913.8246052130552,4.262198720286651,-21.495377440974565,-10.326719261900147,27.94658145001809,-10.66491301961717,-4.367244068581474,2037-12-16T00:00:00.000,63,35
2036-09-22T00:00:00.000,460.0,859.1662653082329,5.709111864587339,-20.49397438014668,-9.91472931516389,27.393314777476345,-9.68290436620757,-3.874781780333894,2037-12-26T00:00:00.000,63,36
2036-09-22T00:00:00.000,470.0,807.4583538966691,7.0220811296382095,-19.440454124203058,-9.476615333239799,26.818909363079307,-8.753337431234048,-3.403459752452381,2038-01-05T00:00:00.000,63,37
2036-09-22T00:00:00.000,480.0,758.5837583043825,8.203806864840404,-18.346995188158346,-9.018200871621351,26.227082228736382,-7.8745050102756515,-2.9523019687400627,2038-01-15T00:00:00.000,63,38
2036-09-22T00:00:00.000,490.0,712.4211862386835,9.258076012610497,-17.224579501488876,-8.544828245173058,25.621145662817014,-7.044613355235558,-2.5202190060852327,2038-01-25T00:00:00.000,63,39
2036-09-22T00:00:00.000,500.0,668.84731477587,10.189500196707847,-16.082991340086767,-8.061360876559494,25.00403000057435,-6.261829231627793,-2.1060135754974816,2038-02-04T00:00:00.000,63,40
2036-09-22T00:00:00.000,510.0,627.7386361598645,11.003286119875149,-14.930845748917823,-7.572203860545947,24.37830855607569,-5.524323480612594,-1.708378818114884,2038-02-14T00:00:00.000,63,41
2036-09-22T00:00:00.000,520.0,588.9730333348629,11.70503761063844,-13.775636661412502,-7.081338799161247,23.746223629396617,-4.830312499016795,-1.3258875666475909,2038-02-24T00:00:00.000,63,42
2036-09-22T00:00:00.000,530.0,552.4311345077066,12.300586340648687,-12.623799149681453,-6.592372905952979,23.10971279551569,-4.178099765852689,-0.9569698861859219,2038-03-06T00:00:00.000,63,43
2036-09-22T00:00:00.000,540.0,517.997506576017,12.79585563620886,-11.480783337417295,-6.108606160462645,22.470434845975284,-3.5661204259465933,-0.5998745839284734,2038-03-16T00:00:00.000,63,44
2036-09-22T00:00:00.000,550.0,485.56174246591763,13.196765600255702,-10.351113609403725,-5.633108772083745,21.829794414914097,-2.9929931101932397,-0.2526074243538847,2038-03-26T00:00:00.000,63,45
2036-09-22T00:00:00.000,560.0,455.0195755723706,13.509138227189663,-9.238430481724789,-5.168813605422041,21.18896520323415,-2.4575865028505284,0.08716518519388039,2038-04-05T00:00:00.000,63,46
2036-09-22T00:00:00.000,570.0,426.274220771377,13.738624735393664,-8.145530621937192,-4.7186503302080105,20.548912111694076,-1.9591127786551006,0.42226640614635436,2038-04-15T00:00:00.000,63,47
2036-09-22T00:00:00.000,580.0,399.2382186285593,13.89065837035133,-7.074367644159848,-4.2857291519034355,19.910411741661257,-1.4972681295135608,0.7562480111840539,2038-04-25T00:00:00.000,63,48
2036-09-22T00:00:00.000,590.0,373.83634928988084,13.97041897420233,-6.025992324576645,-3.87361336785447,19.274071276849142,-1.0724584256818552,1.0937818018250738,2038-05-05T00:00:00.000,63,49
2036-09-22T00:00:00.000,600.0,350.0107704818915,13.982806491677167,-5.000388192944088,-3.4867555660648986,18.640346040386277,-0.6861844580417937,1.4413260790289755,2038-05-15T00:00:00.000,63,50
2036-10-02T00:00:00.000,100.0,1261.9579707179944,-26.87196968950802,-21.062289093483145,-8.372508762121171,-34.24528386182361,-8.6857668853218,-3.7115977092035486,2037-01-10T00:00:00.000,64,0
2036-10-02T00:00:00.000,110.0,981.7566786080498,-22.252888820783625,-19.588776465730323,-7.863329097800057,-30.088404860630128,-8.078337681768684,-3.3444030633545427,2037-01-20T00:00:00.000,64,1
2036-10-02T00:00:00.000,120.0,777.4216343763217,-18.445100451975623,-18.16698890779047,-7.34612175221858,-26.66496411975414,-7.563947093848906,-3.0311758823929615,2037-01-30T00:00:00.000,64,2
2036-10-02T00:00:00.000,130.0,625.4360058005177,-15.28847521381779,-16.788219061767254,-6.823453602031296,-23.813125480850516,-7.124134242457963,-2.760031146422696,2037-02-09T00:00:00.000,64,3
2036-10-02T00:00:00.000,140.0,510.59895025845947,-12.669642727677136,-15.448595243233399,-6.298092914750043,-21.417880881392293,-6.746070709992811,-2.522668980410849,2037-02-19T00:00:00.000,64,4
2036-10-02T00:00:00.000,150.0,422.7738498583982,-10.506503604529135,-14.14776999862642,-5.773085403015319,-19.395771626527242,-6.42082803597345,-2.31319264274644,2037-03-01T00:00:00.000,64,5
2036-10-02T00:00:00.000,160.0,355.02715772852105,-8.738525603470393,-12.888145394920956,-5.251811654142212,-17.685391045908332,-6.1423357709027115,-2.1273957223129454,2037-03-11T00:00:00.000,64,6
2036-10-02T00:00:00.000,170.0,302.5211569991452,-7.320467501890025,-11.674418292817107,-4.738036217038387,-16.241321286170923,-5.9067679814321075,-1.9623281815346196,2037-03-21T00:00:00.000,64,7
2036-10-02T00:00:00.000,180.0,261.83468084596404,-6.218219495628524,-10.513340836457807,-4.23596054410154,-15.030209224196982,-5.712222406242795,-1.8160414930407942,2037-03-31T00:00:00.000,64,8
2036-10-02T00:00:00.000,190.0,230.53762739187974,-5.406016587789761,-9.413620764808021,-3.7502769499181796,-14.028247582198725,-5.558629985855937,-1.6874625461794928,2037-04-10T00:00:00.000,64,9
2036-10-02T00:00:00.000,200.0,206.92344867809638,-4.864642201373467,-8.38597390096536,-3.2862431111603434,-13.219645560782253,-5.447885311924459,-1.576377351240561,2037-04-20T00:00:00.000,64,10
2036-10-02T00:00:00.000,210.0,189.84665949214266,-4.580354173270859,-7.443384757519325,-2.8498154015872252,-12.595864082782354,-5.384236571955537,-1.483530935785506,2037-04-30T00:00:00.000,64,11
2036-10-02T00:00:00.000,220.0,178.63836295939933,-4.54442527191884,-6.601654414136102,-2.4478771216989132,-12.155524044526446,-5.375036572971151,-1.410879159092401,2037-05-10T00:00:00.000,64,12
2036-10-02T00:00:00.000,230.0,173.09155315847443,-4.7532849377581385,-5.880441589524709,-2.0886497135095228,-11.905001468565588,-5.432057734555009,-1.3620726707436344,2037-05-20T00:00:00.000,64,13
2036-10-02T00:00:00.000,240.0,173.52653626480372,-5.209290932267354,-5.30517543368134,-1.7824512843498077,-11.8598169733747,-5.573754171248815,-1.3433324463227656,2037-05-30T00:00:00.000,64,14
2036-10-02T00:00:00.000,250.0,180.97307831017434,-5.922165313217263,-4.91054095533134,-1.5431095460006468,-12.047001739205845,-5.829195685363278,-1.3650293284350479,2037-06-09T00:00:00.000,64,15
2036-10-02T00:00:00.000,260.0,197.55268924958622,-6.910975197622424,-4.746877740450449,-1.3906319314739415,-12.508598248109307,-6.245064122276727,-1.4445875624672464,2037-06-19T00:00:00.000,64,16
2036-10-02T00:00:00.000,270.0,227.2361181050144,-8.205815868420821,-4.892048498419776,-1.3563326399164044,-13.30600870925806,-6.898394298593512,-1.6119573304822872,2037-06-29T00:00:00.000,64,17
2036-10-02T00:00:00.000,280.0,277.32897894593344,-9.845888415876757,-5.4734737869777454,-1.4927475078225143,-14.522896666171066,-7.920075087321084,-1.920120303743147,2037-07-09T00:00:00.000,64,18
2036-10-02T00:00:00.000,290.0,361.3243019019694,-11.862540717589471,-6.707735844857677,-1.8924749205503026,-16.257029710512214,-9.537134920671978,-2.465024218621741,2037-07-19T00:00:00.000,64,19
2036-10-02T00:00:00.000,300.0,503.81747479542827,-14.211824600298705,-8.960921717912687,-2.71993286477898,-18.56836596689164,-12.138371943995711,-3.419530181797832,2037-07-29T00:00:00.000,64,20
2036-10-02T00:00:00.000,310.0,745.5566592160037,-16.570946547355696,-12.78160395562208,-4.240631346249388,-21.29825570519766,-16.317647070036685,-5.067085674205847,2037-08-08T00:00:00.000,64,21
2036-10-02T00:00:00.000,320.0,1133.0621866266338,-17.938582464664687,-18.650793688263917,-6.73726150753391,-23.68139017684338,-22.640135172392434,-7.725168302020263,2037-08-18T00:00:00.000,64,22
2036-10-02T00:00:00.000,330.0,1659.3960690714912,-16.606357131635693,-26.041115909809044,-10.087827748580692,-24.247416270631454,-30.710274060140925,-11.32863365200074,2037-08-28T00:00:00.000,64,23
2036-10-02T00:00:00.000,340.0,1802.8724145560252,-16.18551840542375,-27.141782058016688,-12.288146293653607,35.72890800246517,-20.923094273360793,-9.409658523849972,2037-09-07T00:00:00.000,64,24
2036-10-02T00:00:00.000,350.0,1711.733417193812,-13.613267110362433,-27.402638976521835,-12.474806357015016,35.52917849518652,-19.344554334257797,-8.671742054508748,2037-09-17T00:00:00.000,64,25
2036-10-02T00:00:00.000,360.0,1623.6043346120077,-11.085369444000124,-27.46287889965485,-12.568934844655011,35.24931419238038,-17.82574530938111,-7.958202544792133,2037-09-27T00:00:00.000,64,26
2036-10-02T00:00:00.000,370.0,1538.6128125573014,-8.624884873790899,-27.333374050303597,-12.574886381214903,34.897346900687864,-16.368657668450787,-7.270147040013683,2037-10-07T00:00:00.000,64,27
2036-10-02T00:00:00.000,380.0,1456.8519624413632,-6.251862409393146,-27.027506999168764,-12.498254152888034,34.48105266958552,-14.97459866939223,-6.608355614619175,2037-10-17T00:00:00.000,64,28
2036-10-02T00:00:00.000,390.0,1378.381351641074,-3.983104654219874,-26.560475424446707,-12.345558271908404,34.00787898535762,-13.644237404789934,-5.97329927260277,2037-10-27T00:00:00.000,64,29
2036-10-02T00:00:00.000,400.0,1303.2290033384515,-1.8321090084752427,-25.948626504633268,-12.123942224640587,33.48488468506656,-12.377662154365048,-5.365163609681031,2037-11-06T00:00:00.000,64,30
2036-10-02T00:00:00.000,410.0,1231.3941268436542,0.19084392312478826,-25.20885690460127,-11.840895875584089,32.91869395642209,-11.17444593171702,-4.783876374469446,2037-11-16T00:00:00.000,64,31
2036-10-02T00:00:00.000,420.0,1162.8503184337642,2.0784905194623917,-24.35809514516891,-11.504013626788328,32.31546460675916,-10.033716400878632,-4.229137130644919,2037-11-26T00:00:00.000,64,32
2036-10-02T00:00:00.000,430.0,1097.5490050132228,3.826304161961449,-23.41287785324844,-11.120792921931425,31.680869864697364,-8.954226850984991,-3.700447423006125,2037-12-06T00:00:00.000,64,33
2036-10-02T00:00:00.000,440.0,1035.4229404745251,5.432169320022311,-22.38902881402909,-10.698479720272868,31.02009232603922,-7.934425492381983,-3.1971400758125608,2037-12-16T00:00:00.000,64,34
2036-10-02T00:00:00.000,450.0,976.3895792757727,6.8960520465877355,-21.301421077656006,-10.243953171213125,30.33782790685214,-6.9725206713754915,-2.7184062715564803,2037-12-26T00:00:00.000,64,35
2036-10-02T00:00:00.000,460.0,920.3542512205598,8.21965252609021,-20.163803309458693,-9.763636989394461,29.638298070714875,-6.0665411786925425,-2.2633198667546814,2038-01-05T00:00:00.000,64,36
2036-10-02T00:00:00.000,470.0,867.213102200492,9.406066645922632,-18.988713872239856,-9.263453498998796,28.925268930032836,-5.214391270759634,-1.830858596723095,2038-01-15T00:00:00.000,64,37
2036-10-02T00:00:00.000,480.0,816.8557189887391,10.459486155538512,-17.787447026562273,-8.748804085435777,28.202074983226908,-4.413899542018651,-1.4199212873091618,2038-01-25T00:00:00.000,64,38
2036-10-02T00:00:00.000,490.0,769.1674295684439,11.3849281351433,-16.57005847767169,-8.224568874915104,27.471645919933195,-3.662861950651667,-1.0293407349998223,2038-02-04T00:00:00.000,64,39
2036-10-02T00:00:00.000,500.0,724.0312930680807,12.187998499440125,-15.34540191444846,-7.695123317665418,26.736535283136583,-2.9590796413447933,-0.6578919347826293,2038-02-14T00:00:00.000,64,40
2036-10-02T00:00:00.000,510.0,681.3297967851925,12.874688727869408,-14.121186832726163,-7.164366827284547,25.99894990756578,-2.3003923500777397,-0.3042951277651298,2038-02-24T00:00:00.000,64,41
2036-10-02T00:00:00.000,520.0,640.9462915689172,13.451202667926129,-12.90405247853668,-6.6357622002350265,25.260779359506095,-1.6847084989250476,0.03278708461784419,2038-03-06T00:00:00.000,64,42
2036-10-02T00:00:00.000,530.0,602.7662010942026,13.923817640017223,-11.699656298734693,-6.1123876744183265,24.523624784227557,-1.1100333373101634,0.3547598154845364,2038-03-16T00:00:00.000,64,43
2036-10-02T00:00:00.000,540.0,566.678019762073,14.298787851822215,-10.512752087612306,-5.596990810528372,23.788826187218618,-0.5744965867822671,0.6631154259630172,2038-03-26T00:00:00.000,64,44
2036-10-02T00:00:00.000,550.0,532.5741670775222,14.582248698891465,-9.347258013886092,-5.092043799926485,23.0574881289079,-0.0763823321295618,0.9594654773007782,2038-04-05T00:00:00.000,64,45
2036-10-02T00:00:00.000,560.0,500.3517854893824,14.780144053574606,-8.206335066922653,-4.599818259695686,22.330504294317443,0.38583506681568025,1.2455901220176617,2038-04-15T00:00:00.000,64,46
2036-10-02T00:00:00.000,570.0,469.9135363755637,14.898179683105674,-7.092447780666577,-4.12247164297583,21.608580482716874,0.8134440427614997,1.5235139273425933,2038-04-25T00:00:00.000,64,47
2036-10-02T00:00:00.000,580.0,441.16851675283124,14.941789112601525,-6.007403664936312,-3.6621549209092548,20.8922562242011,1.2074291327926545,1.7956228736695437,2038-05-05T00:00:00.000,64,48
2036-10-02T00:00:00.000,590.0,414.0335057105728,14.916109270051937,-4.9523633522405195,-3.2211576237075494,20.18192567896331,1.568369492802784,2.064848356034803,2038-05-15T00:00:00.000,64,49
2036-10-02T00:00:00.000,600.0,388.43491287370665,14.825961962686096,-3.927806282918759,-2.8021192230466214,19.477858948828274,1.8962753808132753,2.334965379481771,2038-05-25T00:00:00.000,64,50
2036-10-12T00:00:00.000,100.0,1217.1637913434874,-24.2816786626208,-23.19113082179065,-9.476243405977748,-31.8307531017727,-13.174654074847979,-5.513205812008702,2037-01-20T00:00:00.000,65,0
2036-10-12T00:00:00.000,110.0,944.2300496634609,-19.834065074461634,-21.33052709483311,-8.790204170110641,-27.857245025653796,-12.006004426432877,-4.905079709507477,2037-01-30T00:00:00.000,65,1
2036-10-12T00:00:00.000,120.0,745.5984621155244,-16.189111056897872,-19.588263151266375,-8.12510767673934,-24.589932980138435,-11.027663621160936,-4.395940537171562,2037-02-09T00:00:00.000,65,2
2036-10-12T00:00:00.000,130.0,598.1644630701298,-13.188995284500486,-17.942468651179567,-7.478294230923439,-21.872642257640294,-10.200087876388128,-3.963608337535124,2037-02-19T00:00:00.000,65,3
2036-10-12T00:00:00.000,140.0,487.00487933541206,-10.721682074646218,-16.38020130697067,-6.848846874398362,-19.594305529119204,-9.495320912785257,-3.5926245183937002,2037-03-01T00:00:00.000,65,4
2036-10-12T00:00:00.000,150.0,402.1752454587141,-8.705661733553583,-14.89475881922558,-6.237203090400088,-17.674210294984626,-8.893348926253935,-3.271984227234533,2037-03-11T00:00:00.000,65,5
2036-10-12T00:00:00.000,160.0,336.8774089737662,-7.080372715739919,-13.484040826371011,-5.644901609711846,-16.05281516405521,-8.379848347232596,-2.9937728637671253,2037-03-21T00:00:00.000,65,6
2036-10-12T00:00:00.000,170.0,286.3695639742391,-5.799976595769849,-12.149533055569226,-5.074422927073741,-14.68586709750801,-7.944782629510215,-2.7523263866052474,2037-03-31T00:00:00.000,65,7
2036-10-12T00:00:00.000,180.0,247.297348572872,-4.829200134577462,-10.89565672496865,-4.5290839787481385,-13.54056600353785,-7.581551917022868,-2.543716062416152,2037-04-10T00:00:00.000,65,8
2036-10-12T00:00:00.000,190.0,217.27421507636902,-4.1405531646170495,-9.72938084998285,-4.012978953019454,-12.593061764057149,-7.286538731649561,-2.3654521333524503,2037-04-20T00:00:00.000,65,9
2036-10-12T00:00:00.000,200.0,194.61617696281058,-3.7124630858514713,-8.660064286789412,-3.5309787957136227,-11.826866912794634,-7.0589778989022385,-2.21635444202046,2037-04-30T00:00:00.000,65,10
2036-10-12T00:00:00.000,210.0,178.1780758797908,-3.528083359260741,-7.69951350675133,-3.0887936953362267,-11.231947849208323,-6.901144597883601,-2.0965749763739208,2037-05-10T00:00:00.000,65,11
2036-10-12T00:00:00.000,220.0,167.26335816434872,-3.5746510078306812,-6.862330918740016,-2.6931364847972605,-10.804371907700412,-6.818920976956342,-2.007790465777653,2037-05-20T00:00:00.000,65,12
2036-10-12T00:00:00.000,230.0,161.5963983001123,-3.8433184178034896,-6.1667084338053275,-2.352059407171886,-10.546465599268055,-6.822889091930666,-1.9536238386089906,2037-05-30T00:00:00.000,65,13
2036-10-12T00:00:00.000,240.0,161.36181734697033,-4.329413544779728,-5.63594597775068,-2.0755897685771245,-10.46749310880944,-6.9302372750612875,-1.9404166241682006,2037-06-09T00:00:00.000,65,14
2036-10-12T00:00:00.000,250.0,167.33489229290322,-5.033055112512745,-5.301207005412351,-1.876893854211552,-10.584881332553499,-7.168010769143713,-1.9785856266796849,2037-06-19T00:00:00.000,65,15
2036-10-12T00:00:00.000,260.0,181.15961290795778,-5.959854063501559,-5.206425477349198,-1.7743905580393395,-10.925932096455893,-7.57867936994025,-2.085003534585674,2037-06-29T00:00:00.000,65,16
2036-10-12T00:00:00.000,270.0,205.89154834506814,-7.120889478134842,-5.416971280125214,-1.7955704737286577,-11.52955522233769,-8.229792564953833,-2.287229559524894,2037-07-09T00:00:00.000,65,17
2036-10-12T00:00:00.000,280.0,247.03758562426472,-8.529475451293443,-6.034918668157175,-1.98392881753316,-12.44615391931105,-9.230824560975144,-2.631105502556096,2037-07-19T00:00:00.000,65,18
2036-10-12T00:00:00.000,290.0,314.51737916885764,-10.187310119356331,-7.224973001542207,-2.4112535801053436,-13.729413076618998,-10.76186017639968,-3.194207457890541,2037-07-29T00:00:00.000,65,19
2036-10-12T00:00:00.000,300.0,426.1272379215651,-12.039673943701947,-9.252695269666743,-3.1972009647890394,-15.401338772598207,-13.11692333302238,-4.107593481448879,2037-08-08T00:00:00.000,65,20
2036-10-12T00:00:00.000,310.0,612.2115629697752,-13.852272644630405,-12.51223530663439,-4.528821285457228,-17.344256330277446,-16.74095344440758,-5.579320128078692,2037-08-18T00:00:00.000,65,21
2036-10-12T00:00:00.000,320.0,915.1340309820107,-14.955342499716293,-17.418238559840404,-6.6273479327892035,-19.058921155438767,-22.135809986029347,-7.8674946225073885,2037-08-28T00:00:00.000,65,22
2036-10-12T00:00:00.000,330.0,1361.0169492422738,-14.055924779727306,-23.866673597428505,-9.518375955495337,-19.455328827832,-29.33065756074404,-11.055299927978954,2037-09-07T00:00:00.000,65,23
2036-10-12T00:00:00.000,340.0,1878.2566944931145,-12.756024487501008,-29.08418674016034,-13.211039208405724,39.612509221705956,-16.024944817505844,-7.232354474807483,2037-09-17T00:00:00.000,65,24
2036-10-12T00:00:00.000,350.0,1786.8081926408736,-10.149975275482268,-29.058092622011113,-13.267082461667565,39.1726844171417,-14.48891499455004,-6.510017701711745,2037-09-27T00:00:00.000,65,25
2036-10-12T00:00:00.000,360.0,1698.2542059342575,-7.618653670303951,-28.839535645882812,-13.233362203025386,38.663115456012655,-13.022302487001621,-5.816987803522068,2037-10-07T00:00:00.000,65,26
2036-10-12T00:00:00.000,370.0,1612.7230946576753,-5.182367110550553,-28.442533536914546,-13.11574629396392,38.09200838505646,-11.625841433460241,-5.153814394650142,2037-10-17T00:00:00.000,65,27
2036-10-12T00:00:00.000,380.0,1530.3090892499379,-2.8580502231223672,-27.882938440872643,-12.921040201072472,37.4671753967055,-10.299645880008736,-4.52074681760247,2037-10-27T00:00:00.000,65,28
2036-10-12T00:00:00.000,390.0,1451.0736079680962,-0.6592152384591508,-27.177747143524083,-12.656671768143198,36.79597882389234,-9.043268882946286,-3.9177593431064484,2037-11-06T00:00:00.000,65,29
2036-10-12T00:00:00.000,400.0,1375.0474634783234,1.4039465871338273,-26.3444818142229,-12.330404642551553,36.085289648468944,-7.855769663336805,-3.344580311641587,2037-11-16T00:00:00.000,65,30
2036-10-12T00:00:00.000,410.0,1302.2336850623544,3.3243499194184665,-25.400658045112017,-11.950088969035349,35.341460590468294,-6.735784810843324,-2.800723366693557,2037-11-26T00:00:00.000,65,31
2036-10-12T00:00:00.000,420.0,1232.6107118016362,5.0977192521275505,-24.363351358571215,-11.523454402171316,34.57031290267241,-5.681600105052706,-2.28551916623392,2037-12-06T00:00:00.000,65,32
2036-10-12T00:00:00.000,430.0,1166.1357487260696,6.722247064271826,-23.248870563255718,-11.057951810689488,33.77713534761888,-4.6912201597532395,-1.7981462252635332,2037-12-16T00:00:00.000,65,33
2036-10-12T00:00:00.000,440.0,1102.7480896588984,8.198249341556973,-22.07251754184088,-10.56063556962253,32.966693050693685,-3.7624334849500976,-1.3376596097547946,2037-12-26T00:00:00.000,65,34
2036-10-12T00:00:00.000,450.0,1042.3723099954461,9.527804638980125,-20.848414054703007,-10.038073616583189,32.14324441333621,-2.8928720785876685,-0.903017008092462,2038-01-05T00:00:00.000,65,35
2036-10-12T00:00:00.000,460.0,984.9212818366527,10.714403899707003,-19.589418447704965,-9.496300897714997,31.310564691121343,-2.0800651491714426,-0.4931019518928501,2038-01-15T00:00:00.000,65,36
2036-10-12T00:00:00.000,470.0,930.2989123593591,11.762640684614372,-18.307096069571664,-8.940799557887797,30.471973887550888,-1.321486125643549,-0.10674350335003524,2038-01-25T00:00:00.000,65,37
2036-10-12T00:00:00.000,480.0,878.4025814215959,12.677932521738645,-17.011730223186255,-8.376498346883253,29.63036736144614,-0.6145931822162787,0.2572676966047176,2038-02-04T00:00:00.000,65,38
2036-10-12T00:00:00.000,490.0,829.1252804578132,13.466277992935952,-15.7123650072158,-7.807788552409239,28.788247936952438,0.04313619797783019,0.6001670157472461,2038-02-14T00:00:00.000,65,39
2036-10-12T00:00:00.000,500.0,782.3574589695215,14.1340485918905,-14.416870170948727,-7.238551195509424,27.947758431040157,0.6541760239348129,0.9232071162280988,2038-02-24T00:00:00.000,65,40
2036-10-12T00:00:00.000,510.0,737.9885996582893,14.687812022891357,-13.132022801311983,-6.67219370528225,27.11071383355241,1.2209271693483572,1.227653021283455,2038-03-06T00:00:00.000,65,41
2036-10-12T00:00:00.000,520.0,695.9085476403059,15.134190977168577,-11.863604389699622,-6.111697253528129,26.278632563415698,1.7456964528623296,1.514781215805721,2038-03-16T00:00:00.000,65,42
2036-10-12T00:00:00.000,530.0,656.0085938041918,15.479765194798908,-10.616488834911113,-5.559662934848263,25.452765791724584,2.230678715967617,1.785883484983156,2038-03-26T00:00:00.000,65,43
2036-10-12T00:00:00.000,540.0,618.1823615032318,15.73097529888825,-9.394722305645145,-5.018354917060043,24.63412480107236,2.6779404820713744,2.0422760741160424,2038-04-05T00:00:00.000,65,44
2036-10-12T00:00:00.000,550.0,582.326560610753,15.894050405262377,-8.201616791346892,-4.489756279736131,23.823506877895717,3.0894035652109686,2.2853153526089507,2038-04-15T00:00:00.000,65,45
2036-10-12T00:00:00.000,560.0,548.3416179052763,15.974962568168973,-7.03983134406206,-3.975625734926373,23.021519176680165,3.4668271410136917,2.5164225156667506,2038-04-25T00:00:00.000,65,46
2036-10-12T00:00:00.000,570.0,516.1322262936274,15.979394441607665,-5.911441227725938,-3.477558164584809,22.228600588748403,3.811785756362106,2.737121025295835,2038-05-05T00:00:00.000,65,47
2036-10-12T00:00:00.000,580.0,485.60787395312025,15.912717713351478,-4.8179938404474445,-2.9970530694291373,21.445041940322938,4.125639476332374,2.9490929185494306,2038-05-15T00:00:00.000,65,48
2036-10-12T00:00:00.000,590.0,456.68343303027797,15.779978886637734,-3.760549181854625,-2.535597533103675,20.671004939418644,4.409490184927051,3.154264436257673,2038-05-25T00:00:00.000,65,49
2036-10-12T00:00:00.000,600.0,429.2799384472167,15.585889249541369,-2.73970070702514,-2.0947767433272704,19.906540717281114,4.664113864471009,3.3549391913558004,2038-06-04T00:00:00.000,65,50
2036-10-22T00:00:00.000,100.0,1168.7083051303623,-21.4101246767587,-25.01820341101748,-10.489463727582134,-28.682093829012878,-17.204898941500034,-7.073701373880207,2037-01-30T00:00:00.000,66,0
2036-10-22T00:00:00.000,110.0,904.0743268945996,-17.185670600283473,-22.784338710593182,-9.626092344135767,-24.987675856413787,-15.511929382751362,-6.250634288928605,2037-02-09T00:00:00.000,66,1
2036-10-22T00:00:00.000,120.0,711.9019054166833,-13.747455382948626,-20.735334441837445,-8.813731950130446,-21.95623038926871,-14.100728752180249,-5.5673423792213175,2037-02-19T00:00:00.000,66,2
2036-10-22T00:00:00.000,130.0,569.5855268794058,-10.94158927223383,-18.83628003561957,-8.04437400226376,-19.440675693461237,-12.912125728231473,-4.99226047391501,2037-03-01T00:00:00.000,66,3
2036-10-22T00:00:00.000,140.0,462.53569460066814,-8.658441351343466,-17.06527054845461,-7.3132843431552885,-17.336362766504287,-11.903991713070976,-4.503465545995605,2037-03-11T00:00:00.000,66,4
2036-10-22T00:00:00.000,150.0,381.03777197454076,-6.817795729211145,-15.409309814103274,-6.61816707229517,-15.567155594944097,-11.045872575232606,-4.085356497181813,2037-03-21T00:00:00.000,66,5
2036-10-22T00:00:00.000,160.0,318.4553878615526,-5.3595072956465195,-13.861800006683513,-5.958599955578311,-14.076756605186532,-10.315627342026158,-3.7266800077726465,2037-03-31T00:00:00.000,66,6
2036-10-22T00:00:00.000,170.0,270.16198333470396,-4.23740396339884,-12.420927989683591,-5.335643419663883,-12.823135321803203,-9.697291298570896,-3.4193164995490255,2037-04-10T00:00:00.000,66,7
2036-10-22T00:00:00.000,180.0,232.8850389382725,-3.4152312781863117,-11.088610687198974,-4.751569931874991,-11.774874541236464,-9.179727632393321,-3.1575257831866335,2037-04-20T00:00:00.000,66,8
2036-10-22T00:00:00.000,190.0,204.29413889875937,-2.863892273340735,-9.869824555281923,-4.209692041011123,-10.908750951832928,-8.75582267259069,-2.9374922801243892,2037-04-30T00:00:00.000,66,9
2036-10-22T00:00:00.000,200.0,182.73952363888694,-2.559567083532155,-8.772204908588872,-3.714264027619897,-10.208148480451143,-8.422096119623207,-2.757086359143953,2037-05-10T00:00:00.000,66,10
2036-10-22T00:00:00.000,210.0,167.0887326706321,-2.482473924997308,-7.8058981886378165,-3.270463430947859,-9.662065746818392,-8.178678239901778,-2.615805884034213,2037-05-20T00:00:00.000,66,11
2036-10-22T00:00:00.000,220.0,156.63276112770055,-2.616115197951185,-6.983708722168807,-2.8844808495597283,-9.26457677858302,-8.029673985203306,-2.514898394128487,2037-05-30T00:00:00.000,66,12
2036-10-22T00:00:00.000,230.0,151.0488727996498,-2.9469045596574404,-6.3216449438378035,-2.563770465099701,-9.01466350583258,-7.984010110083428,-2.4577016170287393,2037-06-09T00:00:00.000,66,13
2036-10-22T00:00:00.000,240.0,150.4202559875041,-3.4640849773484934,-5.840072367903703,-2.317557292659024,-8.916367289116053,-8.056967761596626,-2.450289950531978,2037-06-19T00:00:00.000,66,14
2036-10-22T00:00:00.000,250.0,155.3276213362919,-4.15977909760597,-5.5658275029426765,-2.1577679119478894,-8.979192520874566,-8.272771594247565,-2.5025932867273486,2037-06-29T00:00:00.000,66,15
2036-10-22T00:00:00.000,260.0,167.05043503824103,-5.028874855149702,-5.535863671804837,-2.1006488741192584,-9.218589021295518,-8.668888942407936,-2.6302881969259975,2037-07-09T00:00:00.000,66,16
2036-10-22T00:00:00.000,270.0,187.95529147798032,-6.068030011050766,-5.803463249592717,-2.1695661924444636,-9.65599779761617,-9.303165172530857,-2.857991564546845,2037-07-19T00:00:00.000,66,17
2036-10-22T00:00:00.000,280.0,222.22132340260958,-7.271875166354251,-6.448598175128058,-2.399781395683533,-10.31696596988293,-10.265629139006055,-3.2246542387172266,2037-07-29T00:00:00.000,66,18
2036-10-22T00:00:00.000,290.0,277.1744512702505,-8.621652669615223,-7.594456745004081,-2.8463208973055742,-11.223202241564891,-11.697486787690416,-3.7924906812003396,2037-08-08T00:00:00.000,66,19
2036-10-22T00:00:00.000,300.0,365.6362823005889,-10.054575056553109,-9.430537552736782,-3.5956621789346244,-12.367808009529114,-13.818570845603848,-4.660547942575401,2037-08-18T00:00:00.000,66,20
2036-10-22T00:00:00.000,310.0,509.44874876978736,-11.388455427949005,-12.230539999440955,-4.777172054382736,-13.649075303867683,-16.952808621623248,-5.979445790184338,2037-08-28T00:00:00.000,66,21
2036-10-22T00:00:00.000,320.0,741.8891677406378,-12.167554915831804,-16.305039450489893,-6.549081699430138,-14.726764274488389,-21.492517279535605,-7.94249851955628,2037-09-07T00:00:00.000,66,22
2036-10-22T00:00:00.000,330.0,1097.854871769469,-11.488275595102468,-21.724208627957744,-8.982597639747004,-14.845324806485891,-27.63184583018769,-10.67484422257031,2037-09-17T00:00:00.000,66,23
2036-10-22T00:00:00.000,340.0,1573.458475112086,-8.24812067330337,-27.732538005883228,-11.788441693789416,-13.030897685839324,-34.769227278217095,-13.955465420005082,2037-09-27T00:00:00.000,66,24
2036-10-22T00:00:00.000,350.0,1867.4199212444555,-6.448113558833898,-30.320643791981126,-13.879853720816488,42.05730659738278,-9.045974481276877,-4.095513240399356,2037-10-07T00:00:00.000,66,25
2036-10-22T00:00:00.000,360.0,1778.6424846273515,-3.9549926847741492,-29.82814744020041,-13.719696282118147,41.329540422366534,-7.661572474578644,-3.436841619874423,2037-10-17T00:00:00.000,66,26
2036-10-22T00:00:00.000,370.0,1692.7413640727552,-1.5814414048351981,-29.172071705051142,-13.481637196109606,40.551998121293494,-6.353885637110686,-2.811574248331832,2037-10-27T00:00:00.000,66,27
2036-10-22T00:00:00.000,380.0,1609.8132156607141,0.6590388594967358,-28.370023853191974,-13.173378684268357,39.7322733360301,-5.121889081112897,-2.2194421489379845,2037-11-06T00:00:00.000,66,28
2036-10-22T00:00:00.000,390.0,1529.9228996755016,2.756367592368697,-27.44011206227292,-12.80294855467865,38.87741539415284,-3.964095403452511,-1.6599456552297713,2037-11-16T00:00:00.000,66,29
2036-10-22T00:00:00.000,400.0,1453.10580206547,4.703654671718391,-26.400399495978718,-12.378443829976849,37.993907604158174,-2.8786260895071223,-1.132386360289896,2037-11-26T00:00:00.000,66,30
2036-10-22T00:00:00.000,410.0,1379.3706638248564,6.496888165316417,-25.268461447612793,-11.907818730780917,37.08765928559267,-1.8632832270419186,-0.635899486139186,2037-12-06T00:00:00.000,66,31
2036-10-22T00:00:00.000,420.0,1308.7026945118564,8.134576745568701,-24.061053324157015,-11.398723121811308,36.16400989445958,-0.9156186918037577,-0.169485328289964,2037-12-16T00:00:00.000,66,32
2036-10-22T00:00:00.000,430.0,1241.0667544184714,9.617390558033925,-22.793868334701116,-10.85838298321516,35.22774279140789,-0.03299842066619618,0.26796146199445303,2037-12-26T00:00:00.000,66,33
2036-10-22T00:00:00.000,440.0,1176.4104880860098,10.947787212681671,-21.481364825266063,-10.29350977514754,34.283106761522575,0.7873391546041155,0.6776252059082513,2038-01-05T00:00:00.000,66,34
2036-10-22T00:00:00.000,450.0,1114.6673498197508,12.129650316451677,-20.13668552278546,-9.710254011630962,33.33384391664546,1.5482309088976933,1.0607453102431972,2038-01-15T00:00:00.000,66,35
2036-10-22T00:00:00.000,460.0,1055.7594053152586,13.16797025560579,-18.77163188643949,-9.114186069453108,32.38322154613194,2.2525438376111957,1.4185957384097723,2038-01-25T00:00:00.000,66,36
2036-10-22T00:00:00.000,470.0,999.59986962552,14.068557898183961,-17.396679952304446,-8.510296435360855,31.434066291046403,2.9031366655856594,1.7524678418026873,2038-02-04T00:00:00.000,66,37
2036-10-22T00:00:00.000,480.0,946.0953715300654,14.837795705823993,-16.021028689619882,-7.903012455111384,30.48879944274594,3.502827754499421,2.0636564133568633,2038-02-14T00:00:00.000,66,38
2036-10-22T00:00:00.000,490.0,895.1479399696427,15.482425116949752,-14.652670744047825,-7.296226076247771,29.54947228810093,4.054368757367804,2.353448840250792,2038-02-24T00:00:00.000,66,39
2036-10-22T00:00:00.000,500.0,846.6567247745047,16.00936668295448,-13.298480244855284,-6.693330553282182,28.61780075611454,4.560423321148061,2.623117189483475,2038-03-06T00:00:00.000,66,40
2036-10-22T00:00:00.000,510.0,800.5194700954374,16.425576793947002,-11.964316181905494,-6.097267013525282,27.69519881910975,5.023550121107853,2.8739131243196514,2038-03-16T00:00:00.000,66,41
2036-10-22T00:00:00.000,520.0,756.6337315855346,16.737948591864136,-10.655116945918799,-5.510568692743143,26.782809623814977,5.446189704149667,3.107065809800728,2038-03-26T00:00:00.000,66,42
2036-10-22T00:00:00.000,530.0,714.8978775120601,16.95321545380036,-9.374987146024482,-4.935400481944575,25.88153431921345,5.830654138906475,3.3237826505187105,2038-04-05T00:00:00.000,66,43
2036-10-22T00:00:00.000,540.0,675.2119333072613,17.077878926099586,-8.12729890704644,-4.373608806635184,24.99205914016817,6.179118472691883,3.5252529188748856,2038-04-15T00:00:00.000,66,44
2036-10-22T00:00:00.000,550.0,637.4782661776391,17.118164040525627,-6.914782204490516,-3.826768910071584,24.11488014300094,6.493613393651838,3.7126549745597988,2038-04-25T00:00:00.000,66,45
2036-10-22T00:00:00.000,560.0,601.6021340128661,17.07998836090737,-5.7396053986765345,-3.296230710120052,23.250325556867562,6.7760180995877946,3.8871678927717834,2038-05-05T00:00:00.000,66,46
2036-10-22T00:00:00.000,570.0,567.4921317347807,16.968942345121214,-4.603446415631224,-2.7831644201594976,22.3985759638466,7.028052120201956,4.049988879280884,2038-05-15T00:00:00.000,66,47
2036-10-22T00:00:00.000,580.0,535.0605654168401,16.79027771870375,-3.50755504602553,-2.2886075760765108,21.559682493887593,7.251264476886448,4.2023588216431165,2038-05-25T00:00:00.000,66,48
2036-10-22T00:00:00.000,590.0,504.2237941393377,16.54890100290642,-2.452807002628692,-1.8135177255836235,20.733583423949927,7.44701781299187,4.345599870492947,2038-06-04T00:00:00.000,66,49
2036-10-22T00:00:00.000,600.0,474.90258986238814,16.24937934366536,-1.439752579520583,-1.3588379591734547,19.920119697064635,7.616463814908734,4.481171729937561,2038-06-14T00:00:00.000,66,50
2036-11-01T00:00:00.000,100.0,1120.310626319327,-18.296993098554665,-26.50057536586837,-11.406777791859302,-24.974602465334993,-20.671274253155442,-8.323357421656421,2037-02-09T00:00:00.000,67,0
2036-11-01T00:00:00.000,110.0,864.5086131983479,-14.347511236762372,-23.91651404375989,-10.364344746866818,-21.6452066017121,-18.502666613438,-7.324272834863099,2037-02-19T00:00:00.000,67,1
2036-11-01T00:00:00.000,120.0,679.1336819147008,-11.159642452825267,-21.58212383408072,-9.405264785723496,-18.921120631489412,-16.700296402135315,-6.498074795210705,2037-03-01T00:00:00.000,67,2
2036-11-01T00:00:00.000,130.0,542.1502058420716,-8.585103357542383,-19.450070596558636,-8.515540732759794,-16.667359456942112,-15.186865280357724,-5.8058985119806445,2037-03-11T00:00:00.000,67,3
2036-11-01T00:00:00.000,140.0,439.3458562998932,-6.517758098974799,-17.48989282252525,-7.68619398269655,-14.787884383330901,-13.907122172258894,-5.2207551801436045,2037-03-21T00:00:00.000,67,4
2036-11-01T00:00:00.000,150.0,361.2637888408624,-4.879384957784197,-15.682545055545347,-6.9118965223317925,-13.212767948224599,-12.82092302598503,-4.723397585319062,2037-03-31T00:00:00.000,67,5
2036-11-01T00:00:00.000,160.0,301.44826134108854,-3.610690600773083,-14.017016902373491,-6.19002251827831,-11.890194624569304,-11.898845045009107,-4.2998860131187175,2037-04-10T00:00:00.000,67,6
2036-11-01T00:00:00.000,170.0,255.40142475393768,-2.6654681308000043,-12.48815417308347,-5.519991092879945,-10.78131503550814,-11.119367788196318,-3.9400927463558437,2037-04-20T00:00:00.000,67,7
2036-11-01T00:00:00.000,180.0,219.94287648458487,-2.0066768022202233,-11.095223103411048,-4.902815838057723,-9.856853210377505,-10.467056096329337,-3.6367647641757648,2037-04-30T00:00:00.000,67,8
2036-11-01T00:00:00.000,190.0,192.806941323256,-1.6037640233460735,-9.84093849543784,-4.340790144620497,-9.09483315195666,-9.93142019880515,-3.384943736030362,2037-05-10T00:00:00.000,67,9
2036-11-01T00:00:00.000,200.0,172.38625939611848,-1.4308366663052752,-8.730829473147795,-3.837279016613591,-8.479047626439378,-9.50627178326771,-3.1816359828458323,2037-05-20T00:00:00.000,67,10
2036-11-01T00:00:00.000,210.0,157.5700252161528,-1.465430264939787,-7.77289448441706,-3.39661259163634,-7.998037859798796,-9.189487349716885,-3.0256797349969586,2037-05-30T00:00:00.000,67,11
2036-11-01T00:00:00.000,220.0,147.64812635353246,-1.6877126094677255,-6.977553021814085,-3.0240943244212026,-7.644437360008677,-8.983160706341984,-2.9177949767708897,2037-06-09T00:00:00.000,67,12
2036-11-01T00:00:00.000,230.0,142.26704078411638,-2.080002906160029,-6.357966440741256,-2.7261618607000413,-7.414579091546802,-8.894193726719864,-2.8608347786774395,2037-06-19T00:00:00.000,67,13
2036-11-01T00:00:00.000,240.0,141.43458486410367,-2.6264672375383817,-5.930866028248957,-2.5107708830769457,-7.3082790591946285,-8.935454715488241,-2.860295628864243,2037-06-29T00:00:00.000,67,14
2036-11-01T00:00:00.000,250.0,145.58214679008285,-3.312827087290793,-5.718090941613006,-2.388096335024949,-7.328682931001808,-9.127747195902348,-2.925198183819761,2037-07-09T00:00:00.000,67,15
2036-11-01T00:00:00.000,260.0,155.7089298608333,-4.125801397105703,-5.749239620929153,-2.3717428783888668,-7.481961515967402,-9.503007169681336,-3.0695335911830632,2037-07-19T00:00:00.000,67,16
2036-11-01T00:00:00.000,270.0,173.65857081350208,-5.051613491927483,-6.066007505913522,-2.480749515870471,-7.776368830748687,-10.109406168696697,-3.3145988502350487,2037-07-29T00:00:00.000,67,17
2036-11-01T00:00:00.000,280.0,202.62336036428854,-6.0721985719502705,-6.729013869328536,-2.7427953104896066,-8.219514201467177,-11.019379813316956,-3.692724629055178,2037-08-08T00:00:00.000,67,18
2036-11-01T00:00:00.000,290.0,248.04517606459598,-7.156050073644101,-7.828003408843109,-3.199113408172387,-8.811131616820731,-12.34182442037319,-4.2530583904218915,2037-08-18T00:00:00.000,67,19
2036-11-01T00:00:00.000,300.0,319.1731338254047,-8.236977322127014,-9.495108563364811,-3.911211911048156,-9.52511526129074,-14.23877385877262,-5.069776334638883,2037-08-28T00:00:00.000,67,20
2036-11-01T00:00:00.000,310.0,431.4932000411238,-9.167404403423319,-11.91454927267705,-4.966891122191088,-10.26790773515663,-16.940863834294483,-6.250632234528578,2037-09-07T00:00:00.000,67,21
2036-11-01T00:00:00.000,320.0,609.3292013009195,-9.627801255363131,-15.299732837765152,-6.473119424212014,-10.794217602418549,-20.73329322856587,-7.933764525801209,2037-09-17T00:00:00.000,67,22
2036-11-01T00:00:00.000,330.0,883.9751299848222,-9.006485122326902,-19.75587795032653,-8.49831855848691,-10.588992563048041,-25.828347404475757,-10.234492505163402,2037-09-27T00:00:00.000,67,23
2036-11-01T00:00:00.000,340.0,1275.059702047726,-6.435850561035396,-24.92957881942661,-10.912886799622278,-8.884890438536797,-32.01376872485971,-13.085756988960084,2037-10-07T00:00:00.000,67,24
2036-11-01T00:00:00.000,350.0,1752.142566577695,-1.377742872456519,-29.698300558884075,-13.228119273477661,-5.187074105265609,-38.30495911998763,-16.06134912204621,2037-10-17T00:00:00.000,67,25
2036-11-01T00:00:00.000,360.0,1859.0590455064576,-0.15288514507232343,-30.40800915881034,-14.018934100075644,43.06900996210215,-1.8404402674139035,-0.8556903720883309,2037-10-27T00:00:00.000,67,26
2036-11-01T00:00:00.000,370.0,1773.0928602412268,2.1223885981738757,-29.506196414530798,-13.665887729724295,42.10220434062275,-0.6471077810534176,-0.2801810510617706,2037-11-06T00:00:00.000,67,27
2036-11-01T00:00:00.000,380.0,1689.9304528137982,4.247233010917659,-28.47710888030818,-13.250584819565109,41.105289111758935,0.46696381431024747,0.26000893952954307,2037-11-16T00:00:00.000,67,28
2036-11-01T00:00:00.000,390.0,1609.6407699819702,6.21496744257291,-27.33931492914067,-12.781357406891752,40.08480666004273,1.5041870091313783,0.765810975714345,2037-11-26T00:00:00.000,67,29
2036-11-01T00:00:00.000,400.0,1532.2646284583439,8.021853376455898,-26.110848325278326,-12.266373282130418,39.046688528881376,2.4672549890382562,1.2383037615759775,2037-12-06T00:00:00.000,67,30
2036-11-01T00:00:00.000,410.0,1457.8174779167198,9.666721270551081,-24.80887117994191,-11.713471562571602,37.99626464316296,3.3590739099239713,1.6786820875651607,2037-12-16T00:00:00.000,67,31
2036-11-01T00:00:00.000,420.0,1386.2923433698727,11.150597083732219,-23.449429812445786,-11.130041740475672,36.93828185976585,4.182700254432888,2.088227765339065,2037-12-26T00:00:00.000,67,32
2036-11-01T00:00:00.000,430.0,1317.6628098246404,12.476315604154541,-22.047282783800767,-10.522932764741773,35.87692988709223,4.941284228796114,2.4682831830159486,2038-01-05T00:00:00.000,67,33
2036-11-01T00:00:00.000,440.0,1251.8859790146214,13.648148160452413,-20.61582272418098,-9.898407174114597,34.81587324949703,5.638019596833146,2.8202276353698323,2038-01-15T00:00:00.000,67,34
2036-11-01T00:00:00.000,450.0,1188.9052665318586,14.671474441110854,-19.167054533873145,-9.262123001927264,33.75828680331796,6.276100646512862,3.1454569320892034,2038-01-25T00:00:00.000,67,35
2036-11-01T00:00:00.000,460.0,1128.652983679675,15.552489026264373,-17.711615895448197,-8.619135421033759,32.7068931673056,6.858686062794309,3.4453662380310597,2038-02-04T00:00:00.000,67,36
2036-11-01T00:00:00.000,470.0,1071.05268188853,16.297946972698057,-16.258830765551075,-7.97391499380325,31.664000891123372,7.388869210248927,3.7213359495352947,2038-02-14T00:00:00.000,67,37
2036-11-01T00:00:00.000,480.0,1016.021244537416,16.914947126908185,-14.816785453938586,-7.3303768437039,30.631542302638213,7.869654274392019,3.9747204053423744,2038-02-24T00:00:00.000,67,38
2036-11-01T00:00:00.000,490.0,963.470729505526,17.410749449856468,-13.392421789668916,-6.691918565554197,29.61111031755162,8.303937587852584,4.20683917025158,2038-03-06T00:00:00.000,67,39
2036-11-01T00:00:00.000,500.0,913.309974216904,17.792629982735765,-11.99164578064933,-6.061467630044185,28.603993704966847,8.694493467300905,4.418970659574796,2038-03-16T00:00:00.000,67,40
2036-11-01T00:00:00.000,510.0,865.4459463324158,18.06778083440396,-10.61942730130659,-5.441525923063431,27.61120978777256,9.043964055529724,4.6123480517318995,2038-03-26T00:00:00.000,67,41
2036-11-01T00:00:00.000,520.0,819.7848726750607,18.243213462305768,-9.27989195510319,-4.834208888203919,26.63353454727708,9.354852313243793,4.788157097616605,2038-04-05T00:00:00.000,67,42
2036-11-01T00:00:00.000,530.0,776.2332051813387,18.325686994910654,-7.976427439898403,-4.241294080925028,25.67153076968811,9.629517385337891,4.947535552956698,2038-04-15T00:00:00.000,67,43
2036-11-01T00:00:00.000,540.0,734.6984152171198,18.32166437692778,-6.711779122105641,-3.664265857462402,24.72557363001662,9.8701719513763,5.091574366933193,2038-04-25T00:00:00.000,67,44
2036-11-01T00:00:00.000,550.0,695.0896340869676,18.237282617062494,-5.48813624575763,-3.104356868957999,23.795873663366827,10.078880967327748,5.221320630883646,2038-05-05T00:00:00.000,67,45
2036-11-01T00:00:00.000,560.0,657.3181664371984,18.078334681919095,-4.307209646211268,-2.562586785031961,22.882497323738818,10.257561190757585,5.337782412589357,2038-05-15T00:00:00.000,67,46
2036-11-01T00:00:00.000,570.0,621.2978971929459,17.850259722726364,-3.1703020949181067,-2.0397986615635206,21.985385269645295,10.407980889805287,5.441935826124521,2038-05-25T00:00:00.000,67,47
2036-11-01T00:00:00.000,580.0,586.9456167481285,17.558138826468856,-2.0783729747835515,-1.536695195649636,21.104368669013525,10.531759048589048,5.5347349686278005,2038-06-04T00:00:00.000,67,48
2036-11-01T00:00:00.000,590.0,554.1812888857548,17.206703556539598,-1.032101911262842,-1.0538786367138417,20.23918385830313,10.63036323091291,5.617125885576343,2038-06-14T00:00:00.000,67,49
2036-11-01T00:00:00.000,600.0,522.9282541710382,16.80035898509018,-0.03192729801155991,-0.5918833305972626,19.38948487430649,10.705104969645078,5.690066613754041,2038-06-24T00:00:00.000,67,50
2036-11-11T00:00:00.000,100.0,1072.9686778264158,-14.990972324792201,-27.601309303214762,-12.236871738910061,-20.786685558859112,-23.575378684043915,-9.22409351684281,2037-02-19T00:00:00.000,68,0
2036-11-11T00:00:00.000,110.0,826.3718450524675,-11.366055815379841,-24.701679984153753,-11.007943880216025,-17.895868012760033,-20.98556098611288,-8.106539534257312,2037-03-01T00:00:00.000,68,1
2036-11-11T00:00:00.000,120.0,648.0103374379323,-8.469845561108691,-22.111962435457105,-9.900415427785834,-15.539958275568068,-18.840380703473038,-7.1805354382341635,2037-03-11T00:00:00.000,68,2
2036-11-11T00:00:00.000,130.0,516.4773301561645,-6.161264654932712,-19.77412326526185,-8.891913022718976,-13.598676909169342,-17.044913963975873,-6.405015568821784,2037-03-21T00:00:00.000,68,3
2036-11-11T00:00:00.000,140.0,417.9738752267578,-4.338700745653,-17.650117906708054,-7.967958706865414,-11.98650168513344,-15.531447983330045,-5.75080656257573,2037-03-31T00:00:00.000,68,4
2036-11-11T00:00:00.000,150.0,343.3241867983124,-2.9265798630077065,-15.715371296023967,-7.119451983693024,-10.641136917799209,-14.250757796546372,-5.196758039310271,2037-04-10T00:00:00.000,68,5
2036-11-11T00:00:00.000,160.0,286.26883510023674,-1.8669082231581946,-13.954695092971175,-6.341070920558582,-9.516334932828116,-13.166638526585604,-4.727349622854618,2037-04-20T00:00:00.000,68,6
2036-11-11T00:00:00.000,170.0,242.4497726003983,-1.1137420247267222,-12.35963561991695,-5.630227625473486,-8.57727353385716,-12.252393630731111,-4.33116631444828,2037-04-30T00:00:00.000,68,7
2036-11-11T00:00:00.000,180.0,208.78708605951772,-0.6294752741036653,-10.92667728057507,-4.986356612602529,-7.79749601877203,-11.488552269925268,-3.9999135788097995,2037-05-10T00:00:00.000,68,8
2036-11-11T00:00:00.000,190.0,183.0867704244584,-0.38231514070312045,-9.656002764652062,-4.4104204109147,-7.156840441504862,-10.861399795905793,-3.7277875198026624,2037-05-20T00:00:00.000,68,9
2036-11-11T00:00:00.000,200.0,163.79032729724398,-0.3445572396233736,-8.550650186877602,-3.9045729765352135,-6.640013917060216,-10.362082333885155,-3.511095581763022,2037-05-30T00:00:00.000,68,10
2036-11-11T00:00:00.000,210.0,149.81555481315772,-0.49141780269557955,-7.615989254382146,-3.4719530909930105,-6.23559678120613,-9.986155522412085,-3.348071904479963,2037-06-09T00:00:00.000,68,11
2036-11-11T00:00:00.000,220.0,140.45989988052236,-0.8002606276523032,-6.859505839103104,-3.116607073322762,-5.935333890509771,-9.733522744897604,-3.23886499614441,2037-06-19T00:00:00.000,68,12
2036-11-11T00:00:00.000,230.0,135.35139218656167,-1.2500686478460228,-6.29093050833929,-2.843563732843319,-5.733606423642719,-9.608769226627278,-3.1857029859585557,2037-06-29T00:00:00.000,68,13
2036-11-11T00:00:00.000,240.0,134.44204818626343,-1.8210330892026754,-5.922764506920593,-2.6590867901894866,-5.6269847076014585,-9.621960164687694,-3.193270091277266,2037-07-09T00:00:00.000,68,14
2036-11-11T00:00:00.000,250.0,138.0478282040915,-2.494112072924036,-5.771373298066479,-2.5711865150044666,-5.613735984549663,-9.790048757314272,-3.269364132254619,2037-07-19T00:00:00.000,68,15
2036-11-11T00:00:00.000,260.0,146.95039874006073,-3.250241183820556,-5.858854357568205,-2.5904977648810785,-5.693074288473262,-10.139139409095966,-3.4259532876124394,2037-07-29T00:00:00.000,68,16
2036-11-11T00:00:00.000,270.0,162.59279950005978,-4.068704555382413,-6.215958424995815,-2.7316631386459598,-5.863741613766926,-10.707984088683304,-3.6808165593442714,2037-08-08T00:00:00.000,68,17
2036-11-11T00:00:00.000,280.0,187.42862184579653,-4.923701955993414,-6.886441001994545,-3.0154200387188768,-6.12107835136668,-11.553232516948544,-4.060029565354113,2037-08-18T00:00:00.000,68,18
2036-11-11T00:00:00.000,290.0,225.52792254358766,-5.77717714733962,-7.933110029758835,-3.471567517058328,-6.450828941043383,-12.756964247920124,-4.6015857803883815,2037-08-28T00:00:00.000,68,19
2036-11-11T00:00:00.000,300.0,283.59904769287016,-6.564105514159917,-9.444990989004957,-4.142650791400149,-6.816104923581424,-14.43635039888136,-5.360181762246238,2037-09-07T00:00:00.000,68,20
2036-11-11T00:00:00.000,310.0,372.5936522303296,-7.163346457297622,-11.541683623136509,-5.086754079476366,-7.1308085507582675,-16.752124409570694,-6.411828866168223,2037-09-17T00:00:00.000,68,21
2036-11-11T00:00:00.000,320.0,509.7346390242092,-7.3448411680775845,-14.360519740741765,-6.3730631380182885,-7.210095217324678,-19.902053851359923,-7.852223791951594,2037-09-27T00:00:00.000,68,22
2036-11-11T00:00:00.000,330.0,719.2195249023492,-6.69592048724912,-17.987678396438426,-8.052321080194123,-6.698663001494214,-24.059918599957996,-9.770760249753192,2037-10-07T00:00:00.000,68,23
2036-11-11T00:00:00.000,340.0,1025.6399808278152,-4.598193124812452,-22.271038321323335,-10.071715238880714,-5.041766839826408,-29.192084786836833,-12.16728210237486,2037-10-17T00:00:00.000,68,24
2036-11-11T00:00:00.000,350.0,1431.6962618809055,-0.4691726376019876,-26.55327178800351,-12.145971911605383,-1.7010423497815417,-34.774604653179246,-14.816530903698055,2037-10-27T00:00:00.000,68,25
2036-11-11T00:00:00.000,360.0,1942.3790773419714,3.7279363112617343,-30.567568721668017,-14.1258926327933,43.82791086996306,4.252884807320296,1.8456101788322892,2037-11-06T00:00:00.000,68,26
2036-11-11T00:00:00.000,370.0,1856.4460440470493,5.873080250271556,-29.437339121736677,-13.6652242705015,42.69290706644267,5.309251354654219,2.3608431367291365,2037-11-16T00:00:00.000,68,27
2036-11-11T00:00:00.000,380.0,1773.1312336565254,7.854298492934198,-28.199852814675502,-13.15095172543992,41.54001291388936,6.284607521068306,2.839413509258951,2037-11-26T00:00:00.000,68,28
2036-11-11T00:00:00.000,390.0,1692.5084634083912,9.668134020310783,-26.87355864662976,-12.591443331122598,40.37511083634385,7.182147540806479,3.2826277680279334,2037-12-06T00:00:00.000,68,29
2036-11-11T00:00:00.000,400.0,1614.6248452348668,11.313743032264671,-25.475983926021627,-11.994715351526368,39.20345665260109,8.005235732195313,3.691887402735568,2037-12-16T00:00:00.000,68,30
2036-11-11T00:00:00.000,410.0,1539.5033969269732,12.792507401672754,-24.023488734889632,-11.368309925685871,38.02970259537189,8.757346445306382,4.068660795816901,2037-12-26T00:00:00.000,68,31
2036-11-11T00:00:00.000,420.0,1467.1457937031041,14.107635719182039,-22.53109486130368,-10.719204172717257,36.857927269123394,9.442010084508492,4.41445768936051,2038-01-05T00:00:00.000,68,32
2036-11-11T00:00:00.000,430.0,1397.5351800288518,15.263780628644428,-21.0124103173983,-10.053765178832274,35.691671281776706,10.062765620469126,4.730806401656303,2038-01-15T00:00:00.000,68,33
2036-11-11T00:00:00.000,440.0,1330.6388952172229,16.26670215685067,-19.479611396631842,-9.377733290252865,34.5339760212626,10.623120207021078,5.019234249092464,2038-01-25T00:00:00.000,68,34
2036-11-11T00:00:00.000,450.0,1266.4110411938145,17.122967547445036,-17.943467757493003,-8.696225461426536,33.387423935851615,11.126515666688327,5.281251105607123,2038-02-04T00:00:00.000,68,35
2036-11-11T00:00:00.000,460.0,1204.794857861626,17.83969177011101,-16.41340085280912,-8.013755346970607,32.254179172446,11.576301346888204,5.518335881351461,2038-02-14T00:00:00.000,68,36
2036-11-11T00:00:00.000,470.0,1145.7248798188364,18.42431717738312,-14.897565043809802,-7.334264308599789,31.136027540241734,11.975712787085843,5.7319256863093875,2038-02-24T00:00:00.000,68,37
2036-11-11T00:00:00.000,480.0,1089.1288684837427,18.884428384816815,-13.402945716682904,-6.661161042478575,30.03441511785349,12.327855530982522,5.923407382530779,2038-03-06T00:00:00.000,68,38
2036-11-11T00:00:00.000,490.0,1034.9295245229434,19.22760579080709,-11.935472695956532,-5.997370494343662,28.95048504438844,12.635693424327936,6.094111248080437,2038-03-16T00:00:00.000,68,39
2036-11-11T00:00:00.000,500.0,983.045955839798,19.461324895178983,-10.500124406205774,-5.345379610627156,27.885111490859224,12.902040859695912,6.245306608717139,2038-03-26T00:00:00.000,68,40
2036-11-11T00:00:00.000,510.0,933.3949256573122,19.592859574794243,-9.101023915684129,-4.707277326219891,26.838930782553238,13.129558176120494,6.3781989782771715,2038-04-05T00:00:00.000,68,41
2036-11-11T00:00:00.000,520.0,885.8919393193514,19.629210930687456,-7.74154924681949,-4.084803539802957,25.81237039098491,13.320749552477668,6.493928354865246,2038-04-15T00:00:00.000,68,42
2036-11-11T00:00:00.000,530.0,840.4521572938555,19.577064332472943,-6.424432696503979,-3.4793936867967528,24.80567521142809,13.47796303092348,6.593568619196861,2038-04-25T00:00:00.000,68,43
2036-11-11T00:00:00.000,540.0,796.9911478505717,19.442760861368484,-5.151850677392041,-2.8922194410657243,23.818931080411343,13.603392187922175,6.6781278079087505,2038-05-05T00:00:00.000,68,44
2036-11-11T00:00:00.000,550.0,755.4255035884862,19.23228063626108,-3.925505084361271,-2.3242257717249863,22.85208575038764,13.69907902279235,6.748549056849696,2038-05-15T00:00:00.000,68,45
2036-11-11T00:00:00.000,560.0,715.6733397544216,18.951234666370652,-2.7466974960005643,-1.7761644651407726,21.90496746746922,13.766917714067251,6.805712061029179,2038-05-25T00:00:00.000,68,46
2036-11-11T00:00:00.000,570.0,677.6546961965737,18.604862409758,-1.6163981760503319,-1.2486258831724646,20.977301439934514,13.80865894775,6.850434917537636,2038-06-04T00:00:00.000,68,47
2036-11-11T00:00:00.000,580.0,641.2918641001814,18.198042309568727,-0.5353149050531165,-0.7420719778711931,20.068724520155644,13.82591458759504,6.883476305676637,2038-06-14T00:00:00.000,68,48
2036-11-11T00:00:00.000,590.0,606.5096221142031,17.735316994678342,0.4960617947725332,-0.2568583090151755,19.178797572338965,13.820162446459936,6.905538049052132,2038-06-24T00:00:00.000,68,49
2036-11-11T00:00:00.000,600.0,573.2353996954032,17.220897944984664,1.4774183880742093,0.20674797796348088,18.30701580578983,13.792750898218383,6.917267859614841,2038-07-04T00:00:00.000,68,50
2036-11-21T00:00:00.000,100.0,1023.4948873549525,-11.54626484620706,-28.27609507871248,-13.006764022954393,-16.21899551695288,-25.823654395993376,-9.673569424587134,2037-03-01T00:00:00.000,69,0
2036-11-21T00:00:00.000,110.0,786.681312328022,-8.291153887775263,-25.11235591424332,-11.567631378819755,-13.828645181431291,-22.8630562889798,-8.52822032437252,2037-03-11T00:00:00.000,69,1
2036-11-21T00:00:00.000,120.0,615.776625446549,-5.724333770325025,-22.30816272836916,-10.30333214766115,-11.8908456940514,-20.425251083230453,-7.562640564895407,2037-03-21T00:00:00.000,69,2
2036-11-21T00:00:00.000,130.0,490.02565145224736,-3.7129875544861797,-19.79954894466684,-9.175099352072898,-10.302881935587187,-18.394229813938054,-6.747487297181888,2037-03-31T00:00:00.000,69,3
2036-11-21T00:00:00.000,140.0,396.0695402488359,-2.1608124227464316,-17.543075799630167,-8.159484888046121,-8.991603576060072,-16.689033685819574,-6.05778507487672,2037-04-10T00:00:00.000,69,4
2036-11-21T00:00:00.000,150.0,325.0354165479421,-0.9954582775425962,-15.509716342489611,-7.2418841656913315,-7.90365844735679,-15.25139384269611,-5.473809053158406,2037-04-20T00:00:00.000,69,5
2036-11-21T00:00:00.000,160.0,270.8767774206799,-0.16063333113957157,-13.680618776730544,-6.4133036910114,-6.999342735983035,-14.03859074388789,-4.980356273455411,2037-04-30T00:00:00.000,69,6
2036-11-21T00:00:00.000,170.0,229.3878998641203,0.38904117958795226,-12.044189324155955,-5.668512192318756,-6.248618248039804,-13.019042618586308,-4.565873317320319,2037-05-10T00:00:00.000,69,7
2036-11-21T00:00:00.000,180.0,197.5989789405933,0.6914614256770086,-10.594056168484165,-5.004886729139397,-5.628460704415268,-12.169482251695317,-4.221742621846951,2037-05-20T00:00:00.000,69,8
2036-11-21T00:00:00.000,190.0,173.39534837399324,0.7793603144410923,-9.327632862167357,-4.4216540600184215,-5.121047324190833,-11.473130237778278,-3.9417642273947466,2037-05-30T00:00:00.000,69,9
2036-11-21T00:00:00.000,200.0,155.2738829304936,0.6818791940103281,-8.245112185567839,-3.9193825087433103,-4.712484643811525,-10.918538156903706,-3.7218135268403794,2037-06-09T00:00:00.000,69,10
2036-11-21T00:00:00.000,210.0,142.18710824340653,0.42562111294469673,-7.348807695303721,-3.4996570162956075,-4.391886290063223,-10.498919824965158,-3.5596524503825906,2037-06-19T00:00:00.000,69,11
2036-11-21T00:00:00.000,220.0,133.4466933809998,0.03536807570530698,-6.642811544460379,-3.1649133599158485,-4.150670374512309,-10.211876406576735,-3.4548819198269385,2037-06-29T00:00:00.000,69,12
2036-11-21T00:00:00.000,230.0,128.67085225010433,-0.46540929711798285,-6.132946570600907,-2.918413499454017,-3.9819753442840735,-10.059482427570458,-3.4090376790260377,2037-07-09T00:00:00.000,69,13
2036-11-21T00:00:00.000,240.0,127.76904606343051,-1.0541412434676838,-5.827083328203692,-2.764392628072118,-3.8800980423999256,-10.048753227921464,-3.425849355872603,2037-07-19T00:00:00.000,69,14
2036-11-21T00:00:00.000,250.0,130.9647314897692,-1.7086442606951429,-5.735887386586143,-2.7084147831935628,-3.8398332612576667,-10.192563689169132,-3.5117029284578494,2037-07-29T00:00:00.000,69,15
2036-11-21T00:00:00.000,260.0,138.86498656441697,-2.4062779069608045,-5.8740772401721735,-2.7579759542333644,-3.8555301671686912,-10.511144543538666,-3.6763724075923587,2037-08-08T00:00:00.000,69,16
2036-11-21T00:00:00.000,270.0,152.59687333235823,-3.1223994648728195,-6.262325500657376,-2.9234243123759924,-3.919545632641139,-11.034344518298708,-3.9341169806569365,2037-08-18T00:00:00.000,69,17
2036-11-21T00:00:00.000,280.0,174.047104812397,-3.8274557736671384,-6.929920848861279,-3.219268365959847,-4.019506074758439,-11.804887850090731,-4.305264053941087,2037-08-28T00:00:00.000,69,18
2036-11-21T00:00:00.000,290.0,206.26691940373644,-4.481534892890326,-7.918167663407694,-3.665887857529187,-4.133277661310046,-12.88278645715269,-4.8183761037983555,2037-09-07T00:00:00.000,69,19
2036-11-21T00:00:00.000,300.0,254.1368452324022,-5.024273878127324,-9.283940746691055,-4.291423176884782,-4.219626489766487,-14.350594166342752,-5.51289802120378,2037-09-17T00:00:00.000,69,20
2036-11-21T00:00:00.000,310.0,325.40238958216673,-5.356632139491962,-11.101002458324576,-5.132806386013499,-4.2011508462998535,-16.317499785797914,-6.441422349860765,2037-09-27T00:00:00.000,69,21
2036-11-21T00:00:00.000,320.0,432.08066852674744,-5.310210617243202,-13.451778527831657,-6.232616187142414,-3.935015968908825,-18.915368394279056,-7.668452018490364,2037-10-07T00:00:00.000,69,22
2036-11-21T00:00:00.000,330.0,591.6354447187005,-4.604492958082117,-16.39149391927199,-7.623302307222369,-3.1711161330025597,-22.268467648268317,-9.257149441795717,2037-10-17T00:00:00.000,69,23
2036-11-21T00:00:00.000,340.0,825.4622605923208,-2.8187902918116823,-19.85253267028089,-9.28318990481609,-1.5221082024915233,-26.40243884235706,-11.227496176255153,2037-10-27T00:00:00.000,69,24
2036-11-21T00:00:00.000,350.0,1149.287640396758,0.5258164437850716,-23.477750855253365,-11.05689488970399,1.464417632789285,-31.073529315483995,-13.475121419612162,2037-11-06T00:00:00.000,69,25
2036-11-21T00:00:00.000,360.0,1553.1226404817178,5.645491508725113,-26.519733435572114,-12.601201032261924,6.0070051193860685,-35.64208883085295,-15.706050864268043,2037-11-16T00:00:00.000,69,26
2036-11-21T00:00:00.000,370.0,1944.6594742657328,9.61680625820002,-28.96523798446069,-13.480020780640096,42.28374338769477,11.445217596168474,5.074594916411255,2037-11-26T00:00:00.000,69,27
2036-11-21T00:00:00.000,380.0,1861.3772262299335,11.430578382385654,-27.5404035992429,-12.876039141302144,40.998709153719886,12.264401301171864,5.483387154162341,2037-12-06T00:00:00.000,69,28
2036-11-21T00:00:00.000,390.0,1780.5812840531687,13.070211147877066,-26.04678828754861,-12.235667527913181,39.71292290078464,13.006358692197699,5.856592208733415,2037-12-16T00:00:00.000,69,29
2036-11-21T00:00:00.000,400.0,1702.3263190841606,14.537439526599641,-24.50102606368999,-11.566588584693044,38.43088140397715,13.674972001435625,6.195870750552758,2037-12-26T00:00:00.000,69,30
2036-11-21T00:00:00.000,410.0,1626.6441608902558,15.835839944741277,-22.918364878192556,-10.875896705860185,37.156498210857606,14.27413874247256,6.50290433248369,2038-01-05T00:00:00.000,69,31
2036-11-21T00:00:00.000,420.0,1553.5463801704436,16.970437637498165,-21.312593921435212,-10.170054099343343,35.893142391900106,14.807727597263868,6.779374072173408,2038-01-15T00:00:00.000,69,32
2036-11-21T00:00:00.000,430.0,1483.0268674591068,17.94736192068575,-19.69602955690849,-9.454875668366014,34.64368004391187,15.279541243080677,7.026942427198745,2038-01-25T00:00:00.000,69,33
2036-11-21T00:00:00.000,440.0,1415.0643201949852,18.77353976594496,-18.079544919028763,-8.735534248626445,33.41051690631545,15.693285881259014,7.247237990908734,2038-02-04T00:00:00.000,69,34
2036-11-21T00:00:00.000,450.0,1349.6245910702646,19.456431659396916,-16.47263314880626,-8.016582724656793,32.195640978979526,16.05254697748729,7.441843088810914,2038-02-14T00:00:00.000,69,35
2036-11-21T00:00:00.000,460.0,1286.6628600829686,20.003807998007183,-14.883493342830167,-7.301987066544746,31.000664140401806,16.360770650491638,7.612283931842376,2038-02-24T00:00:00.000,69,36
2036-11-21T00:00:00.000,470.0,1226.1256146427604,20.42356188157696,-13.31913335522075,-6.595167899703878,29.826862121119333,16.621250052876327,7.760023023822538,2038-03-06T00:00:00.000,69,37
2036-11-21T00:00:00.000,480.0,1167.9524353689615,20.723561498242567,-11.78548763724852,-5.899051210716137,28.67521242207904,16.83711609856733,7.886453537615645,2038-03-16T00:00:00.000,69,38
2036-11-21T00:00:00.000,490.0,1112.0775546700818,20.91154903760999,-10.287525480693137,-5.216115676611261,27.54642920179382,17.01133195476413,7.992895471946521,2038-03-26T00:00:00.000,69,39
2036-11-21T00:00:00.000,500.0,1058.4312035676387,20.99504417535796,-8.829350773731582,-4.548433988880016,26.44099509920949,17.146690542538984,8.080593119915306,2038-04-05T00:00:00.000,69,40
2036-11-21T00:00:00.000,510.0,1006.9408048670455,20.981273612662648,-7.414315694734563,-3.8977229194097323,25.359190786432883,17.24581447460659,8.150713504460384,2038-04-15T00:00:00.000,69,41
2036-11-21T00:00:00.000,520.0,957.5319964305005,20.877129140785115,-6.045123094858253,-3.2653887029412925,24.301121698723115,17.311158044580033,8.204345663727313,2038-04-25T00:00:00.000,69,42
2036-11-21T00:00:00.000,530.0,910.129493543747,20.68914035334299,-4.723919116559504,-2.6525682377439255,23.26674190446873,17.345010814295968,8.242500503278219,2038-05-05T00:00:00.000,69,43
2036-11-21T00:00:00.000,540.0,864.6578123373981,20.42345942968028,-3.4523771108342363,-2.060166296157149,22.25587535494352,17.349502425843475,8.266110941565394,2038-05-15T00:00:00.000,69,44
2036-11-21T00:00:00.000,550.0,821.0418704170031,20.085854584197993,-2.231774228376267,-1.4888887987728543,21.26823467821916,17.326608350303133,8.276032090585733,2038-05-25T00:00:00.000,69,45
2036-11-21T00:00:00.000,560.0,779.2074854424582,19.681709337152565,-1.0630627284715999,-0.9392738380985213,20.303437818761367,17.278156371566077,8.273041193047415,2038-06-04T00:00:00.000,69,46
2036-11-21T00:00:00.000,570.0,739.0817928191082,19.216034865020443,0.05305885847623415,-0.4117233421544455,19.36102286589258,17.20583370759617,8.257837055309349,2038-06-14T00:00:00.000,69,47
2036-11-21T00:00:00.000,580.0,700.5935648816206,18.6934970635226,1.116098021738864,0.0934770853981508,18.440460566089282,17.11119463141783,8.231038651219201,2038-06-24T00:00:00.000,69,48
2036-11-21T00:00:00.000,590.0,663.6734461649377,18.118423158814423,2.125725220642323,0.576143512460991,17.54116476726102,16.99566857051466,8.193182203146623,2038-07-04T00:00:00.000,69,49
2036-11-21T00:00:00.000,600.0,628.2541527218318,17.494819896775084,3.0817214553214782,1.0361746460452999,16.66250179691201,16.860568991432544,8.144716070857179,2038-07-14T00:00:00.000,69,50
2036-12-01T00:00:00.000,100.0,976.7519946976203,-8.032496761792046,-28.467048245436636,-13.79163087185761,-11.462882788782299,-27.465670286001828,-9.538934353946207,2037-03-11T00:00:00.000,70,0
2036-12-01T00:00:00.000,110.0,749.1389935729476,-5.181220167457688,-25.121236567803194,-12.072564535205233,-9.628215793062804,-24.158539590793225,-8.532374760595076,2037-03-21T00:00:00.000,70,1
2036-12-01T00:00:00.000,120.0,585.4705424195674,-2.9747293359738514,-22.158352504678508,-10.62682312729481,-8.14785338868489,-21.472130096889266,-7.617785549510158,2037-03-31T00:00:00.000,70,2
2036-12-01T00:00:00.000,130.0,465.3733227002631,-1.2865208606198948,-19.523039748474773,-9.371573293996718,-6.943301852855097,-19.25189863091102,-6.821164210421009,2037-04-10T00:00:00.000,70,3
2036-12-01T00:00:00.000,140.0,375.862488618742,-0.02551164617281998,-17.171687970845454,-8.2648644142091,-5.956507892751656,-17.398745160971124,-6.137277015575646,2037-04-20T00:00:00.000,70,4
2036-12-01T00:00:00.000,150.0,308.3508098581523,0.8771870331391476,-15.07305374000505,-7.282586700336211,-5.144551117157416,-15.843950590806399,-5.554604696753155,2037-04-30T00:00:00.000,70,5
2036-12-01T00:00:00.000,160.0,257.0012210657677,1.4758845297878267,-13.205613434819101,-6.410112799160263,-4.475238903795667,-14.537989240740567,-5.061652561746307,2037-05-10T00:00:00.000,70,6
2036-12-01T00:00:00.000,170.0,217.7609677390051,1.8150988684724467,-11.555014074615997,-5.638459133372411,-3.9240219312865854,-13.444463198291588,-4.648594296297549,2037-05-20T00:00:00.000,70,7
2036-12-01T00:00:00.000,180.0,187.77220348275878,1.932687471544476,-10.1120701345909,-4.962226592717958,-3.47187006361192,-12.536468841481042,-4.3075829337029745,2037-05-30T00:00:00.000,70,8
2036-12-01T00:00:00.000,190.0,165.00180193362547,1.8619274619319057,-8.871265851482345,-4.378376498109267,-3.1037877157140734,-11.794310156415678,-4.032685418387835,2037-06-09T00:00:00.000,70,9
2036-12-01T00:00:00.000,200.0,148.00444426568288,1.6328950950861731,-7.829675197250962,-3.885461935786404,-2.807746347087239,-11.204041423162158,-3.819746130853151,2037-06-19T00:00:00.000,70,10
2036-12-01T00:00:00.000,210.0,135.77026804382288,1.273388377114241,-6.986232797839019,-3.4831481042811987,-2.5738830137446307,-10.756568235257493,-3.6662834145261094,2037-06-29T00:00:00.000,70,11
2036-12-01T00:00:00.000,220.0,127.62903674077639,0.8095479638168399,-6.341290347469188,-3.1719273399681294,-2.3938570708820137,-10.44716103278896,-3.5714578843856586,2037-07-09T00:00:00.000,70,12
2036-12-01T00:00:00.000,230.0,123.1951082598284,0.26628337575710326,-5.896478741392041,-2.9530087968584366,-2.2602785019626417,-10.275310804707175,-3.5361330885674978,2037-07-19T00:00:00.000,70,13
2036-12-01T00:00:00.000,240.0,122.34545175846812,-0.3323279107651125,-5.654878859506592,-2.828376034198329,-2.1661228974346436,-10.244904008294688,-3.5630471807856976,2037-07-29T00:00:00.000,70,14
2036-12-01T00:00:00.000,250.0,125.22914363065463,-0.962534620363237,-5.621501541027921,-2.8010049610940424,-2.1040310342293758,-10.364731950875262,-3.657120263835984,2037-08-08T00:00:00.000,70,15
2036-12-01T00:00:00.000,260.0,132.3127862602334,-1.6001170986854294,-5.804111633824959,-2.87525789769445,-2.0653467910005183,-10.649383618067022,-3.8259322325915566,2037-08-18T00:00:00.000,70,16
2036-12-01T00:00:00.000,270.0,144.47356682017124,-2.2190287261583728,-6.214420679560654,-3.0574702206599955,-2.038659879452414,-11.120595379291576,-4.080415558023615,2037-08-28T00:00:00.000,70,17
2036-12-01T00:00:00.000,280.0,163.16183815094374,-2.78904995943413,-6.869638640904409,-3.356731970974314,-2.0074612122660938,-11.809129863823548,-4.435807648167546,2037-09-07T00:00:00.000,70,18
2036-12-01T00:00:00.000,290.0,190.6696886436479,-3.271759556713401,-7.7942609754852175,-3.785820197364032,-1.9462430089248706,-12.757174921172552,-4.912872359879204,2037-09-17T00:00:00.000,70,19
2036-12-01T00:00:00.000,300.0,230.56061008591425,-3.6136738219932543,-9.021592348597979,-4.362070806359982,-1.8139299261094521,-14.020943763071587,-5.539260266665828,2037-09-27T00:00:00.000,70,20
2036-12-01T00:00:00.000,310.0,288.3285270282342,-3.734880246188384,-10.593532429709533,-5.107518999833754,-1.5429293187695627,-15.672254940758073,-6.350458347032883,2037-10-07T00:00:00.000,70,21
2036-12-01T00:00:00.000,320.0,372.3198126413792,-3.511221679440295,-12.554913152499259,-6.046584592352903,-1.021753396077976,-17.795587928605148,-7.388699676821695,2037-10-17T00:00:00.000,70,22
2036-12-01T00:00:00.000,330.0,494.73147618651467,-2.750085963522052,-14.933876471871777,-7.197254164177842,-0.07097647844721067,-20.472156963198604,-8.695816683910767,2037-10-27T00:00:00.000,70,23
2036-12-01T00:00:00.000,340.0,671.7636310192979,-1.1701285712541676,-17.693012801790694,-8.54827910379837,1.5780102965629688,-23.73487204642067,-10.292199155830492,2037-11-06T00:00:00.000,70,24
2036-12-01T00:00:00.000,350.0,920.4179563650104,1.5762837177120552,-20.63793867994921,-10.015269764668071,4.264408708050791,-27.4775564760624,-12.133287470447247,2037-11-16T00:00:00.000,70,25
2036-12-01T00:00:00.000,360.0,1248.3739259857962,5.7623592640577215,-23.317093096019562,-11.390214994240837,8.266229506392367,-31.344910199367234,-14.054891686777538,2037-11-26T00:00:00.000,70,26
2036-12-01T00:00:00.000,370.0,1639.0695524142366,11.308807182697787,-25.05969847769292,-12.353838567670746,13.535289832951158,-34.74284284808226,-15.773406492755608,2037-12-06T00:00:00.000,70,27
2036-12-01T00:00:00.000,380.0,1948.802698496936,14.924738046979332,-26.50459076392439,-12.42907635040608,39.378899888644575,18.225334641988976,8.120475309029693,2037-12-16T00:00:00.000,70,28
2036-12-01T00:00:00.000,390.0,1868.0986273959522,16.373817580897228,-24.86612852763403,-11.717918037794309,37.99767466101558,18.79933805952713,8.417852236478222,2037-12-26T00:00:00.000,70,29
2036-12-01T00:00:00.000,400.0,1789.7202399733121,17.649202044491,-23.193951795642704,-10.98632768691843,36.63008843786812,19.302352773485424,8.681937480493179,2038-01-05T00:00:00.000,70,30
2036-12-01T00:00:00.000,410.0,1713.7084437260985,18.756277274689126,-21.501996142680483,-10.240851909500073,35.27929081622143,19.738556694734203,8.914564646651915,2038-01-15T00:00:00.000,70,31
2036-12-01T00:00:00.000,420.0,1640.0849877756134,19.701527858514176,-19.802686494245503,-9.487370880487763,33.94793091949535,20.112026512856527,9.117530565177233,2038-01-25T00:00:00.000,70,32
2036-12-01T00:00:00.000,430.0,1568.8547972899446,20.49222485668342,-18.106971165320502,-8.731105589862734,32.63820171904025,20.426710704956506,9.29258175176297,2038-02-04T00:00:00.000,70,33
2036-12-01T00:00:00.000,440.0,1500.0082297782606,21.1361574100815,-16.424389774575893,-7.976642088099107,31.351884045833685,20.686408491365317,9.441403512361319,2038-02-14T00:00:00.000,70,34
2036-12-01T00:00:00.000,450.0,1433.5232044979623,21.641406249574494,-14.763163851433294,-7.227966645942893,30.09038932323145,20.89475418296883,9.565611454979127,2038-02-24T00:00:00.000,70,35
2036-12-01T00:00:00.000,460.0,1369.3671794957584,22.016154739378216,-13.130304103939618,-6.488509359329099,28.8548004109895,21.055206282556657,9.666745115948036,2038-03-06T00:00:00.000,70,36
2036-12-01T00:00:00.000,470.0,1307.498966494825,22.268540428294763,-11.531732428937714,-5.761196750759601,27.645910197976676,21.171040717354764,9.746263425761736,2038-03-16T00:00:00.000,70,37
2036-12-01T00:00:00.000,480.0,1247.8703425646045,22.406553814915252,-9.972393950042733,-5.04850080888447,26.46425700131511,21.245347581344028,9.805541804552572,2038-03-26T00:00:00.000,70,38
2036-12-01T00:00:00.000,490.0,1190.4274640176577,22.43794225585866,-8.456360166406233,-4.352481823500434,25.310156728685847,21.2810306585021,9.845870428708174,2038-04-05T00:00:00.000,70,39
2036-12-01T00:00:00.000,500.0,1135.1121395219945,22.37014037280064,-6.9869456772061636,-3.6748397795364074,24.183732663047458,21.280809246589705,9.868453364864639,2038-04-15T00:00:00.000,70,40
2036-12-01T00:00:00.000,510.0,1081.8629424780129,22.210229275259692,-5.566813235897305,-3.016960876698974,23.08494235453545,21.247221866451,9.874408434108577,2038-04-25T00:00:00.000,70,41
2036-12-01T00:00:00.000,520.0,1030.6161666796584,21.964910645275037,-4.198068704867804,-2.3799596817210533,22.013601589360036,21.182631411116372,9.864767521101026,2038-05-05T00:00:00.000,70,42
2036-12-01T00:00:00.000,530.0,981.3066445964579,21.640493049182453,-2.8823470127335913,-1.764717118082208,20.96940569547509,21.089231388843597,9.840477061751052,2038-05-15T00:00:00.000,70,43
2036-12-01T00:00:00.000,540.0,933.86844239394,21.242887024584036,-1.6208905254606947,-1.1719143587199445,19.95194836758199,20.96905298941218,9.802398454383827,2038-05-25T00:00:00.000,70,44
2036-12-01T00:00:00.000,550.0,888.2354511752493,20.777606075118047,-0.4146219095859429,-0.6020643208156935,18.960738326243714,20.82397279874802,9.751308126398452,2038-06-04T00:00:00.000,70,45
2036-12-01T00:00:00.000,560.0,844.3418957757106,20.249780817222344,0.7357833374454934,-0.055543669803563844,17.995214175676693,20.655721096546973,9.68789701271124,2038-06-14T00:00:00.000,70,46
2036-12-01T00:00:00.000,570.0,802.122741927263,19.664187855480574,1.8298479676127783,0.46738711686349177,17.054756992153678,20.465890549542834,9.612769105725029,2038-06-24T00:00:00.000,70,47
2036-12-01T00:00:00.000,580.0,761.5140134714171,19.025258248030916,2.8672488984118694,0.9665689690954249,16.138700869489348,20.25594526665683,9.526438425285892,2038-07-04T00:00:00.000,70,48
2036-12-01T00:00:00.000,590.0,722.4530711798045,18.337097639100172,3.84776391212597,1.4419250989184933,15.246342442883792,20.02723058285817,9.429323860975142,2038-07-14T00:00:00.000,70,49
2036-12-01T00:00:00.000,600.0,684.8788407619571,17.603514803999854,4.7712287741256745,1.8934487451346946,14.376949093633748,19.780983798225805,9.321741012029307,2038-07-24T00:00:00.000,70,50
2036-12-11T00:00:00.000,100.0,936.8173418676448,-4.553206164093375,-28.068789170920553,-14.815246960171093,-6.526858968463099,-28.669192982605026,-8.50263650873001,2037-03-21T00:00:00.000,71,0
2036-12-11T00:00:00.000,110.0,715.0363424794602,-2.1024235591286775,-24.69883877989734,-12.595647628890319,-5.33087252513862,-24.943031508519397,-8.028905265675453,2037-03-31T00:00:00.000,71,1
2036-12-11T00:00:00.000,120.0,557.6851553078267,-0.2735540045819249,-21.657376319546753,-10.901979079497169,-4.343146372372789,-22.02783382428059,-7.320981621739783,2037-04-10T00:00:00.000,71,2
2036-12-11T00:00:00.000,130.0,442.8604939257484,1.0739865158011206,-18.95054389758381,-9.497773908184415,-3.5427170988528296,-19.657378753959307,-6.625489416385285,2037-04-20T00:00:00.000,71,3
2036-12-11T00:00:00.000,140.0,357.5777843406446,2.0297315440726074,-16.548118829477566,-8.294825088943636,-2.8940898549301117,-17.697719091259238,-5.999397237982622,2037-04-30T00:00:00.000,71,4
2036-12-11T00:00:00.000,150.0,293.4337931509689,2.6598676376356423,-14.421355638817815,-7.249969250880008,-2.36738470675294,-16.06486146921535,-5.454311026712827,2037-05-10T00:00:00.000,71,5
2036-12-11T00:00:00.000,160.0,244.76814475757186,3.0167462377174346,-12.547951410654177,-6.338934348959396,-1.939163106559608,-14.701000225186485,-4.988825872166401,2037-05-20T00:00:00.000,71,6
2036-12-11T00:00:00.000,170.0,207.66968049079293,3.143795677573994,-10.911556406293561,-5.5470153729552765,-1.5911140428162085,-13.564539398159638,-4.597967758621297,2037-05-30T00:00:00.000,71,7
2036-12-11T00:00:00.000,180.0,179.3886797225031,3.0784658318807914,-9.500405137132805,-4.864925926050713,-1.3087459134805535,-12.624925541222625,-4.276344108585706,2037-06-09T00:00:00.000,71,8
2036-12-11T00:00:00.000,190.0,157.97266948607077,2.854084056496646,-8.306026239432377,-4.2866529979271215,-1.0803513340867035,-11.859641196072008,-4.019256297057895,2037-06-19T00:00:00.000,71,9
2036-12-11T00:00:00.000,200.0,142.03458856851717,2.5010532855319454,-7.3222301749733685,-3.8082394460652242,-0.8962110319953602,-11.25234853578186,-3.82309387589879,2037-06-29T00:00:00.000,71,10
2036-12-11T00:00:00.000,210.0,130.60352247020018,2.047624834359951,-6.544370173774283,-3.4270504731523417,-0.7479628477672264,-10.791725407802,-3.685476464605475,2037-07-09T00:00:00.000,71,11
2036-12-11T00:00:00.000,220.0,123.02976705181163,1.5203834909605636,-5.968896268407427,-3.141349162258818,-0.6280661332436388,-10.470765394600173,-3.6053255103149127,2037-07-19T00:00:00.000,71,12
2036-12-11T00:00:00.000,230.0,118.92809504701515,0.9446136085499832,-5.593183175510699,-2.9500943782986413,-0.5292974203874117,-10.286420628273518,-3.5829443124357128,2037-07-29T00:00:00.000,71,13
2036-12-11T00:00:00.000,240.0,118.15066906260925,0.3446528194601264,-5.415599814124761,-2.8529040982229628,-0.4442121066541951,-10.239525863887689,-3.6201456807269756,2037-08-08T00:00:00.000,71,14
2036-12-11T00:00:00.000,250.0,120.7864373629062,-0.2556508207515608,-5.435815735339244,-2.850162880763012,-0.36449394174205096,-10.33497995058712,-3.7204530571291694,2037-08-18T00:00:00.000,71,15
2036-12-11T00:00:00.000,260.0,127.188467041888,-0.8322332515356998,-5.655329042844425,-2.9432592973232596,-0.2800849646063952,-10.582183751490108,-3.8893966761167698,2037-08-28T00:00:00.000,71,16
2036-12-11T00:00:00.000,270.0,138.0356306853706,-1.3596785367806605,-6.078187907294183,-3.1349370625212165,-0.1779355883594178,-10.995743521065448,-4.134923703130811,2037-09-07T00:00:00.000,71,17
2036-12-11T00:00:00.000,280.0,154.44134619720586,-1.8093900137039087,-6.711852345560288,-3.429737234727196,-0.0401252359558697,-11.596435688958307,-4.467931901282676,2037-09-17T00:00:00.000,71,18
2036-12-11T00:00:00.000,290.0,178.13049590882628,-2.146656232330935,-7.56804074915982,-3.8344660878509025,0.15903846672264166,-12.41236215824307,-4.902904070807853,2037-09-27T00:00:00.000,71,19
2036-12-11T00:00:00.000,300.0,211.71616181867543,-2.326051743845076,-8.663169388499771,-4.358507079387367,0.4575409726124029,-13.480032495946162,-5.458529287756164,2037-10-07T00:00:00.000,71,20
2036-12-11T00:00:00.000,310.0,259.1167950474788,-2.284375462476069,-10.01755278031928,-5.0135931938309355,0.9126435182693946,-14.844637514424887,-6.157971575232297,2037-10-17T00:00:00.000,71,21
2036-12-11T00:00:00.000,320.0,326.1455565881688,-1.930263508261108,-11.651399812768222,-5.812109969693768,1.6112396815994607,-16.557707389873066,-7.027929230431321,2037-10-27T00:00:00.000,71,22
2036-12-11T00:00:00.000,330.0,421.225715167395,-1.1306010798924113,-13.573578100919386,-6.761975007723337,2.683644164474913,-18.668199417158014,-8.094572236202227,2037-11-06T00:00:00.000,71,23
2036-12-11T00:00:00.000,340.0,555.9109406501306,0.30211075650338515,-15.75610014866906,-7.854595138225417,4.316985881725582,-21.19967869227186,-9.37273689439467,2037-11-16T00:00:00.000,71,24
2036-12-11T00:00:00.000,350.0,744.2050287952563,2.6060426357514643,-18.086242691335535,-9.04165552670573,6.753384357490798,-24.104226389872224,-10.84357407228089,2037-11-26T00:00:00.000,71,25
2036-12-11T00:00:00.000,360.0,998.6440785333946,6.01502665133933,-20.300995537641153,-10.202257530679478,10.238662155208694,-27.194482201497436,-12.420709061777874,2037-12-06T00:00:00.000,71,26
2036-12-11T00:00:00.000,370.0,1321.4164602492917,10.614232852995634,-21.954488610695556,-11.124063258843965,14.883549343595838,-30.099139077685038,-13.926171260192554,2037-12-16T00:00:00.000,71,27
2036-12-11T00:00:00.000,380.0,1694.3490983135953,16.152400584510872,-22.52243810934209,-11.549636080087673,20.480579247435394,-32.343418462877395,-15.126078610740976,2037-12-26T00:00:00.000,71,28
2036-12-11T00:00:00.000,390.0,1957.8829478021655,19.534350797582974,-23.34465879609526,-11.044468946333971,35.28829736262928,24.37593457965876,10.882684890090921,2038-01-05T00:00:00.000,71,29
2036-12-11T00:00:00.000,400.0,1879.4470533350595,20.60783601156922,-21.568097221403345,-10.260368245095968,33.86122385838934,24.70559928405347,11.067878575539273,2038-01-15T00:00:00.000,71,30
2036-12-11T00:00:00.000,410.0,1803.1621287919381,21.51567159406502,-19.787736826793157,-9.46965441050164,32.45931067958596,24.97203200824461,11.222873802073225,2038-01-25T00:00:00.000,71,31
2036-12-11T00:00:00.000,420.0,1729.0602304526092,22.265455119257417,-18.014572734475234,-8.677587912331589,31.08450288525548,25.17939755846347,11.349530801843603,2038-02-04T00:00:00.000,71,32
2036-12-11T00:00:00.000,430.0,1657.1574170108472,22.86528582009875,-16.25816598757349,-7.88878069958554,29.738344248889824,25.331683423058493,11.449633762671727,2038-02-14T00:00:00.000,71,33
2036-12-11T00:00:00.000,440.0,1587.4557827153662,23.323535551879807,-14.526738638259484,-7.107233535416854,28.42202048517923,25.432687299895292,11.524883989054416,2038-02-24T00:00:00.000,71,34
2036-12-11T00:00:00.000,450.0,1519.9453832037523,23.64865839995567,-12.82728527559551,-6.336381673744736,27.136400404735355,25.486009069700728,11.576895005862465,2038-03-06T00:00:00.000,71,35
2036-12-11T00:00:00.000,460.0,1454.60603678494,23.849041676629156,-11.165698978044992,-5.579149385647617,25.882074676316464,25.49504662742188,11.607189354021175,2038-03-16T00:00:00.000,71,36
2036-12-11T00:00:00.000,470.0,1391.40895207613,23.932904781799863,-9.546886902064188,-4.838000740973052,24.659391291295396,25.46299492064412,11.617196860265668,2038-03-26T00:00:00.000,71,37
2036-12-11T00:00:00.000,480.0,1330.3181766624716,23.90820374091771,-7.974876565967007,-4.11498399536291,23.468487669501766,25.392847489463414,11.608253940441127,2038-04-05T00:00:00.000,71,38
2036-12-11T00:00:00.000,490.0,1271.2919221703794,23.782562651991267,-6.452935337032352,-3.4117843711684603,22.30932031667337,25.287400127223876,11.581603687923447,2038-04-15T00:00:00.000,71,39
2036-12-11T00:00:00.000,500.0,1214.283742135935,23.563234207504905,-4.983677881384859,-2.7297718019068054,21.181691558355173,25.149256223531772,11.53839660723224,2038-04-25T00:00:00.000,71,40
2036-12-11T00:00:00.000,510.0,1159.2435612525576,23.257075263882857,-3.569163169115374,-2.0700441633535034,20.085273323914194,24.980833347653572,11.479691721164707,2038-05-05T00:00:00.000,71,41
2036-12-11T00:00:00.000,520.0,1106.1185722612463,22.870534769250234,-2.210982172846469,-1.4334662226303951,19.019628254932925,24.784370749905577,11.406457812863215,2038-05-15T00:00:00.000,71,42
2036-12-11T00:00:00.000,530.0,1054.854012181042,22.40965055434709,-0.91033770113118,-0.820704399388041,17.984228334792224,24.561937520830483,11.319574577073038,2038-05-25T00:00:00.000,71,43
2036-12-11T00:00:00.000,540.0,1005.3938357007988,21.88005209967189,0.3318815295408548,-0.23225907290562287,16.9784713621468,24.315441248571652,11.219833456554525,2038-06-04T00:00:00.000,71,44
2036-12-11T00:00:00.000,550.0,957.6813069555976,21.286976513022267,1.5150273822318674,0.33150261236886003,16.001695647815385,24.046637127416275,11.107937982031089,2038-06-14T00:00:00.000,71,45
2036-12-11T00:00:00.000,560.0,911.6594888644541,20.63529924093355,2.6386426109753316,0.870325838802712,15.05319250739069,23.75713726343139,10.98450332269833,2038-06-24T00:00:00.000,71,46
2036-12-11T00:00:00.000,570.0,867.2716380096347,19.929544401945186,3.70241626390321,1.3840523778589713,14.1322167506041,23.448420092973656,10.850054509863483,2038-07-04T00:00:00.000,71,47
2036-12-11T00:00:00.000,580.0,824.4615597350215,19.173906870481687,4.706130141679935,1.8726002682659075,13.237996190970797,23.121840303060907,10.705023007103367,2038-07-14T00:00:00.000,71,48
2036-12-11T00:00:00.000,590.0,783.1739114584481,18.37228283065966,5.6496160065800325,2.335949941279326,12.369739920431865,22.778639339219943,10.549741021137157,2038-07-24T00:00:00.000,71,49
2036-12-11T00:00:00.000,600.0,743.354454057775,17.528300483221635,6.532719501784065,2.7741357393379893,11.526645358315466,22.419956757258205,10.384432572079788,2038-08-03T00:00:00.000,71,50
2036-12-21T00:00:00.000,100.0,922.6709657516283,-1.421918852734155,-26.72738052341578,-16.93216017094053,-1.2041002492711712,-29.885885390681683,-5.296693568290732,2037-03-31T00:00:00.000,72,0
2036-12-21T00:00:00.000,110.0,684.7195401635361,0.8544003872172539,-23.7813449761032,-13.31202944882854,-1.026918047639544,-25.26106815228773,-6.748586169890903,2037-04-10T00:00:00.000,72,1
2036-12-21T00:00:00.000,120.0,530.6987851898378,2.3219431538406923,-20.793756200836626,-11.185863457734474,-0.5908579489551187,-22.07030948237661,-6.576557718602598,2037-04-20T00:00:00.000,72,2
2036-12-21T00:00:00.000,130.0,420.4393030569842,3.323918707010396,-18.087322017564695,-9.57787777299691,-0.21156113199901228,-19.57079508557708,-6.113797891880594,2037-04-30T00:00:00.000,72,3
2036-12-21T00:00:00.000,140.0,339.1817255346806,3.9682700515500784,-15.684903890469897,-8.26217963741312,0.09334772026916127,-17.539851453117258,-5.614857321462545,2037-05-10T00:00:00.000,72,4
2036-12-21T00:00:00.000,150.0,278.3454201716031,4.322343678712706,-13.570803201430156,-7.152440673894535,0.33395104021582966,-15.865263773397885,-5.1504662191738095,2037-05-20T00:00:00.000,72,5
2036-12-21T00:00:00.000,160.0,232.34757720730659,4.43734808490197,-11.725583922582167,-6.206304434885183,0.5227202406339373,-14.477126327053847,-4.742062216785284,2037-05-30T00:00:00.000,72,6
2036-12-21T00:00:00.000,170.0,197.38707775237376,4.35558848859586,-10.132314319031307,-5.399768455578565,0.6707426104372303,-13.327470767009915,-4.394963601375298,2037-06-09T00:00:00.000,72,7
2036-12-21T00:00:00.000,180.0,170.81178646411445,4.11373313274132,-8.777195202233587,-4.717902801764677,0.7873884274342586,-12.381798535583325,-4.108877091454996,2037-06-19T00:00:00.000,72,8
2036-12-21T00:00:00.000,190.0,150.7466357821956,3.7446045800105576,-7.648979501604897,-4.150751235980009,0.8806313581156289,-11.614780285905645,-3.8817525814297613,2037-06-29T00:00:00.000,72,9
2036-12-21T00:00:00.000,200.0,135.8622830842956,3.2782345183565873,-6.7382253417176905,-3.6912498196252237,0.9574643981056354,-11.007794586786867,-3.711334442725628,2037-07-09T00:00:00.000,72,10
2036-12-21T00:00:00.000,210.0,125.22742854785983,2.742478652242621,-6.036701853309612,-3.3340874920154837,1.0243012725171212,-10.547427770967602,-3.5958313179570935,2037-07-19T00:00:00.000,72,11
2036-12-21T00:00:00.000,220.0,118.21443625719445,2.1634151363274867,-5.5370157033393745,-3.0750743627042096,1.0873606216384282,-10.224543029805393,-3.534233009772064,2037-07-29T00:00:00.000,72,12
2036-12-21T00:00:00.000,230.0,114.44129520672408,1.5656449296603578,-5.232445186551367,-2.910808085727224,1.1530597465633718,-10.033723569071327,-3.5264911409277415,2037-08-08T00:00:00.000,72,13
2036-12-21T00:00:00.000,240.0,113.74062377224615,0.9725942931029419,-5.116972234461667,-2.8385411186717597,1.2284577000794172,-9.972986744608628,-3.57366070622581,2037-08-18T00:00:00.000,72,14
2036-12-21T00:00:00.000,250.0,116.15136820362088,0.40692043924302235,-5.185484551076232,-2.856192376809979,1.3218003769238962,-10.043712462622656,-3.6780500180588986,2037-08-28T00:00:00.000,72,15
2036-12-21T00:00:00.000,260.0,121.93263521829236,-0.10888139765665183,-5.434111375522697,-2.962462968462839,1.4432398026001714,-10.25075305682313,-3.843404201813053,2037-09-07T00:00:00.000,72,16
2036-12-21T00:00:00.000,270.0,131.60265928686772,-0.55155172333619,-5.860652940347201,-3.1570270375598204,1.6058310739225412,-10.602699855215365,-4.075134553497419,2037-09-17T00:00:00.000,72,17
2036-12-21T00:00:00.000,280.0,146.00990316228493,-0.8956492658324162,-6.465025093909533,-3.44075890645472,1.826958671077108,-11.112269694827317,-4.38059212959658,2037-09-27T00:00:00.000,72,18
2036-12-21T00:00:00.000,290.0,166.4482318682165,-1.1114571422677084,-7.249565270370821,-3.81591867482563,2.130413688191691,-11.796728314981138,-4.769357446019772,2037-10-07T00:00:00.000,72,19
2036-12-21T00:00:00.000,300.0,194.83419466099394,-1.161929808758872,-8.218983443783765,-4.286196980476865,2.5494363503785458,-12.678158178375885,-5.253463063584165,2037-10-17T00:00:00.000,72,20
2036-12-21T00:00:00.000,310.0,233.97014132628138,-0.9982855666953352,-9.379429986700188,-4.856371627361877,3.131129438945308,-13.78313176546296,-5.847345423244407,2037-10-27T00:00:00.000,72,21
2036-12-21T00:00:00.000,320.0,287.9161823423939,-0.5539299414528642,-10.735652749646565,-5.531077597864958,3.942638504904437,-15.140849344783739,-6.567074316664964,2037-11-06T00:00:00.000,72,22
2036-12-21T00:00:00.000,330.0,362.46827943206847,0.2631731203147858,-12.2843272393693,-6.311748796102026,5.079080986422721,-16.777869385679086,-7.4279414808222715,2037-11-16T00:00:00.000,72,23
2036-12-21T00:00:00.000,340.0,465.6413882399379,1.5779194456529524,-14.000317941744731,-7.190096607699768,6.671608146003354,-18.706112187443484,-8.43874397152194,2037-11-26T00:00:00.000,72,24
2036-12-21T00:00:00.000,350.0,607.7915330796914,3.5491218685326977,-15.811724169437841,-8.135933716745935,8.889650603889539,-20.899531120756553,-9.590372472067294,2037-12-06T00:00:00.000,72,25
2036-12-21T00:00:00.000,360.0,800.4878056608438,6.349489342692646,-17.562599237979896,-9.078423525580263,11.922800224243737,-23.25703433713358,-10.837204174278854,2037-12-16T00:00:00.000,72,26
2036-12-21T00:00:00.000,370.0,1052.7208706069018,10.101403624402012,-18.97726765914006,-9.886985707181507,15.919051001875134,-25.562982809156694,-12.076365169427405,2037-12-26T00:00:00.000,72,27
2036-12-21T00:00:00.000,380.0,1363.8902050207105,14.760008719690946,-19.6713052587778,-10.373685829606954,20.869913342412424,-27.48709021106075,-13.145219428747266,2038-01-05T00:00:00.000,72,28
2036-12-21T00:00:00.000,390.0,1717.2144441884452,20.005357449273472,-19.26633620119167,-10.346568754729908,26.501834263502786,-28.680809752799103,-13.866447879035888,2038-01-15T00:00:00.000,72,29
2036-12-21T00:00:00.000,400.0,1972.7747991195706,23.375999537748115,-19.640534087433384,-9.397157939670127,30.123391202682257,29.80057486984453,13.314722640615782,2038-01-25T00:00:00.000,72,30
2036-12-21T00:00:00.000,410.0,1896.3882572375749,24.079546332034898,-17.792284280771877,-8.570604270621974,28.69601042539287,29.89360023748226,13.390291548167248,2038-02-04T00:00:00.000,72,31
2036-12-21T00:00:00.000,420.0,1821.9620522728692,24.630256946767275,-15.964464227924717,-7.748798246997932,27.302597406931184,29.931893853311923,13.439194821936745,2038-02-14T00:00:00.000,72,32
2036-12-21T00:00:00.000,430.0,1749.5236894204413,25.03677326912053,-14.165275689902643,-6.935748999264985,25.944088495030513,29.919389269329272,13.463213113250905,2038-02-24T00:00:00.000,72,33
2036-12-21T00:00:00.000,440.0,1679.0873008716076,25.30779896678402,-12.401679350878936,-6.134892066844284,24.621118914311587,29.85980162367894,13.46402804785686,2038-03-06T00:00:00.000,72,34
2036-12-21T00:00:00.000,450.0,1610.6553866093705,25.45195016439793,-10.679524487573063,-5.3491458503014035,23.334061143304858,29.75662613599749,13.443220528294253,2038-03-16T00:00:00.000,72,35
2036-12-21T00:00:00.000,460.0,1544.2204166825104,25.477654605179488,-9.003667878338852,-4.580964127263775,22.083059958221433,29.613139474003027,13.402270332199368,2038-03-26T00:00:00.000,72,36
2036-12-21T00:00:00.000,470.0,1479.7662781624583,25.393056994164294,-7.378082989157269,-3.832381979547697,20.86806405675452,29.432403306383456,13.342556587702248,2038-04-05T00:00:00.000,72,37
2036-12-21T00:00:00.000,480.0,1417.26962001223,25.20595163379934,-5.805981991259168,-3.10506994948641,19.688855205994958,29.217269770667922,13.265358941152318,2038-04-15T00:00:00.000,72,38
2036-12-21T00:00:00.000,490.0,1356.7010686982535,24.923744368394065,-4.289925379133537,-2.4003830035032347,18.54507447918407,28.970388403723256,13.171859283988201,2038-04-25T00:00:00.000,72,39
2036-12-21T00:00:00.000,500.0,1298.0263072640148,24.55342973901689,-2.831920804050476,-1.7194048456349362,17.436245554486824,28.694214097556628,13.063143785139768,2038-05-05T00:00:00.000,72,40
2036-12-21T00:00:00.000,510.0,1241.207030588109,24.101580608584523,-1.4335122977033041,-1.0629878418335235,16.361795357711326,28.391015783704106,12.94020502271697,2038-05-15T00:00:00.000,72,41
2036-12-21T00:00:00.000,520.0,1186.2017856995049,23.57434672213287,-0.09586135755606051,-0.431788680211187,15.321072254786243,28.062885598799586,12.80394402251943,2038-05-25T00:00:00.000,72,42
2036-12-21T00:00:00.000,530.0,1132.9667128634546,22.97745929917899,1.1801779773814438,0.17369846285704504,14.313362118205891,27.71174838852381,12.655172025212112,2038-06-04T00:00:00.000,72,43
2036-12-21T00:00:00.000,540.0,1081.4562082211166,22.316248886352255,2.3939848317563257,0.7531082528246262,13.337902653921482,27.339371525436658,12.494611863110203,2038-06-14T00:00:00.000,72,44
2036-12-21T00:00:00.000,550.0,1031.6234854436964,21.595677944526436,3.545121229324373,1.3061823674055537,12.393895602418961,26.94737473060998,12.322898699904945,2038-06-24T00:00:00.000,72,45
2036-12-21T00:00:00.000,560.0,983.4210398451712,20.820353085754135,4.633287167560642,1.8327527200152485,11.48051698635739,26.537239765038045,12.14057969060844,2038-07-04T00:00:00.000,72,46
2036-12-21T00:00:00.000,570.0,936.8010721767939,19.99454914552188,5.658267004381157,2.3327198756033996,10.596926412338515,26.110320418009444,11.948112422351716,2038-07-14T00:00:00.000,72,47
2036-12-21T00:00:00.000,580.0,891.7158602680115,19.122241788950134,6.619886893869314,2.8060375465000327,9.742275208211755,25.66785277561374,11.74586173615594,2038-07-24T00:00:00.000,72,48
2036-12-21T00:00:00.000,590.0,848.1180769638119,18.207140349547476,7.517979333806785,3.252701900850985,8.915713408879032,25.210965877830052,11.534094280932301,2038-08-03T00:00:00.000,72,49
2036-12-21T00:00:00.000,600.0,805.9610645269191,17.252720331739884,8.352351643394497,3.6727456094299873,8.116395794328149,24.740693090935096,11.312969955625618,2038-08-13T00:00:00.000,72,50
2036-12-31T00:00:00.000,100.0,1371.0715585576827,-3.5501732229175857,-22.547887013922395,-26.725981270205157,11.374016007571317,-33.894460753396075,9.636848481411713,2037-04-10T00:00:00.000,73,0
2036-12-31T00:00:00.000,110.0,675.1458411094386,3.48003602392831,-22.19853739310434,-14.771122089167848,3.3498537891612123,-25.463225507155926,-3.9431545078026913,2037-04-20T00:00:00.000,73,1
2036-12-31T00:00:00.000,120.0,509.3989758803594,4.7410646658305815,-19.545851552985486,-11.603409908543151,3.004278354252097,-21.744512829667933,-5.248756924352501,2037-04-30T00:00:00.000,73,2
2036-12-31T00:00:00.000,130.0,401.0329024254,5.417812044592129,-16.941797653804436,-9.65544705158985,2.9333899932409864,-19.096910250885863,-5.266511600914223,2037-05-10T00:00:00.000,73,3
2036-12-31T00:00:00.000,140.0,322.9313146083814,5.755495494631262,-14.599744582437088,-8.18725832910832,2.8944784962194916,-17.017266156896728,-4.996594979447664,2037-05-20T00:00:00.000,73,4
2036-12-31T00:00:00.000,150.0,264.9917535033562,5.837407229811742,-12.542417916791765,-7.002152584035734,2.8559494575206514,-15.331574051622969,-4.666705829495251,2037-05-30T00:00:00.000,73,5
2036-12-31T00:00:00.000,160.0,221.41161389888973,5.716500869410503,-10.760408582828802,-6.021002760117106,2.8143768169601984,-13.949253323251313,-4.348474301960277,2037-06-09T00:00:00.000,73,6
2036-12-31T00:00:00.000,170.0,188.41131781087185,5.434397151648181,-9.238735529397147,-5.203802469226744,2.7720490592933764,-12.813400395956762,-4.0674109844762,2037-06-19T00:00:00.000,73,7
2036-12-31T00:00:00.000,180.0,163.40438553065792,5.026701655326912,-7.9625868205142165,-4.527120841527042,2.732523839385504,-11.884822021559913,-3.8325845735863924,2037-06-29T00:00:00.000,73,8
2036-12-31T00:00:00.000,190.0,144.57986765620163,4.525150678084069,-6.91837605417474,-3.9756693454728262,2.699610431471747,-11.135246679291924,-3.646676920952653,2037-07-09T00:00:00.000,73,9
2036-12-31T00:00:00.000,200.0,130.6600302120527,3.958633239426428,-6.093658933913819,-3.5385528405548365,2.6772065789251016,-10.543866293430995,-3.5099114991780906,2037-07-19T00:00:00.000,73,10
2036-12-31T00:00:00.000,210.0,120.75032667795318,3.353745448798171,-5.476848447904612,-3.207409243606196,2.669390393950785,-10.09536203887707,-3.421746177996882,2037-07-29T00:00:00.000,73,11
2036-12-31T00:00:00.000,220.0,114.2442972223661,2.7351245971128084,-5.056985106411329,-2.975424967511975,2.6806094663539035,-9.778700993639134,-3.3816618678189805,2037-08-08T00:00:00.000,73,12
2036-12-31T00:00:00.000,230.0,110.76417525056722,2.1257008626522618,-4.823641476724358,-2.836814646965106,2.7159316047177207,-9.586383966981963,-3.3895623916154447,2037-08-18T00:00:00.000,73,13
2036-12-31T00:00:00.000,240.0,110.12680556558841,1.5469675948485728,-4.766962020927284,-2.786571049222948,2.781363136615635,-9.51398338744427,-3.4460041745909855,2037-08-28T00:00:00.000,73,14
2036-12-31T00:00:00.000,250.0,112.32952895330824,1.019343868879755,-4.877811257459488,-2.8203793760432445,2.88426077980429,-9.55988190305995,-3.552355093024607,2037-09-07T00:00:00.000,73,15
2036-12-31T00:00:00.000,260.0,117.55408662093102,0.5626972671888009,-5.147999086240098,-2.934636006839666,3.033879521160163,-9.725156313855567,-3.7109293099021947,2037-09-17T00:00:00.000,73,16
2036-12-31T00:00:00.000,270.0,126.18934326735905,0.19711610497889787,-5.570528748354569,-3.126524952268478,3.2421182833466595,-10.013563799922071,-3.925118129310073,2037-09-27T00:00:00.000,73,17
2036-12-31T00:00:00.000,280.0,138.87630707162688,-0.056012159867927735,-6.1397785219438425,-3.394093241142521,3.5245503082134206,-10.431582026635894,-4.199517664930882,2037-10-07T00:00:00.000,73,18
2036-12-31T00:00:00.000,290.0,156.58203065953163,-0.1725177551860373,-6.851556544135578,-3.7362922983318283,3.9018598963825646,-10.988430926763066,-4.540033675677975,2037-10-17T00:00:00.000,73,19
2036-12-31T00:00:00.000,300.0,180.7125150127406,-0.12339490475300607,-7.702846849601693,-4.152898679652082,4.401846975311749,-11.695941246254613,-4.9539092223050964,2037-10-27T00:00:00.000,73,20
2036-12-31T00:00:00.000,310.0,213.27829796574284,0.1279604761889388,-8.690940944804172,-4.644162940570614,5.062191421987897,-12.568009151158215,-5.449556124061696,2037-11-06T00:00:00.000,73,21
2036-12-31T00:00:00.000,320.0,257.1278522185263,0.6293412867126627,-9.81142695766329,-5.209929239761456,5.934145853615984,-13.61914241981891,-6.035952696569753,2037-11-16T00:00:00.000,73,22
2036-12-31T00:00:00.000,330.0,316.2564737991176,1.4440521377750315,-11.054102251474895,-5.847760335470679,7.08712347449735,-14.86119589800893,-6.721161442589278,2037-11-26T00:00:00.000,73,23
2036-12-31T00:00:00.000,340.0,396.16489974150085,2.655174594521064,-12.39530927917759,-6.549300210811177,8.6134743085527,-16.296777074137236,-7.509195501069231,2037-12-06T00:00:00.000,73,24
2036-12-31T00:00:00.000,350.0,504.14574928156924,4.367261923090545,-13.784690554832775,-7.293805687060342,10.631020349156024,-17.907158115712576,-8.394095772402705,2037-12-16T00:00:00.000,73,25
2036-12-31T00:00:00.000,360.0,649.1598264278545,6.699453492798217,-15.124917945443656,-8.037944376104463,13.277368580077653,-19.632795306210948,-9.350115426081253,2037-12-26T00:00:00.000,73,26
2036-12-31T00:00:00.000,370.0,840.6123575391575,9.758970066907352,-16.24736151031607,-8.702973374642287,16.684866764238716,-21.348368676700552,-10.318659478945436,2038-01-05T00:00:00.000,73,27
2036-12-31T00:00:00.000,380.0,1085.1239896490915,13.582979513870212,-16.898871076707135,-9.16641220585478,20.92362305282218,-22.845678561337692,-11.198256965462756,2038-01-15T00:00:00.000,73,28
2036-12-31T00:00:00.000,390.0,1381.2429725629304,18.05488525350336,-16.771690638668908,-9.274175977539297,25.917413036223383,-23.854640910420024,-11.852711972694014,2038-01-25T00:00:00.000,73,29
2036-12-31T00:00:00.000,400.0,1714.8810652509953,22.84814410641097,-15.60303488444894,-8.887829608338103,31.38410265547689,-24.129625910146025,-12.15237915792184,2038-02-04T00:00:00.000,73,30
2036-12-31T00:00:00.000,410.0,1987.6021077993369,26.41225670743238,-15.535879190340898,-7.553251802173344,24.009838280158114,34.29341956447302,15.332682352902575,2038-02-14T00:00:00.000,73,31
2036-12-31T00:00:00.000,420.0,1913.086460033942,26.762579511393053,-13.672032685966265,-6.7102982951794194,22.622598320749454,34.16282420870399,15.303788659582137,2038-02-24T00:00:00.000,73,32
2036-12-31T00:00:00.000,430.0,1840.336688316934,26.975328053727054,-11.847388659045102,-5.881038369574382,21.27573091070363,33.98615523084683,15.251924965624717,2038-03-06T00:00:00.000,73,33
2036-12-31T00:00:00.000,440.0,1769.37849492857,27.05932445670957,-10.067738653465293,-5.068380672510686,19.969376598322135,33.76697874900445,15.178723245623663,2038-03-16T00:00:00.000,73,34
2036-12-31T00:00:00.000,450.0,1700.2263868997559,27.02318265404773,-8.337877766799206,-4.274765855442969,18.703466198726467,33.50862868055584,15.085706579457359,2038-03-26T00:00:00.000,73,35
2036-12-31T00:00:00.000,460.0,1632.885081429124,26.875214674377375,-6.661716504689389,-3.5022140084763276,17.477751485272435,33.214212272415786,14.97429088708664,2038-04-05T00:00:00.000,73,36
2036-12-31T00:00:00.000,470.0,1567.3508343502879,26.623364579803972,-5.042405104251815,-2.7523801523805957,16.291833428546603,32.886617325165325,14.845787240659051,2038-04-15T00:00:00.000,73,37
2036-12-31T00:00:00.000,480.0,1503.6126612523415,26.275171927889204,-3.482445107627706,-2.0266043785248034,15.145187584382313,32.528520655527856,14.701404635241865,2038-04-25T00:00:00.000,73,38
2036-12-31T00:00:00.000,490.0,1441.6534378789834,25.837750589457166,-1.9837898242698984,-1.3259572003884736,14.037186598362123,32.142397365876185,14.542252984178953,2038-05-05T00:00:00.000,73,39
2036-12-31T00:00:00.000,500.0,1381.4508886335918,25.317780133867135,-0.547934893714098,-0.6512804071105966,12.967120108625206,31.73053065260386,14.369346165579229,2038-05-15T00:00:00.000,73,40
2036-12-31T00:00:00.000,510.0,1322.9784689357466,24.72150620973607,0.8239995485644229,-0.0032235741501933646,11.934212255771794,31.295021922450633,14.183604959363016,2038-05-25T00:00:00.000,73,41
2036-12-31T00:00:00.000,520.0,1266.2061546569062,24.054747004677075,2.131192947786918,0.6177219661988689,10.937637118859755,30.83780109398148,13.985859737645091,2038-06-04T00:00:00.000,73,42
2036-12-31T00:00:00.000,530.0,1211.1011586785708,23.322913009698958,3.3730493921319766,1.211188656819795,9.976532462500149,30.360637088569337,13.776852843789817,2038-06-14T00:00:00.000,73,43
2036-12-31T00:00:00.000,540.0,1157.628550420177,22.531041516532255,4.549146890493798,1.7769100514822922,9.050011450202728,29.86514815948349,13.557240448685583,2038-06-24T00:00:00.000,73,44
2036-12-31T00:00:00.000,550.0,1105.751776560317,21.683810790585355,5.659192211333096,2.3147031247147023,8.157172466951401,29.35281187970505,13.32759350593246,2038-07-04T00:00:00.000,73,45
2036-12-31T00:00:00.000,560.0,1055.4331421043726,20.785566165380796,6.702967255911712,2.824445617440972,7.297108026253181,28.82497527062154,13.08839780896121,2038-07-14T00:00:00.000,73,46
2036-12-31T00:00:00.000,570.0,1006.6342401437051,19.84035473984577,7.680286725585777,3.3060592076876993,6.468912575849007,28.282864990506457,12.840052887683598,2038-07-24T00:00:00.000,73,47
2036-12-31T00:00:00.000,580.0,959.3163269377591,18.85196039444721,8.590963218011494,3.7594971035352476,5.671689213895828,27.727597595690202,12.58286930593383,2038-08-03T00:00:00.000,73,48
2036-12-31T00:00:00.000,590.0,913.440651687129,17.82393858731044,9.434776675333739,4.184735776687011,4.904555511868843,27.160190079546908,12.317063844967587,2038-08-13T00:00:00.000,73,49
2036-12-31T00:00:00.000,600.0,868.9687498838078,16.759651722588355,10.21144711366213,4.581770205352706,4.1666486213458676,26.58157100218861,12.04275185352791,2038-08-23T00:00:00.000,73,50
